student_id,grade_level,predicted_grade,pred_lower_95,pred_upper_95,prediction_std,recommendation,intervention,end_of_quarter_grade,run_timestamp_utc,model_version,random_seed,threshold_parent_outreach,data_source
1,12,78,74.51478048897921,81.48521951102079,1.778173219908567,None,Monitor Progress,78,2026-07-04T191933Z,rf_n100_seed42,42,65,synthetic_ml_training_data
2,10,75,70.3283285903223,79.6716714096777,2.383505821264131,None,Monitor Progress,75,2026-07-04T191933Z,rf_n100_seed42,42,65,synthetic_ml_training_data
3,12,86,81.98419962647544,90.01580037352456,2.0488777415941635,None,Excellent Progress,86,2026-07-04T191933Z,rf_n100_seed42,42,65,synthetic_ml_training_data
4,12,86,80.86723187354036,91.13276812645964,2.618759248193694,None,Excellent Progress,87,2026-07-04T191933Z,rf_n100_seed42,42,65,synthetic_ml_training_data
5,10,78,71.74099846940425,84.25900153059575,3.1933681278549764,None,Monitor Progress,76,2026-07-04T191933Z,rf_n100_seed42,42,65,synthetic_ml_training_data
6,10,79,72.4449500261249,85.5550499738751,3.3444132519770937,None,Monitor Progress,80,2026-07-04T191933Z,rf_n100_seed42,42,65,synthetic_ml_training_data
7,12,80,76.5103742550239,83.4896257449761,1.7804212984571937,None,Excellent Progress,80,2026-07-04T191933Z,rf_n100_seed42,42,65,synthetic_ml_training_data
8,11,87,81.0173106916705,92.9826893083295,3.05239250424974,None,Excellent Progress,89,2026-07-04T191933Z,rf_n100_seed42,42,65,synthetic_ml_training_data
9,12,86,80.01368381723785,91.98631618276215,3.0542429503888524,None,Excellent Progress,84,2026-07-04T191933Z,rf_n100_seed42,42,65,synthetic_ml_training_data
10,12,76,71.2078501025114,80.7921498974886,2.4449744374941837,None,Monitor Progress,76,2026-07-04T191933Z,rf_n100_seed42,42,65,synthetic_ml_training_data
11,12,80,72.79799340183584,87.20200659816416,3.67449316232865,None,Excellent Progress,77,2026-07-04T191933Z,rf_n100_seed42,42,65,synthetic_ml_training_data
12,12,84,80.1855459106184,87.8144540893816,1.9461500456028564,None,Excellent Progress,84,2026-07-04T191933Z,rf_n100_seed42,42,65,synthetic_ml_training_data
13,10,84,78.52282567741358,89.47717432258642,2.794476695197153,None,Excellent Progress,82,2026-07-04T191933Z,rf_n100_seed42,42,65,synthetic_ml_training_data
14,12,90,86.62270899092186,93.37729100907814,1.7231076576929252,None,Excellent Progress,89,2026-07-04T191933Z,rf_n100_seed42,42,65,synthetic_ml_training_data
15,11,88,84.17423262599515,91.82576737400485,1.9519221295943137,None,Excellent Progress,89,2026-07-04T191933Z,rf_n100_seed42,42,65,synthetic_ml_training_data
16,10,83,77.68081132502334,88.31918867497666,2.7138717729472774,None,Excellent Progress,82,2026-07-04T191933Z,rf_n100_seed42,42,65,synthetic_ml_training_data
17,11,86,79.52514363402554,92.47485636597446,3.3034981459053365,None,Excellent Progress,84,2026-07-04T191933Z,rf_n100_seed42,42,65,synthetic_ml_training_data
18,11,79,72.05993918182268,85.94006081817732,3.540847356212916,None,Monitor Progress,77,2026-07-04T191933Z,rf_n100_seed42,42,65,synthetic_ml_training_data
19,11,87,80.34814577429722,93.65185422570278,3.393803176378972,None,Excellent Progress,89,2026-07-04T191933Z,rf_n100_seed42,42,65,synthetic_ml_training_data
20,11,91,87.42462475256093,94.57537524743907,1.824171044611771,None,Excellent Progress,91,2026-07-04T191933Z,rf_n100_seed42,42,65,synthetic_ml_training_data
21,10,94,88.96119869810289,99.03880130189711,2.5708169907638307,None,Excellent Progress,95,2026-07-04T191933Z,rf_n100_seed42,42,65,synthetic_ml_training_data
22,10,80,74.49540010536643,85.50459989463357,2.8084693339967237,None,Excellent Progress,81,2026-07-04T191933Z,rf_n100_seed42,42,65,synthetic_ml_training_data
23,11,79,69.65517712527412,88.34482287472588,4.767766772819325,None,Monitor Progress,76,2026-07-04T191933Z,rf_n100_seed42,42,65,synthetic_ml_training_data
24,11,78,68.00094517266757,87.99905482733243,5.101558585373689,None,Monitor Progress,70,2026-07-04T191933Z,rf_n100_seed42,42,65,synthetic_ml_training_data
25,10,89,84.9976147311884,93.0023852688116,2.042033300414075,None,Excellent Progress,89,2026-07-04T191933Z,rf_n100_seed42,42,65,synthetic_ml_training_data
26,10,73,66.05219394628779,79.94780605371221,3.5447990069960245,None,Student Counseling,67,2026-07-04T191933Z,rf_n100_seed42,42,65,synthetic_ml_training_data
27,10,79,73.6257386144699,84.3742613855301,2.741970094658219,None,Monitor Progress,80,2026-07-04T191933Z,rf_n100_seed42,42,65,synthetic_ml_training_data
28,12,79,74.40406120145187,83.59593879854813,2.3448667339531264,None,Monitor Progress,79,2026-07-04T191933Z,rf_n100_seed42,42,65,synthetic_ml_training_data
29,12,94,86.57721320257681,101.42278679742319,3.7871361211342807,None,Excellent Progress,96,2026-07-04T191933Z,rf_n100_seed42,42,65,synthetic_ml_training_data
30,12,89,81.440292450101,96.559707549899,3.8569936479076548,None,Excellent Progress,92,2026-07-04T191933Z,rf_n100_seed42,42,65,synthetic_ml_training_data
31,11,74,62.38642524629044,85.61357475370956,5.925293241688549,Parent Outreach,Student Counseling,71,2026-07-04T191933Z,rf_n100_seed42,42,65,synthetic_ml_training_data
32,12,78,73.30892107932515,82.69107892067485,2.3934076125892134,None,Monitor Progress,78,2026-07-04T191933Z,rf_n100_seed42,42,65,synthetic_ml_training_data
33,11,81,76.87323407981503,85.12676592018497,2.105492816420897,None,Excellent Progress,81,2026-07-04T191933Z,rf_n100_seed42,42,65,synthetic_ml_training_data
34,11,80,73.30439787323051,86.69560212676949,3.4161235340660623,None,Excellent Progress,82,2026-07-04T191933Z,rf_n100_seed42,42,65,synthetic_ml_training_data
35,12,91,83.76202491300225,98.23797508699775,3.692844432141706,None,Excellent Progress,93,2026-07-04T191933Z,rf_n100_seed42,42,65,synthetic_ml_training_data
36,11,84,79.22069362354745,88.77930637645255,2.4384216206390565,None,Excellent Progress,84,2026-07-04T191933Z,rf_n100_seed42,42,65,synthetic_ml_training_data
37,12,86,80.39919925724901,91.60080074275099,2.857551399362748,None,Excellent Progress,85,2026-07-04T191933Z,rf_n100_seed42,42,65,synthetic_ml_training_data
38,12,87,79.01810604931386,94.98189395068614,4.072394872799052,None,Excellent Progress,89,2026-07-04T191933Z,rf_n100_seed42,42,65,synthetic_ml_training_data
39,10,77,71.95936926168956,82.04063073831044,2.571750376688998,None,Monitor Progress,78,2026-07-04T191933Z,rf_n100_seed42,42,65,synthetic_ml_training_data
40,12,80,73.02515335222344,86.97484664777656,3.5585952284574316,None,Excellent Progress,79,2026-07-04T191933Z,rf_n100_seed42,42,65,synthetic_ml_training_data
41,10,88,82.98534852257906,93.01465147742094,2.5584956517453765,None,Excellent Progress,87,2026-07-04T191933Z,rf_n100_seed42,42,65,synthetic_ml_training_data
42,12,95,90.26267553992763,99.73732446007237,2.417002275547129,None,Excellent Progress,95,2026-07-04T191933Z,rf_n100_seed42,42,65,synthetic_ml_training_data
43,12,79,74.89938207583296,83.10061792416704,2.0921520021260402,None,Monitor Progress,80,2026-07-04T191933Z,rf_n100_seed42,42,65,synthetic_ml_training_data
44,10,73,66.17708825793562,79.82291174206438,3.4810774194206027,None,Student Counseling,71,2026-07-04T191933Z,rf_n100_seed42,42,65,synthetic_ml_training_data
45,10,92,85.68347615851883,98.31652384148117,3.222716245653657,None,Excellent Progress,89,2026-07-04T191933Z,rf_n100_seed42,42,65,synthetic_ml_training_data
46,12,86,81.51870956085192,90.48129043914808,2.286372673034735,None,Excellent Progress,87,2026-07-04T191933Z,rf_n100_seed42,42,65,synthetic_ml_training_data
47,11,82,77.07825305811036,86.92174694188964,2.5110953785151215,None,Excellent Progress,83,2026-07-04T191933Z,rf_n100_seed42,42,65,synthetic_ml_training_data
48,10,86,81.40272400654474,90.59727599345526,2.345548976252681,None,Excellent Progress,86,2026-07-04T191933Z,rf_n100_seed42,42,65,synthetic_ml_training_data
49,11,77,71.64306505546315,82.35693494453685,2.7331300737432893,None,Monitor Progress,77,2026-07-04T191933Z,rf_n100_seed42,42,65,synthetic_ml_training_data
50,11,72,65.43660409848682,78.56339590151318,3.348671378323051,None,Student Counseling,70,2026-07-04T191933Z,rf_n100_seed42,42,65,synthetic_ml_training_data
51,11,86,80.34394802004084,91.65605197995916,2.8857408061016154,None,Excellent Progress,85,2026-07-04T191933Z,rf_n100_seed42,42,65,synthetic_ml_training_data
52,10,86,81.80285323582794,90.19714676417206,2.1414014102918677,None,Excellent Progress,86,2026-07-04T191933Z,rf_n100_seed42,42,65,synthetic_ml_training_data
53,11,77,70.01359656475523,83.98640343524477,3.564491548594273,None,Monitor Progress,76,2026-07-04T191933Z,rf_n100_seed42,42,65,synthetic_ml_training_data
54,10,88,83.43782895542046,92.56217104457954,2.327638288050788,None,Excellent Progress,89,2026-07-04T191933Z,rf_n100_seed42,42,65,synthetic_ml_training_data
55,11,73,61.13003545750873,84.86996454249127,6.056104358413913,Parent Outreach,Student Counseling,66,2026-07-04T191933Z,rf_n100_seed42,42,65,synthetic_ml_training_data
56,12,89,80.09851375106382,97.90148624893618,4.541574616804176,None,Excellent Progress,92,2026-07-04T191933Z,rf_n100_seed42,42,65,synthetic_ml_training_data
57,12,85,79.63593439264582,90.36406560735418,2.736768167017441,None,Excellent Progress,87,2026-07-04T191933Z,rf_n100_seed42,42,65,synthetic_ml_training_data
58,10,80,75.9891771417825,84.0108228582175,2.0463381929681126,None,Excellent Progress,80,2026-07-04T191933Z,rf_n100_seed42,42,65,synthetic_ml_training_data
59,12,78,73.70679459610886,82.29320540389114,2.190410920352617,None,Monitor Progress,79,2026-07-04T191933Z,rf_n100_seed42,42,65,synthetic_ml_training_data
60,12,88,78.21365110779305,97.78634889220695,4.993035149085174,None,Excellent Progress,87,2026-07-04T191933Z,rf_n100_seed42,42,65,synthetic_ml_training_data
61,11,81,73.28220289460782,88.71779710539218,3.9376515843837674,None,Excellent Progress,83,2026-07-04T191933Z,rf_n100_seed42,42,65,synthetic_ml_training_data
62,10,85,77.277401017792,92.722598982208,3.940101521534692,None,Excellent Progress,88,2026-07-04T191933Z,rf_n100_seed42,42,65,synthetic_ml_training_data
63,11,87,81.79672601528614,92.20327398471386,2.654731624854008,None,Excellent Progress,88,2026-07-04T191933Z,rf_n100_seed42,42,65,synthetic_ml_training_data
64,11,77,67.47746551384559,86.52253448615441,4.858435962323678,None,Monitor Progress,80,2026-07-04T191933Z,rf_n100_seed42,42,65,synthetic_ml_training_data
65,11,74,61.50964721715195,86.49035278284805,6.372628970840841,Parent Outreach,Student Counseling,69,2026-07-04T191933Z,rf_n100_seed42,42,65,synthetic_ml_training_data
66,11,80,72.94239407164157,87.05760592835843,3.6008193512032785,None,Excellent Progress,79,2026-07-04T191933Z,rf_n100_seed42,42,65,synthetic_ml_training_data
67,11,93,86.894859556079,99.105140443921,3.1148675734290854,None,Excellent Progress,93,2026-07-04T191933Z,rf_n100_seed42,42,65,synthetic_ml_training_data
68,11,78,68.35291663558358,87.64708336441642,4.921981308375724,None,Monitor Progress,72,2026-07-04T191933Z,rf_n100_seed42,42,65,synthetic_ml_training_data
69,11,82,77.01916988444697,86.98083011555303,2.5412398548739943,None,Excellent Progress,81,2026-07-04T191933Z,rf_n100_seed42,42,65,synthetic_ml_training_data
70,10,88,82.81492011247657,93.18507988752343,2.645448922205832,None,Excellent Progress,87,2026-07-04T191933Z,rf_n100_seed42,42,65,synthetic_ml_training_data
71,12,80,73.25053858148667,86.74946141851333,3.4436027645476184,None,Excellent Progress,75,2026-07-04T191933Z,rf_n100_seed42,42,65,synthetic_ml_training_data
72,11,84,77.32321461779698,90.67678538220302,3.4065231541852166,None,Excellent Progress,82,2026-07-04T191933Z,rf_n100_seed42,42,65,synthetic_ml_training_data
73,11,87,81.2691865708261,92.7308134291739,2.9238844026397484,None,Excellent Progress,85,2026-07-04T191933Z,rf_n100_seed42,42,65,synthetic_ml_training_data
74,11,88,83.77057613379789,92.22942386620211,2.1578693194908722,None,Excellent Progress,88,2026-07-04T191933Z,rf_n100_seed42,42,65,synthetic_ml_training_data
75,11,83,78.56281799336561,87.43718200663439,2.263868370731832,None,Excellent Progress,83,2026-07-04T191933Z,rf_n100_seed42,42,65,synthetic_ml_training_data
76,11,92,86.07301703731147,97.92698296268853,3.0239708993308776,None,Excellent Progress,92,2026-07-04T191933Z,rf_n100_seed42,42,65,synthetic_ml_training_data
77,11,92,84.85282297966533,99.14717702033467,3.646518887925853,None,Excellent Progress,91,2026-07-04T191933Z,rf_n100_seed42,42,65,synthetic_ml_training_data
78,12,84,79.80193804714604,88.19806195285396,2.1418683432928365,None,Excellent Progress,85,2026-07-04T191933Z,rf_n100_seed42,42,65,synthetic_ml_training_data
79,12,78,69.82785762238566,86.17214237761434,4.169460396742005,None,Monitor Progress,84,2026-07-04T191933Z,rf_n100_seed42,42,65,synthetic_ml_training_data
80,11,76,66.42404093576002,85.57595906423998,4.8856934001224435,None,Monitor Progress,73,2026-07-04T191933Z,rf_n100_seed42,42,65,synthetic_ml_training_data
81,12,81,74.99382312614755,87.00617687385245,3.0643759560471686,None,Excellent Progress,80,2026-07-04T191933Z,rf_n100_seed42,42,65,synthetic_ml_training_data
82,10,84,76.72686808589312,91.27313191410688,3.7107815888300406,None,Excellent Progress,86,2026-07-04T191933Z,rf_n100_seed42,42,65,synthetic_ml_training_data
83,11,88,81.5300996731016,94.4699003268984,3.3009695545399986,None,Excellent Progress,87,2026-07-04T191933Z,rf_n100_seed42,42,65,synthetic_ml_training_data
84,10,73,64.41582650687907,81.58417349312093,4.379680353633128,Parent Outreach,Student Counseling,70,2026-07-04T191933Z,rf_n100_seed42,42,65,synthetic_ml_training_data
85,10,85,81.25383543340659,88.74616456659341,1.9113084523435775,None,Excellent Progress,85,2026-07-04T191933Z,rf_n100_seed42,42,65,synthetic_ml_training_data
86,11,87,82.70478174710527,91.29521825289473,2.191437884129961,None,Excellent Progress,86,2026-07-04T191933Z,rf_n100_seed42,42,65,synthetic_ml_training_data
87,12,84,71.88569362117666,96.11430637882334,6.1807685606241565,None,Excellent Progress,81,2026-07-04T191933Z,rf_n100_seed42,42,65,synthetic_ml_training_data
88,10,69,58.026467777420066,79.97353222257993,5.598740929887719,Parent Outreach,Refer to Counseling,65,2026-07-04T191933Z,rf_n100_seed42,42,65,synthetic_ml_training_data
89,11,82,75.09114595898856,88.90885404101144,3.524925531128282,None,Excellent Progress,78,2026-07-04T191933Z,rf_n100_seed42,42,65,synthetic_ml_training_data
90,10,92,86.58745370089086,97.41254629910914,2.7615032138311912,None,Excellent Progress,93,2026-07-04T191933Z,rf_n100_seed42,42,65,synthetic_ml_training_data
91,10,85,79.20784349658955,90.79215650341045,2.9551818894951287,None,Excellent Progress,83,2026-07-04T191933Z,rf_n100_seed42,42,65,synthetic_ml_training_data
92,10,83,76.81297817686085,89.18702182313915,3.156643787315889,None,Excellent Progress,85,2026-07-04T191933Z,rf_n100_seed42,42,65,synthetic_ml_training_data
93,10,78,72.68948498166138,83.31051501833862,2.709446437927866,None,Monitor Progress,79,2026-07-04T191933Z,rf_n100_seed42,42,65,synthetic_ml_training_data
94,12,84,74.55574859292702,93.44425140707298,4.818495615853562,None,Excellent Progress,81,2026-07-04T191933Z,rf_n100_seed42,42,65,synthetic_ml_training_data
95,10,83,77.77407246892956,88.22592753107044,2.6662895566685925,None,Excellent Progress,84,2026-07-04T191933Z,rf_n100_seed42,42,65,synthetic_ml_training_data
96,10,80,73.90430546697097,86.09569453302903,3.11004823113726,None,Excellent Progress,80,2026-07-04T191933Z,rf_n100_seed42,42,65,synthetic_ml_training_data
97,10,81,72.87783945984813,89.12216054015187,4.143959459261154,None,Excellent Progress,78,2026-07-04T191933Z,rf_n100_seed42,42,65,synthetic_ml_training_data
98,12,84,80.11168404575966,87.88831595424034,1.983834670530788,None,Excellent Progress,84,2026-07-04T191933Z,rf_n100_seed42,42,65,synthetic_ml_training_data
99,10,74,68.22268596664506,79.77731403335494,2.9476092006912995,None,Student Counseling,75,2026-07-04T191933Z,rf_n100_seed42,42,65,synthetic_ml_training_data
100,10,78,72.8927048254482,83.1072951745518,2.6057628441590768,None,Monitor Progress,79,2026-07-04T191933Z,rf_n100_seed42,42,65,synthetic_ml_training_data
101,12,84,78.7976489776256,89.2023510223744,2.654260725701226,None,Excellent Progress,84,2026-07-04T191933Z,rf_n100_seed42,42,65,synthetic_ml_training_data
102,12,94,86.71364892418708,101.28635107581292,3.717526059088221,None,Excellent Progress,97,2026-07-04T191933Z,rf_n100_seed42,42,65,synthetic_ml_training_data
103,12,87,81.512,92.488,2.8,None,Excellent Progress,85,2026-07-04T191933Z,rf_n100_seed42,42,65,synthetic_ml_training_data
104,10,68,61.85172024058762,74.14827975941239,3.1368774282716245,Parent Outreach,Refer to Counseling,67,2026-07-04T191933Z,rf_n100_seed42,42,65,synthetic_ml_training_data
105,12,91,82.72619946094903,99.27380053905097,4.221326805638245,None,Excellent Progress,94,2026-07-04T191933Z,rf_n100_seed42,42,65,synthetic_ml_training_data
106,12,83,79.11252392418938,86.88747607581062,1.9834061611278715,None,Excellent Progress,83,2026-07-04T191933Z,rf_n100_seed42,42,65,synthetic_ml_training_data
107,10,94,84.88494629747032,103.11505370252968,4.650537603331468,None,Excellent Progress,97,2026-07-04T191933Z,rf_n100_seed42,42,65,synthetic_ml_training_data
108,12,87,76.9023090243363,97.0976909756637,5.151883150848824,None,Excellent Progress,90,2026-07-04T191933Z,rf_n100_seed42,42,65,synthetic_ml_training_data
109,10,81,77.13870050889601,84.86129949110399,1.9700507607673463,None,Excellent Progress,81,2026-07-04T191933Z,rf_n100_seed42,42,65,synthetic_ml_training_data
110,11,86,82.62470016739253,89.37529983260747,1.722091751330341,None,Excellent Progress,86,2026-07-04T191933Z,rf_n100_seed42,42,65,synthetic_ml_training_data
111,12,87,80.81201583712433,93.18798416287567,3.157134776977378,None,Excellent Progress,88,2026-07-04T191933Z,rf_n100_seed42,42,65,synthetic_ml_training_data
112,11,89,83.16923882842043,94.83076117157957,2.9748781487650886,None,Excellent Progress,87,2026-07-04T191933Z,rf_n100_seed42,42,65,synthetic_ml_training_data
113,10,87,83.19684234352557,90.80315765647443,1.9403865594257244,None,Excellent Progress,87,2026-07-04T191933Z,rf_n100_seed42,42,65,synthetic_ml_training_data
114,12,89,82.52594465269256,95.47405534730744,3.3030894629119567,None,Excellent Progress,91,2026-07-04T191933Z,rf_n100_seed42,42,65,synthetic_ml_training_data
115,10,89,85.32381112563569,92.67618887436431,1.8756065685532237,None,Excellent Progress,89,2026-07-04T191933Z,rf_n100_seed42,42,65,synthetic_ml_training_data
116,11,93,89.14547175389777,96.85452824610223,1.9665960439297132,None,Excellent Progress,94,2026-07-04T191933Z,rf_n100_seed42,42,65,synthetic_ml_training_data
117,10,96,90.60932295161359,101.39067704838641,2.7503454328502084,None,Excellent Progress,97,2026-07-04T191933Z,rf_n100_seed42,42,65,synthetic_ml_training_data
118,12,79,74.34294761034407,83.65705238965593,2.3760471375795555,None,Monitor Progress,78,2026-07-04T191933Z,rf_n100_seed42,42,65,synthetic_ml_training_data
119,12,86,82.38280420214775,89.61719579785225,1.8455080601287004,None,Excellent Progress,86,2026-07-04T191933Z,rf_n100_seed42,42,65,synthetic_ml_training_data
120,11,90,86.06654808088366,93.93345191911634,2.006863224038948,None,Excellent Progress,89,2026-07-04T191933Z,rf_n100_seed42,42,65,synthetic_ml_training_data
121,10,82,74.56748979146346,89.43251020853654,3.7920970451717086,None,Excellent Progress,83,2026-07-04T191933Z,rf_n100_seed42,42,65,synthetic_ml_training_data
122,12,83,78.44457037810922,87.55542962189078,2.32419878667897,None,Excellent Progress,82,2026-07-04T191933Z,rf_n100_seed42,42,65,synthetic_ml_training_data
123,11,80,73.62966831632764,86.37033168367236,3.250169226363452,None,Excellent Progress,78,2026-07-04T191933Z,rf_n100_seed42,42,65,synthetic_ml_training_data
124,12,87,82.29616333616909,91.70383666383091,2.399916665219857,None,Excellent Progress,88,2026-07-04T191933Z,rf_n100_seed42,42,65,synthetic_ml_training_data
125,12,73,66.03355779755549,79.96644220244451,3.554307246145161,None,Student Counseling,71,2026-07-04T191933Z,rf_n100_seed42,42,65,synthetic_ml_training_data
126,10,83,77.21633922156563,88.78366077843437,2.9508473359359004,None,Excellent Progress,82,2026-07-04T191933Z,rf_n100_seed42,42,65,synthetic_ml_training_data
127,12,90,86.07138546558714,93.92861453441286,2.0043951706188077,None,Excellent Progress,91,2026-07-04T191933Z,rf_n100_seed42,42,65,synthetic_ml_training_data
128,10,87,83.09280993039755,90.90719006960245,1.9934643212257397,None,Excellent Progress,88,2026-07-04T191933Z,rf_n100_seed42,42,65,synthetic_ml_training_data
129,12,81,74.50071565785893,87.49928434214107,3.315961399051562,None,Excellent Progress,82,2026-07-04T191933Z,rf_n100_seed42,42,65,synthetic_ml_training_data
130,11,95,89.43498045286452,100.56501954713548,2.8392956873140216,None,Excellent Progress,96,2026-07-04T191933Z,rf_n100_seed42,42,65,synthetic_ml_training_data
131,12,81,75.12706023868796,86.87293976131204,2.996397837404105,None,Excellent Progress,82,2026-07-04T191933Z,rf_n100_seed42,42,65,synthetic_ml_training_data
132,10,82,77.29861405966284,86.70138594033716,2.398666296090392,None,Excellent Progress,81,2026-07-04T191933Z,rf_n100_seed42,42,65,synthetic_ml_training_data
133,10,84,77.86848842127816,90.13151157872184,3.128322234041755,None,Excellent Progress,83,2026-07-04T191933Z,rf_n100_seed42,42,65,synthetic_ml_training_data
134,11,90,84.53040586514868,95.46959413485132,2.790609252475165,None,Excellent Progress,92,2026-07-04T191933Z,rf_n100_seed42,42,65,synthetic_ml_training_data
135,12,78,73.94303672188175,82.05696327811825,2.069879223529721,None,Monitor Progress,77,2026-07-04T191933Z,rf_n100_seed42,42,65,synthetic_ml_training_data
136,12,79,74.59963630594015,83.40036369405985,2.2450835173774712,None,Monitor Progress,80,2026-07-04T191933Z,rf_n100_seed42,42,65,synthetic_ml_training_data
137,11,78,70.34497666626679,85.65502333373321,3.905624149863886,None,Monitor Progress,80,2026-07-04T191933Z,rf_n100_seed42,42,65,synthetic_ml_training_data
138,12,79,71.78584197567034,86.21415802432966,3.6806928695559487,None,Monitor Progress,79,2026-07-04T191933Z,rf_n100_seed42,42,65,synthetic_ml_training_data
139,12,81,71.15354052666645,90.84645947333355,5.023703812925279,None,Excellent Progress,82,2026-07-04T191933Z,rf_n100_seed42,42,65,synthetic_ml_training_data
140,10,78,69.71935373536581,86.28064626463419,4.224819522772541,None,Monitor Progress,83,2026-07-04T191933Z,rf_n100_seed42,42,65,synthetic_ml_training_data
141,12,89,81.63345009926628,96.36654990073372,3.75844382690496,None,Excellent Progress,91,2026-07-04T191933Z,rf_n100_seed42,42,65,synthetic_ml_training_data
142,12,93,88.1587206484236,97.8412793515764,2.4700404854981626,None,Excellent Progress,92,2026-07-04T191933Z,rf_n100_seed42,42,65,synthetic_ml_training_data
143,11,83,78.94208991721108,87.05791008278892,2.0703622871372054,None,Excellent Progress,83,2026-07-04T191933Z,rf_n100_seed42,42,65,synthetic_ml_training_data
144,11,92,87.3823797644241,96.6176202355759,2.3559286916203552,None,Excellent Progress,92,2026-07-04T191933Z,rf_n100_seed42,42,65,synthetic_ml_training_data
145,10,82,76.2938747858113,87.7061252141887,2.9112883745860696,None,Excellent Progress,83,2026-07-04T191933Z,rf_n100_seed42,42,65,synthetic_ml_training_data
146,12,83,78.792431885281,87.207568114719,2.146718425877041,None,Excellent Progress,82,2026-07-04T191933Z,rf_n100_seed42,42,65,synthetic_ml_training_data
147,12,84,80.09472766634643,87.90527233365357,1.9924858845171276,None,Excellent Progress,84,2026-07-04T191933Z,rf_n100_seed42,42,65,synthetic_ml_training_data
148,12,85,78.7608240159457,91.2391759840543,3.1832530530889303,None,Excellent Progress,83,2026-07-04T191933Z,rf_n100_seed42,42,65,synthetic_ml_training_data
149,10,78,71.51328827833393,84.48671172166607,3.309546796768403,None,Monitor Progress,79,2026-07-04T191933Z,rf_n100_seed42,42,65,synthetic_ml_training_data
150,10,96,87.69655998998006,104.30344001001994,4.236448984704053,None,Excellent Progress,98,2026-07-04T191933Z,rf_n100_seed42,42,65,synthetic_ml_training_data
151,11,85,80.2649061001919,89.7350938998081,2.415864234595976,None,Excellent Progress,86,2026-07-04T191933Z,rf_n100_seed42,42,65,synthetic_ml_training_data
152,10,90,86.60863357332181,93.39136642667819,1.7302889932031582,None,Excellent Progress,90,2026-07-04T191933Z,rf_n100_seed42,42,65,synthetic_ml_training_data
153,12,80,74.90479159994412,85.09520840005588,2.59959612247749,None,Excellent Progress,81,2026-07-04T191933Z,rf_n100_seed42,42,65,synthetic_ml_training_data
154,12,79,75.35318837338697,82.64681162661303,1.8606181768433845,None,Monitor Progress,79,2026-07-04T191933Z,rf_n100_seed42,42,65,synthetic_ml_training_data
155,10,86,79.91847025823272,92.08152974176728,3.102821296820041,None,Excellent Progress,87,2026-07-04T191933Z,rf_n100_seed42,42,65,synthetic_ml_training_data
156,12,82,76.93382651698543,87.06617348301457,2.5847823892931494,None,Excellent Progress,82,2026-07-04T191933Z,rf_n100_seed42,42,65,synthetic_ml_training_data
157,12,90,85.34707393568306,94.65292606431694,2.373941869549463,None,Excellent Progress,91,2026-07-04T191933Z,rf_n100_seed42,42,65,synthetic_ml_training_data
158,10,71,66.96335156844196,75.03664843155804,2.05951450589696,None,Student Counseling,70,2026-07-04T191933Z,rf_n100_seed42,42,65,synthetic_ml_training_data
159,10,85,77.08754530123552,92.91245469876448,4.036966683043099,None,Excellent Progress,91,2026-07-04T191933Z,rf_n100_seed42,42,65,synthetic_ml_training_data
160,12,83,79.49324284273918,86.50675715726082,1.7891618149289907,None,Excellent Progress,83,2026-07-04T191933Z,rf_n100_seed42,42,65,synthetic_ml_training_data
161,12,80,74.63031537611378,85.36968462388622,2.7396350121868425,None,Excellent Progress,79,2026-07-04T191933Z,rf_n100_seed42,42,65,synthetic_ml_training_data
162,12,90,84.54302771126699,95.45697228873301,2.7841695350678624,None,Excellent Progress,90,2026-07-04T191933Z,rf_n100_seed42,42,65,synthetic_ml_training_data
163,11,84,79.52192541375203,88.47807458624797,2.284731931759172,None,Excellent Progress,84,2026-07-04T191933Z,rf_n100_seed42,42,65,synthetic_ml_training_data
164,11,82,77.44997070778659,86.55002929221341,2.32144351643541,None,Excellent Progress,82,2026-07-04T191933Z,rf_n100_seed42,42,65,synthetic_ml_training_data
165,11,87,81.16314764277868,92.83685235722132,2.977985896541486,None,Excellent Progress,88,2026-07-04T191933Z,rf_n100_seed42,42,65,synthetic_ml_training_data
166,10,79,73.71163087521305,84.28836912478695,2.698147512646408,None,Monitor Progress,79,2026-07-04T191933Z,rf_n100_seed42,42,65,synthetic_ml_training_data
167,11,77,72.02256466038985,81.97743533961015,2.5395078263317084,None,Monitor Progress,76,2026-07-04T191933Z,rf_n100_seed42,42,65,synthetic_ml_training_data
168,10,71,65.08810583315297,76.91189416684703,3.01627253410563,None,Student Counseling,70,2026-07-04T191933Z,rf_n100_seed42,42,65,synthetic_ml_training_data
169,10,87,81.25295378824913,92.74704621175087,2.932166434566769,None,Excellent Progress,88,2026-07-04T191933Z,rf_n100_seed42,42,65,synthetic_ml_training_data
170,11,78,71.70565293616566,84.29434706383434,3.211401563180786,None,Monitor Progress,77,2026-07-04T191933Z,rf_n100_seed42,42,65,synthetic_ml_training_data
171,11,93,86.25660298069289,99.74339701930711,3.4405086833199534,None,Excellent Progress,95,2026-07-04T191933Z,rf_n100_seed42,42,65,synthetic_ml_training_data
172,11,85,80.32799967465755,89.67200032534245,2.3836736353788033,None,Excellent Progress,86,2026-07-04T191933Z,rf_n100_seed42,42,65,synthetic_ml_training_data
173,12,93,87.48003310154853,98.51996689845147,2.816309642067079,None,Excellent Progress,94,2026-07-04T191933Z,rf_n100_seed42,42,65,synthetic_ml_training_data
174,11,85,75.67435377895987,94.32564622104013,4.7579827658367995,None,Excellent Progress,88,2026-07-04T191933Z,rf_n100_seed42,42,65,synthetic_ml_training_data
175,12,76,67.92644142896083,84.07355857103917,4.119162536244473,None,Monitor Progress,74,2026-07-04T191933Z,rf_n100_seed42,42,65,synthetic_ml_training_data
176,10,91,87.19820623389433,94.80179376610567,1.939690696992693,None,Excellent Progress,91,2026-07-04T191933Z,rf_n100_seed42,42,65,synthetic_ml_training_data
177,12,84,79.95669529221455,88.04330470778545,2.0629105651966593,None,Excellent Progress,84,2026-07-04T191933Z,rf_n100_seed42,42,65,synthetic_ml_training_data
178,11,85,79.87922101238493,90.12077898761507,2.6126423406199324,None,Excellent Progress,85,2026-07-04T191933Z,rf_n100_seed42,42,65,synthetic_ml_training_data
179,10,88,83.33392370400998,92.66607629599002,2.380651171423483,None,Excellent Progress,89,2026-07-04T191933Z,rf_n100_seed42,42,65,synthetic_ml_training_data
180,10,79,73.55095324299745,84.44904675700255,2.780125896429872,None,Monitor Progress,81,2026-07-04T191933Z,rf_n100_seed42,42,65,synthetic_ml_training_data
181,10,91,87.3384178283152,94.6615821716848,1.86815416922694,None,Excellent Progress,91,2026-07-04T191933Z,rf_n100_seed42,42,65,synthetic_ml_training_data
182,12,89,83.66206675200972,94.33793324799028,2.7234353306072827,None,Excellent Progress,91,2026-07-04T191933Z,rf_n100_seed42,42,65,synthetic_ml_training_data
183,11,79,73.7673138829087,84.2326861170913,2.669737814842499,None,Monitor Progress,78,2026-07-04T191933Z,rf_n100_seed42,42,65,synthetic_ml_training_data
184,10,87,81.33292174043802,92.66707825956198,2.891366458960192,None,Excellent Progress,88,2026-07-04T191933Z,rf_n100_seed42,42,65,synthetic_ml_training_data
185,10,84,73.8668947780061,94.1331052219939,5.169951643874437,None,Excellent Progress,86,2026-07-04T191933Z,rf_n100_seed42,42,65,synthetic_ml_training_data
186,10,77,71.30010567115495,82.69989432884505,2.9081093514515577,None,Monitor Progress,76,2026-07-04T191933Z,rf_n100_seed42,42,65,synthetic_ml_training_data
187,12,88,83.18067126665964,92.81932873334036,2.458841190479776,None,Excellent Progress,89,2026-07-04T191933Z,rf_n100_seed42,42,65,synthetic_ml_training_data
188,12,95,89.52984400953684,100.47015599046316,2.790895913501613,None,Excellent Progress,96,2026-07-04T191933Z,rf_n100_seed42,42,65,synthetic_ml_training_data
189,11,91,82.43984725369927,99.56015274630073,4.367424870561599,None,Excellent Progress,94,2026-07-04T191933Z,rf_n100_seed42,42,65,synthetic_ml_training_data
190,12,69,58.60876465476794,79.39123534523206,5.301650686342887,Parent Outreach,Refer to Counseling,65,2026-07-04T191933Z,rf_n100_seed42,42,65,synthetic_ml_training_data
191,10,88,80.69616578501402,95.30383421498598,3.7264460280540765,None,Excellent Progress,89,2026-07-04T191933Z,rf_n100_seed42,42,65,synthetic_ml_training_data
192,11,85,80.8324758237054,89.1675241762946,2.126287845048266,None,Excellent Progress,84,2026-07-04T191933Z,rf_n100_seed42,42,65,synthetic_ml_training_data
193,10,87,82.79357331693515,91.20642668306485,2.1461360627881914,None,Excellent Progress,88,2026-07-04T191933Z,rf_n100_seed42,42,65,synthetic_ml_training_data
194,10,92,88.67729413880795,95.32270586119205,1.6952580924449228,None,Excellent Progress,92,2026-07-04T191933Z,rf_n100_seed42,42,65,synthetic_ml_training_data
195,12,90,84.8338103015859,95.1661896984141,2.6358110706194404,None,Excellent Progress,89,2026-07-04T191933Z,rf_n100_seed42,42,65,synthetic_ml_training_data
196,11,88,81.2585116895451,94.7414883104549,3.439534852272906,None,Excellent Progress,87,2026-07-04T191933Z,rf_n100_seed42,42,65,synthetic_ml_training_data
197,12,81,75.09535564491814,86.90464435508186,3.0125736505519662,None,Excellent Progress,79,2026-07-04T191933Z,rf_n100_seed42,42,65,synthetic_ml_training_data
198,12,89,83.69817282816575,94.30182717183425,2.705013863180742,None,Excellent Progress,90,2026-07-04T191933Z,rf_n100_seed42,42,65,synthetic_ml_training_data
199,11,84,76.88298657019673,91.11701342980327,3.631129300920032,None,Excellent Progress,80,2026-07-04T191933Z,rf_n100_seed42,42,65,synthetic_ml_training_data
200,10,91,83.52432772253893,98.47567227746107,3.8141185089087104,None,Excellent Progress,91,2026-07-04T191933Z,rf_n100_seed42,42,65,synthetic_ml_training_data
201,10,77,72.89072549468888,81.10927450531112,2.096568625158738,None,Monitor Progress,77,2026-07-04T191933Z,rf_n100_seed42,42,65,synthetic_ml_training_data
202,11,92,87.09565073021915,96.90434926978085,2.502219015194313,None,Excellent Progress,91,2026-07-04T191933Z,rf_n100_seed42,42,65,synthetic_ml_training_data
203,10,83,79.81954139156001,86.18045860843999,1.6226829634897884,None,Excellent Progress,83,2026-07-04T191933Z,rf_n100_seed42,42,65,synthetic_ml_training_data
204,11,82,75.76797048787476,88.23202951212524,3.179606893941451,None,Excellent Progress,81,2026-07-04T191933Z,rf_n100_seed42,42,65,synthetic_ml_training_data
205,11,80,75.95750296969806,84.04249703030194,2.062498484847928,None,Excellent Progress,80,2026-07-04T191933Z,rf_n100_seed42,42,65,synthetic_ml_training_data
206,12,78,71.00678152493431,84.99321847506569,3.567968609727389,None,Monitor Progress,77,2026-07-04T191933Z,rf_n100_seed42,42,65,synthetic_ml_training_data
207,11,87,82.83063264271425,91.16936735728575,2.1272282435131404,None,Excellent Progress,88,2026-07-04T191933Z,rf_n100_seed42,42,65,synthetic_ml_training_data
208,12,76,72.57498762629973,79.42501237370027,1.7474552927042226,None,Monitor Progress,75,2026-07-04T191933Z,rf_n100_seed42,42,65,synthetic_ml_training_data
209,10,85,77.54429293493904,92.45570706506096,3.8039321760515135,None,Excellent Progress,83,2026-07-04T191933Z,rf_n100_seed42,42,65,synthetic_ml_training_data
210,10,89,81.82921202656222,96.17078797343778,3.658565292570299,None,Excellent Progress,92,2026-07-04T191933Z,rf_n100_seed42,42,65,synthetic_ml_training_data
211,10,82,75.78645994621424,88.21354005378576,3.170173496829472,None,Excellent Progress,82,2026-07-04T191933Z,rf_n100_seed42,42,65,synthetic_ml_training_data
212,10,85,81.05771931998748,88.94228068001252,2.0113676938839404,None,Excellent Progress,85,2026-07-04T191933Z,rf_n100_seed42,42,65,synthetic_ml_training_data
213,12,90,85.84873110483072,94.15126889516928,2.1179943342700422,None,Excellent Progress,89,2026-07-04T191933Z,rf_n100_seed42,42,65,synthetic_ml_training_data
214,10,80,72.58169128709245,87.41830871290755,3.784851384136502,None,Excellent Progress,82,2026-07-04T191933Z,rf_n100_seed42,42,65,synthetic_ml_training_data
215,11,80,73.97610014691479,86.02389985308521,3.0734182923904125,None,Excellent Progress,82,2026-07-04T191933Z,rf_n100_seed42,42,65,synthetic_ml_training_data
216,11,94,87.32436545038601,100.67563454961399,3.4059359947010157,None,Excellent Progress,100,2026-07-04T191933Z,rf_n100_seed42,42,65,synthetic_ml_training_data
217,11,92,86.66206675200972,97.33793324799028,2.723435330607283,None,Excellent Progress,93,2026-07-04T191933Z,rf_n100_seed42,42,65,synthetic_ml_training_data
218,12,93,85.70113789690475,100.29886210309525,3.723909236273087,None,Excellent Progress,95,2026-07-04T191933Z,rf_n100_seed42,42,65,synthetic_ml_training_data
219,10,87,80.76254827673993,93.23745172326007,3.182373328193913,None,Excellent Progress,81,2026-07-04T191933Z,rf_n100_seed42,42,65,synthetic_ml_training_data
220,10,94,89.82119910022026,98.17880089977974,2.1320412753978286,None,Excellent Progress,95,2026-07-04T191933Z,rf_n100_seed42,42,65,synthetic_ml_training_data
221,10,81,76.77935036279959,85.22064963720041,2.1533926720410284,None,Excellent Progress,82,2026-07-04T191933Z,rf_n100_seed42,42,65,synthetic_ml_training_data
222,12,87,73.67091916147254,100.32908083852746,6.8005514482282985,None,Excellent Progress,88,2026-07-04T191933Z,rf_n100_seed42,42,65,synthetic_ml_training_data
223,11,93,87.78095021675401,98.21904978324599,2.6627805016561163,None,Excellent Progress,94,2026-07-04T191933Z,rf_n100_seed42,42,65,synthetic_ml_training_data
224,11,85,80.58503745882255,89.41496254117745,2.252531908764002,None,Excellent Progress,84,2026-07-04T191933Z,rf_n100_seed42,42,65,synthetic_ml_training_data
225,10,79,73.512,84.488,2.8000000000000003,None,Monitor Progress,79,2026-07-04T191933Z,rf_n100_seed42,42,65,synthetic_ml_training_data
226,11,75,70.04154862885598,79.95845137114402,2.5298221281347035,None,Monitor Progress,74,2026-07-04T191933Z,rf_n100_seed42,42,65,synthetic_ml_training_data
227,11,94,90.25973656542752,97.74026343457248,1.90829767070025,None,Excellent Progress,94,2026-07-04T191933Z,rf_n100_seed42,42,65,synthetic_ml_training_data
228,12,79,73.98075417617348,84.01924582382652,2.5608397060339407,None,Monitor Progress,78,2026-07-04T191933Z,rf_n100_seed42,42,65,synthetic_ml_training_data
229,12,79,73.06553557597655,84.93446442402345,3.027787971440537,None,Monitor Progress,77,2026-07-04T191933Z,rf_n100_seed42,42,65,synthetic_ml_training_data
230,12,83,80.00331447095294,85.99668552904706,1.5289211882893115,None,Excellent Progress,82,2026-07-04T191933Z,rf_n100_seed42,42,65,synthetic_ml_training_data
231,12,91,87.02646555318819,94.97353444681181,2.0273134932713295,None,Excellent Progress,91,2026-07-04T191933Z,rf_n100_seed42,42,65,synthetic_ml_training_data
232,10,98,92.1620946770267,103.8379053229733,2.97852312396597,None,Excellent Progress,100,2026-07-04T191933Z,rf_n100_seed42,42,65,synthetic_ml_training_data
233,12,79,73.89304331719957,84.10695668280043,2.6055901442859355,None,Monitor Progress,77,2026-07-04T191933Z,rf_n100_seed42,42,65,synthetic_ml_training_data
234,11,80,74.40578779093964,85.59421220906036,2.8541899025818163,None,Excellent Progress,79,2026-07-04T191933Z,rf_n100_seed42,42,65,synthetic_ml_training_data
235,10,85,80.70513951798199,89.29486048201801,2.191255347968374,None,Excellent Progress,85,2026-07-04T191933Z,rf_n100_seed42,42,65,synthetic_ml_training_data
236,11,90,83.775618893416,96.224381106584,3.175704646216332,None,Excellent Progress,91,2026-07-04T191933Z,rf_n100_seed42,42,65,synthetic_ml_training_data
237,11,72,63.178279723319264,80.82172027668074,4.500877692184048,Parent Outreach,Student Counseling,70,2026-07-04T191933Z,rf_n100_seed42,42,65,synthetic_ml_training_data
238,11,80,70.02708548116449,89.97291451883551,5.088221693283421,None,Excellent Progress,77,2026-07-04T191933Z,rf_n100_seed42,42,65,synthetic_ml_training_data
239,12,91,85.70368250196422,96.29631749803578,2.7022028051202964,None,Excellent Progress,93,2026-07-04T191933Z,rf_n100_seed42,42,65,synthetic_ml_training_data
240,12,76,71.85127674579275,80.14872325420725,2.116695537860842,None,Monitor Progress,75,2026-07-04T191933Z,rf_n100_seed42,42,65,synthetic_ml_training_data
241,10,78,72.75920775454703,83.24079224545297,2.673873594618863,None,Monitor Progress,78,2026-07-04T191933Z,rf_n100_seed42,42,65,synthetic_ml_training_data
242,10,85,78.87312652652268,91.12687347347732,3.125955853814957,None,Excellent Progress,85,2026-07-04T191933Z,rf_n100_seed42,42,65,synthetic_ml_training_data
243,12,79,73.60932295161359,84.39067704838641,2.750345432850208,None,Monitor Progress,77,2026-07-04T191933Z,rf_n100_seed42,42,65,synthetic_ml_training_data
244,11,92,88.8755976955584,95.1244023044416,1.594082808388573,None,Excellent Progress,92,2026-07-04T191933Z,rf_n100_seed42,42,65,synthetic_ml_training_data
245,10,78,69.89092783605918,86.10907216394082,4.137281716296342,None,Monitor Progress,78,2026-07-04T191933Z,rf_n100_seed42,42,65,synthetic_ml_training_data
246,12,79,71.74535183485787,86.25464816514213,3.701351104664349,None,Monitor Progress,77,2026-07-04T191933Z,rf_n100_seed42,42,65,synthetic_ml_training_data
247,12,78,71.26321454698163,84.73678545301837,3.437135435213457,None,Monitor Progress,76,2026-07-04T191933Z,rf_n100_seed42,42,65,synthetic_ml_training_data
248,12,86,77.94595002747064,94.05404997252936,4.109209169657831,None,Excellent Progress,94,2026-07-04T191933Z,rf_n100_seed42,42,65,synthetic_ml_training_data
249,11,85,80.53175880686818,89.46824119313182,2.2797148944550067,None,Excellent Progress,84,2026-07-04T191933Z,rf_n100_seed42,42,65,synthetic_ml_training_data
250,12,84,79.60072771472372,88.39927228527628,2.2445266761613683,None,Excellent Progress,85,2026-07-04T191933Z,rf_n100_seed42,42,65,synthetic_ml_training_data
251,12,76,69.71273669709944,82.28726330290056,3.2077873994390593,None,Monitor Progress,74,2026-07-04T191933Z,rf_n100_seed42,42,65,synthetic_ml_training_data
252,12,93,88.919667876263,97.080332123737,2.081802103947443,None,Excellent Progress,94,2026-07-04T191933Z,rf_n100_seed42,42,65,synthetic_ml_training_data
253,12,93,85.70005900297818,100.29994099702182,3.7244596923580744,None,Excellent Progress,95,2026-07-04T191933Z,rf_n100_seed42,42,65,synthetic_ml_training_data
254,10,84,81.3208871916248,86.6791128083752,1.3668942899873422,None,Excellent Progress,83,2026-07-04T191933Z,rf_n100_seed42,42,65,synthetic_ml_training_data
255,10,92,83.2518105553206,100.7481894446794,4.46336196157112,None,Excellent Progress,91,2026-07-04T191933Z,rf_n100_seed42,42,65,synthetic_ml_training_data
256,12,75,70.37294683842946,79.62705316157054,2.3607414089645644,None,Monitor Progress,75,2026-07-04T191933Z,rf_n100_seed42,42,65,synthetic_ml_training_data
257,11,84,73.66912651127699,94.33087348872301,5.270853820777048,None,Excellent Progress,85,2026-07-04T191933Z,rf_n100_seed42,42,65,synthetic_ml_training_data
258,10,85,80.85535302347715,89.14464697652285,2.114615804348393,None,Excellent Progress,85,2026-07-04T191933Z,rf_n100_seed42,42,65,synthetic_ml_training_data
259,12,85,78.01634644616445,91.98365355383555,3.5630885478752834,None,Excellent Progress,84,2026-07-04T191933Z,rf_n100_seed42,42,65,synthetic_ml_training_data
260,10,84,67.2530185931912,100.7469814068088,8.544378268780005,None,Excellent Progress,81,2026-07-04T191933Z,rf_n100_seed42,42,65,synthetic_ml_training_data
261,10,78,69.42578963635718,86.57421036364282,4.374597124307563,None,Monitor Progress,82,2026-07-04T191933Z,rf_n100_seed42,42,65,synthetic_ml_training_data
262,11,87,79.28347228346843,94.71652771653157,3.9370039370059056,None,Excellent Progress,89,2026-07-04T191933Z,rf_n100_seed42,42,65,synthetic_ml_training_data
263,12,85,79.40733310128343,90.59266689871657,2.8534014789370254,None,Excellent Progress,86,2026-07-04T191933Z,rf_n100_seed42,42,65,synthetic_ml_training_data
264,12,85,78.7097739818032,91.2902260181968,3.20929898887592,None,Excellent Progress,87,2026-07-04T191933Z,rf_n100_seed42,42,65,synthetic_ml_training_data
265,11,85,79.24293580372773,90.75706419627227,2.937277651159318,None,Excellent Progress,85,2026-07-04T191933Z,rf_n100_seed42,42,65,synthetic_ml_training_data
266,11,78,71.4055392942258,84.5944607057742,3.3645207682521443,None,Monitor Progress,76,2026-07-04T191933Z,rf_n100_seed42,42,65,synthetic_ml_training_data
267,12,81,76.62274467731206,85.37725532268794,2.2332935319836484,None,Excellent Progress,80,2026-07-04T191933Z,rf_n100_seed42,42,65,synthetic_ml_training_data
268,12,77,70.6888,83.3112,3.22,None,Monitor Progress,76,2026-07-04T191933Z,rf_n100_seed42,42,65,synthetic_ml_training_data
269,11,74,67.03871570469931,80.96128429530069,3.551675660867698,None,Student Counseling,72,2026-07-04T191933Z,rf_n100_seed42,42,65,synthetic_ml_training_data
270,10,84,78.41228096626182,89.58771903373818,2.8508770580296865,None,Excellent Progress,84,2026-07-04T191933Z,rf_n100_seed42,42,65,synthetic_ml_training_data
271,10,82,77.30372384116947,86.69627615883053,2.3960592647094523,None,Excellent Progress,82,2026-07-04T191933Z,rf_n100_seed42,42,65,synthetic_ml_training_data
272,11,87,80.8090366371622,93.1909633628378,3.158654776958065,None,Excellent Progress,89,2026-07-04T191933Z,rf_n100_seed42,42,65,synthetic_ml_training_data
273,10,78,66.99603562346734,89.00396437653266,5.61426753904728,None,Monitor Progress,74,2026-07-04T191933Z,rf_n100_seed42,42,65,synthetic_ml_training_data
274,11,75,69.16344382362338,80.83655617637662,2.9778347838656196,None,Monitor Progress,74,2026-07-04T191933Z,rf_n100_seed42,42,65,synthetic_ml_training_data
275,10,77,69.79052957284657,84.20947042715343,3.6783012383435914,None,Monitor Progress,79,2026-07-04T191933Z,rf_n100_seed42,42,65,synthetic_ml_training_data
276,10,82,73.62066187816723,90.37933812183277,4.2751725111391705,None,Excellent Progress,79,2026-07-04T191933Z,rf_n100_seed42,42,65,synthetic_ml_training_data
277,12,78,70.50572271663238,85.49427728336762,3.8236108588610325,None,Monitor Progress,79,2026-07-04T191933Z,rf_n100_seed42,42,65,synthetic_ml_training_data
278,12,82,74.5835557953963,89.4164442046037,3.7839001043896494,None,Excellent Progress,85,2026-07-04T191933Z,rf_n100_seed42,42,65,synthetic_ml_training_data
279,10,79,70.0645493812567,87.9354506187433,4.5589033769098455,None,Monitor Progress,76,2026-07-04T191933Z,rf_n100_seed42,42,65,synthetic_ml_training_data
280,10,73,64.52889904675904,81.47110095324096,4.321990282265799,Parent Outreach,Student Counseling,70,2026-07-04T191933Z,rf_n100_seed42,42,65,synthetic_ml_training_data
281,12,82,74.40037959895365,89.59962040104635,3.8773573474726315,None,Excellent Progress,83,2026-07-04T191933Z,rf_n100_seed42,42,65,synthetic_ml_training_data
282,12,87,77.31363320124619,96.68636679875381,4.942023876915206,None,Excellent Progress,84,2026-07-04T191933Z,rf_n100_seed42,42,65,synthetic_ml_training_data
283,12,81,76.6757673513096,85.3242326486904,2.2062411472910206,None,Excellent Progress,81,2026-07-04T191933Z,rf_n100_seed42,42,65,synthetic_ml_training_data
284,11,80,76.71262947631394,83.28737052368606,1.6772298590235035,None,Excellent Progress,80,2026-07-04T191933Z,rf_n100_seed42,42,65,synthetic_ml_training_data
285,10,87,79.34658272403757,94.65341727596243,3.9048047326338873,None,Excellent Progress,89,2026-07-04T191933Z,rf_n100_seed42,42,65,synthetic_ml_training_data
286,12,79,73.12879390925511,84.87120609074489,2.99551331160454,None,Monitor Progress,81,2026-07-04T191933Z,rf_n100_seed42,42,65,synthetic_ml_training_data
287,10,84,79.00511391120878,88.99488608879122,2.5484112697914365,None,Excellent Progress,84,2026-07-04T191933Z,rf_n100_seed42,42,65,synthetic_ml_training_data
288,11,80,74.11529788009622,85.88470211990378,3.0023990407672327,None,Excellent Progress,78,2026-07-04T191933Z,rf_n100_seed42,42,65,synthetic_ml_training_data
289,11,75,66.9967893342734,83.0032106657266,4.083270747819694,None,Monitor Progress,73,2026-07-04T191933Z,rf_n100_seed42,42,65,synthetic_ml_training_data
290,12,76,68.4058156567015,83.5941843432985,3.8745838486216813,None,Monitor Progress,80,2026-07-04T191933Z,rf_n100_seed42,42,65,synthetic_ml_training_data
291,11,92,79.56463793209059,104.43536206790941,6.344572483627246,None,Excellent Progress,96,2026-07-04T191933Z,rf_n100_seed42,42,65,synthetic_ml_training_data
292,10,84,79.65803592829236,88.34196407170764,2.215287791687572,None,Excellent Progress,83,2026-07-04T191933Z,rf_n100_seed42,42,65,synthetic_ml_training_data
293,12,94,89.44520289804255,98.55479710195745,2.3238760724272716,None,Excellent Progress,87,2026-07-04T191933Z,rf_n100_seed42,42,65,synthetic_ml_training_data
294,10,87,79.95874262365024,94.04125737634976,3.592478253239677,None,Excellent Progress,89,2026-07-04T191933Z,rf_n100_seed42,42,65,synthetic_ml_training_data
295,10,80,71.95924482153573,88.04075517846427,4.102426111461363,None,Excellent Progress,82,2026-07-04T191933Z,rf_n100_seed42,42,65,synthetic_ml_training_data
296,11,72,64.98191352575361,79.01808647424639,3.580656364411419,Parent Outreach,Student Counseling,70,2026-07-04T191933Z,rf_n100_seed42,42,65,synthetic_ml_training_data
297,11,79,71.19705808300485,86.80294191699515,3.9810928147934455,None,Monitor Progress,78,2026-07-04T191933Z,rf_n100_seed42,42,65,synthetic_ml_training_data
298,11,71,64.76575174058652,77.23424825941348,3.18073890786402,Parent Outreach,Student Counseling,72,2026-07-04T191933Z,rf_n100_seed42,42,65,synthetic_ml_training_data
299,11,85,77.5862238933186,92.4137761066814,3.782538829939489,None,Excellent Progress,86,2026-07-04T191933Z,rf_n100_seed42,42,65,synthetic_ml_training_data
300,11,80,74.53430532868876,85.46569467131124,2.7886197302608333,None,Excellent Progress,81,2026-07-04T191933Z,rf_n100_seed42,42,65,synthetic_ml_training_data
301,12,89,81.82886381108266,96.17113618891734,3.6587429535292584,None,Excellent Progress,90,2026-07-04T191933Z,rf_n100_seed42,42,65,synthetic_ml_training_data
302,10,82,79.27489505523182,84.72510494476818,1.3903596656980524,None,Excellent Progress,83,2026-07-04T191933Z,rf_n100_seed42,42,65,synthetic_ml_training_data
303,10,80,72.31730001627032,87.68269998372968,3.9197448896579985,None,Excellent Progress,78,2026-07-04T191933Z,rf_n100_seed42,42,65,synthetic_ml_training_data
304,10,75,69.1048621525871,80.8951378474129,3.0077233915371937,None,Monitor Progress,73,2026-07-04T191933Z,rf_n100_seed42,42,65,synthetic_ml_training_data
305,10,98,91.0964860078363,104.9035139921637,3.522201016410051,None,Excellent Progress,100,2026-07-04T191933Z,rf_n100_seed42,42,65,synthetic_ml_training_data
306,11,82,75.30218930097304,88.69781069902696,3.417250356646408,None,Excellent Progress,83,2026-07-04T191933Z,rf_n100_seed42,42,65,synthetic_ml_training_data
307,10,91,86.97961046663386,95.02038953336614,2.051219149676601,None,Excellent Progress,91,2026-07-04T191933Z,rf_n100_seed42,42,65,synthetic_ml_training_data
308,12,82,72.81004510130762,91.18995489869238,4.688752499332845,None,Excellent Progress,79,2026-07-04T191933Z,rf_n100_seed42,42,65,synthetic_ml_training_data
309,12,81,73.58562802120099,88.41437197879901,3.7828428463260275,None,Excellent Progress,79,2026-07-04T191933Z,rf_n100_seed42,42,65,synthetic_ml_training_data
310,10,84,78.59455594423548,89.40544405576452,2.7578796202880214,None,Excellent Progress,79,2026-07-04T191933Z,rf_n100_seed42,42,65,synthetic_ml_training_data
311,10,80,73.13913205490734,86.86086794509266,3.500442829128909,None,Excellent Progress,80,2026-07-04T191933Z,rf_n100_seed42,42,65,synthetic_ml_training_data
312,12,70,61.438343982616445,78.56165601738356,4.368191845603854,Parent Outreach,Student Counseling,68,2026-07-04T191933Z,rf_n100_seed42,42,65,synthetic_ml_training_data
313,12,78,70.34184080604223,85.65815919395777,3.9072240785498855,None,Monitor Progress,78,2026-07-04T191933Z,rf_n100_seed42,42,65,synthetic_ml_training_data
314,11,87,81.37445854694857,92.62554145305143,2.870174210740526,None,Excellent Progress,88,2026-07-04T191933Z,rf_n100_seed42,42,65,synthetic_ml_training_data
315,12,86,76.8512918944804,95.1487081055196,4.667708217101836,None,Excellent Progress,91,2026-07-04T191933Z,rf_n100_seed42,42,65,synthetic_ml_training_data
316,11,75,71.255630445589,78.744369554411,1.9103926298015286,None,Monitor Progress,75,2026-07-04T191933Z,rf_n100_seed42,42,65,synthetic_ml_training_data
317,11,82,76.19327051086414,87.80672948913586,2.962617086293806,None,Excellent Progress,82,2026-07-04T191933Z,rf_n100_seed42,42,65,synthetic_ml_training_data
318,11,96,91.00376815589989,100.99623184410011,2.5490978796429142,None,Excellent Progress,98,2026-07-04T191933Z,rf_n100_seed42,42,65,synthetic_ml_training_data
319,11,93,84.4365493777333,101.5634506222667,4.369107460340155,None,Excellent Progress,97,2026-07-04T191933Z,rf_n100_seed42,42,65,synthetic_ml_training_data
320,11,86,77.21220278795647,94.78779721204353,4.4835700061446575,None,Excellent Progress,85,2026-07-04T191933Z,rf_n100_seed42,42,65,synthetic_ml_training_data
321,10,89,84.68893555603724,93.31106444396276,2.199522675491208,None,Excellent Progress,90,2026-07-04T191933Z,rf_n100_seed42,42,65,synthetic_ml_training_data
322,12,79,70.70248404400449,87.29751595599551,4.233426508160972,None,Monitor Progress,78,2026-07-04T191933Z,rf_n100_seed42,42,65,synthetic_ml_training_data
323,11,78,72.05053630652309,83.94946369347691,3.035440659937203,None,Monitor Progress,79,2026-07-04T191933Z,rf_n100_seed42,42,65,synthetic_ml_training_data
324,12,79,74.55619975246411,83.44380024753589,2.2672450242530027,None,Monitor Progress,80,2026-07-04T191933Z,rf_n100_seed42,42,65,synthetic_ml_training_data
325,12,87,81.41585715082431,92.58414284917569,2.84905247406923,None,Excellent Progress,87,2026-07-04T191933Z,rf_n100_seed42,42,65,synthetic_ml_training_data
326,11,85,77.93173344022738,92.06826655977262,3.606258448863586,None,Excellent Progress,87,2026-07-04T191933Z,rf_n100_seed42,42,65,synthetic_ml_training_data
327,10,76,66.91838700670415,85.08161299329585,4.633476016987678,None,Monitor Progress,73,2026-07-04T191933Z,rf_n100_seed42,42,65,synthetic_ml_training_data
328,11,83,74.56473290049449,91.43526709950551,4.303707703829339,None,Excellent Progress,82,2026-07-04T191933Z,rf_n100_seed42,42,65,synthetic_ml_training_data
329,10,90,81.94034749136168,98.05965250863832,4.112067606448123,None,Excellent Progress,91,2026-07-04T191933Z,rf_n100_seed42,42,65,synthetic_ml_training_data
330,12,89,85.1192,92.8808,1.98,None,Excellent Progress,89,2026-07-04T191933Z,rf_n100_seed42,42,65,synthetic_ml_training_data
331,10,94,88.4666870683107,99.5333129316893,2.8231188426986207,None,Excellent Progress,96,2026-07-04T191933Z,rf_n100_seed42,42,65,synthetic_ml_training_data
332,10,82,77.18685293804563,86.81314706195437,2.4556872765073323,None,Excellent Progress,82,2026-07-04T191933Z,rf_n100_seed42,42,65,synthetic_ml_training_data
333,10,79,66.51624623760947,91.48375376239053,6.369262123668644,None,Monitor Progress,77,2026-07-04T191933Z,rf_n100_seed42,42,65,synthetic_ml_training_data
334,12,73,66.78509991713463,79.21490008286537,3.170867389217026,None,Student Counseling,74,2026-07-04T191933Z,rf_n100_seed42,42,65,synthetic_ml_training_data
335,12,87,81.31684489038,92.68315510962,2.8995689334795958,None,Excellent Progress,85,2026-07-04T191933Z,rf_n100_seed42,42,65,synthetic_ml_training_data
336,10,78,72.0332564995636,83.9667435004364,3.0442568879777543,None,Monitor Progress,77,2026-07-04T191933Z,rf_n100_seed42,42,65,synthetic_ml_training_data
337,10,85,80.32039994871357,89.67960005128643,2.3875510465747114,None,Excellent Progress,86,2026-07-04T191933Z,rf_n100_seed42,42,65,synthetic_ml_training_data
338,11,80,74.46255771677934,85.53744228322066,2.8252256547044166,None,Excellent Progress,80,2026-07-04T191933Z,rf_n100_seed42,42,65,synthetic_ml_training_data
339,10,84,78.97780835092885,89.02219164907115,2.562342678097526,None,Excellent Progress,85,2026-07-04T191933Z,rf_n100_seed42,42,65,synthetic_ml_training_data
340,11,78,70.65630083404828,85.34369916595172,3.746785288750878,None,Monitor Progress,75,2026-07-04T191933Z,rf_n100_seed42,42,65,synthetic_ml_training_data
341,10,81,77.52626285392806,84.47373714607194,1.7723148704448652,None,Excellent Progress,81,2026-07-04T191933Z,rf_n100_seed42,42,65,synthetic_ml_training_data
342,11,80,76.01198996992234,83.98801003007766,2.0346989949375804,None,Excellent Progress,79,2026-07-04T191933Z,rf_n100_seed42,42,65,synthetic_ml_training_data
343,12,82,76.60907353416873,87.39092646583127,2.7504726866486053,None,Excellent Progress,84,2026-07-04T191933Z,rf_n100_seed42,42,65,synthetic_ml_training_data
344,10,90,83.03113186808648,96.96886813191352,3.5555449652620057,None,Excellent Progress,88,2026-07-04T191933Z,rf_n100_seed42,42,65,synthetic_ml_training_data
345,10,74,66.08735109839948,81.91264890160052,4.037065766122717,None,Student Counseling,72,2026-07-04T191933Z,rf_n100_seed42,42,65,synthetic_ml_training_data
346,10,85,81.4166825649965,88.5833174350035,1.8282231811242302,None,Excellent Progress,85,2026-07-04T191933Z,rf_n100_seed42,42,65,synthetic_ml_training_data
347,10,93,85.6851287475445,100.3148712524555,3.7320771696201573,None,Excellent Progress,93,2026-07-04T191933Z,rf_n100_seed42,42,65,synthetic_ml_training_data
348,11,81,74.64660626121756,87.35339373878244,3.2415274177461466,None,Excellent Progress,82,2026-07-04T191933Z,rf_n100_seed42,42,65,synthetic_ml_training_data
349,10,82,77.09314479528894,86.90685520471106,2.503497553424009,None,Excellent Progress,81,2026-07-04T191933Z,rf_n100_seed42,42,65,synthetic_ml_training_data
350,12,81,74.04061985518825,87.95938014481175,3.5507041555161982,None,Excellent Progress,79,2026-07-04T191933Z,rf_n100_seed42,42,65,synthetic_ml_training_data
351,12,85,76.92225525533271,93.07774474466729,4.121298339115963,None,Excellent Progress,82,2026-07-04T191933Z,rf_n100_seed42,42,65,synthetic_ml_training_data
352,10,88,79.79333231085845,96.20666768914155,4.187075351602834,None,Excellent Progress,90,2026-07-04T191933Z,rf_n100_seed42,42,65,synthetic_ml_training_data
353,12,80,76.0653274596226,83.9346725403774,2.007485989988473,None,Excellent Progress,79,2026-07-04T191933Z,rf_n100_seed42,42,65,synthetic_ml_training_data
354,10,83,76.66171031271054,89.33828968728946,3.2338212690252375,None,Excellent Progress,82,2026-07-04T191933Z,rf_n100_seed42,42,65,synthetic_ml_training_data
355,10,87,77.83149373998141,96.16850626001859,4.677809316336014,None,Excellent Progress,90,2026-07-04T191933Z,rf_n100_seed42,42,65,synthetic_ml_training_data
356,12,84,73.04810647239484,94.95189352760516,5.587700779390393,None,Excellent Progress,84,2026-07-04T191933Z,rf_n100_seed42,42,65,synthetic_ml_training_data
357,10,84,79.02221736111349,88.97778263888651,2.539685019840059,None,Excellent Progress,83,2026-07-04T191933Z,rf_n100_seed42,42,65,synthetic_ml_training_data
358,12,76,70.30843537856241,81.69156462143759,2.9038595007334633,None,Monitor Progress,77,2026-07-04T191933Z,rf_n100_seed42,42,65,synthetic_ml_training_data
359,11,83,78.08594735070939,87.91405264929061,2.5071697190258186,None,Excellent Progress,84,2026-07-04T191933Z,rf_n100_seed42,42,65,synthetic_ml_training_data
360,10,83,79.13551814598645,86.86448185401355,1.9716744153130352,None,Excellent Progress,83,2026-07-04T191933Z,rf_n100_seed42,42,65,synthetic_ml_training_data
361,11,83,79.10265446232953,86.89734553767047,1.9884416008522854,None,Excellent Progress,82,2026-07-04T191933Z,rf_n100_seed42,42,65,synthetic_ml_training_data
362,12,93,84.5971071647914,101.4028928352086,4.287190222045203,None,Excellent Progress,95,2026-07-04T191933Z,rf_n100_seed42,42,65,synthetic_ml_training_data
363,11,77,74.04702728763031,79.95297271236969,1.506618730800862,None,Monitor Progress,77,2026-07-04T191933Z,rf_n100_seed42,42,65,synthetic_ml_training_data
364,11,87,82.8952620741392,91.1047379258608,2.0942540438065294,None,Excellent Progress,88,2026-07-04T191933Z,rf_n100_seed42,42,65,synthetic_ml_training_data
365,12,67,58.67013835409015,75.32986164590986,4.249929411178496,Parent Outreach,Refer to Counseling,64,2026-07-04T191933Z,rf_n100_seed42,42,65,synthetic_ml_training_data
366,11,86,71.0779882375063,100.9220117624937,7.61327130739474,None,Excellent Progress,90,2026-07-04T191933Z,rf_n100_seed42,42,65,synthetic_ml_training_data
367,11,86,81.20044062022356,90.79955937977644,2.4487547856002245,None,Excellent Progress,86,2026-07-04T191933Z,rf_n100_seed42,42,65,synthetic_ml_training_data
368,12,81,76.06192790656111,85.93807209343889,2.5194245374688244,None,Excellent Progress,81,2026-07-04T191933Z,rf_n100_seed42,42,65,synthetic_ml_training_data
369,11,83,77.9272715980451,88.0727284019549,2.58812673569128,None,Excellent Progress,84,2026-07-04T191933Z,rf_n100_seed42,42,65,synthetic_ml_training_data
370,12,75,70.49204260889702,79.50795739110298,2.2999782607668275,None,Monitor Progress,75,2026-07-04T191933Z,rf_n100_seed42,42,65,synthetic_ml_training_data
371,11,81,73.56997115483392,88.43002884516608,3.790831043452082,None,Excellent Progress,76,2026-07-04T191933Z,rf_n100_seed42,42,65,synthetic_ml_training_data
372,12,84,76.54491126813369,91.45508873186631,3.80361669993179,None,Excellent Progress,79,2026-07-04T191933Z,rf_n100_seed42,42,65,synthetic_ml_training_data
373,12,81,76.52346984372942,85.47653015627058,2.2839439572809135,None,Excellent Progress,82,2026-07-04T191933Z,rf_n100_seed42,42,65,synthetic_ml_training_data
374,11,79,71.64020652463671,86.35979347536329,3.7549966711037177,None,Monitor Progress,80,2026-07-04T191933Z,rf_n100_seed42,42,65,synthetic_ml_training_data
375,11,76,72.06147278287936,79.93852721712064,2.009452661796241,None,Monitor Progress,75,2026-07-04T191933Z,rf_n100_seed42,42,65,synthetic_ml_training_data
376,11,83,79.52405176102981,86.47594823897019,1.7734429790664261,None,Excellent Progress,82,2026-07-04T191933Z,rf_n100_seed42,42,65,synthetic_ml_training_data
377,10,78,68.58701965156625,87.41298034843375,4.802540994098853,None,Monitor Progress,79,2026-07-04T191933Z,rf_n100_seed42,42,65,synthetic_ml_training_data
378,10,85,79.33414205614012,90.66585794385988,2.8907438489080977,None,Excellent Progress,85,2026-07-04T191933Z,rf_n100_seed42,42,65,synthetic_ml_training_data
379,10,77,71.36081737837831,82.63918262162169,2.8771339906233075,None,Monitor Progress,76,2026-07-04T191933Z,rf_n100_seed42,42,65,synthetic_ml_training_data
380,12,87,80.56486897103098,93.43513102896902,3.2832301168209335,None,Excellent Progress,86,2026-07-04T191933Z,rf_n100_seed42,42,65,synthetic_ml_training_data
381,11,82,76.4736688626178,87.5263311373822,2.8195567027460187,None,Excellent Progress,80,2026-07-04T191933Z,rf_n100_seed42,42,65,synthetic_ml_training_data
382,12,84,78.27455181142996,89.72544818857004,2.9211470349847164,None,Excellent Progress,83,2026-07-04T191933Z,rf_n100_seed42,42,65,synthetic_ml_training_data
383,10,89,79.99945890515465,98.00054109484535,4.592112803492527,None,Excellent Progress,89,2026-07-04T191933Z,rf_n100_seed42,42,65,synthetic_ml_training_data
384,11,70,63.62077959622024,76.37922040377975,3.2547042876427343,Parent Outreach,Student Counseling,69,2026-07-04T191933Z,rf_n100_seed42,42,65,synthetic_ml_training_data
385,12,89,83.68803838869293,94.31196161130707,2.710184495564831,None,Excellent Progress,89,2026-07-04T191933Z,rf_n100_seed42,42,65,synthetic_ml_training_data
386,11,79,62.89195967722951,95.10804032277049,8.218387919780861,Parent Outreach,Monitor Progress,72,2026-07-04T191933Z,rf_n100_seed42,42,65,synthetic_ml_training_data
387,12,90,84.5350082305643,95.4649917694357,2.788261106854952,None,Excellent Progress,90,2026-07-04T191933Z,rf_n100_seed42,42,65,synthetic_ml_training_data
388,11,92,87.88255358747682,96.11744641252318,2.100737965573051,None,Excellent Progress,92,2026-07-04T191933Z,rf_n100_seed42,42,65,synthetic_ml_training_data
389,10,77,71.22867358053627,82.77132641946373,2.9445542956447586,None,Monitor Progress,78,2026-07-04T191933Z,rf_n100_seed42,42,65,synthetic_ml_training_data
390,10,92,84.81957537745852,99.18042462254148,3.6634819502762666,None,Excellent Progress,89,2026-07-04T191933Z,rf_n100_seed42,42,65,synthetic_ml_training_data
391,11,86,80.84810728372572,91.15189271627428,2.6285166919766736,None,Excellent Progress,87,2026-07-04T191933Z,rf_n100_seed42,42,65,synthetic_ml_training_data
392,12,87,82.87355990713544,91.12644009286456,2.105326577992117,None,Excellent Progress,88,2026-07-04T191933Z,rf_n100_seed42,42,65,synthetic_ml_training_data
393,10,85,79.86031341033328,90.13968658966672,2.6222890763605755,None,Excellent Progress,84,2026-07-04T191933Z,rf_n100_seed42,42,65,synthetic_ml_training_data
394,10,78,71.21095495375086,84.78904504624914,3.4637984929842554,None,Monitor Progress,79,2026-07-04T191933Z,rf_n100_seed42,42,65,synthetic_ml_training_data
395,10,82,76.9869958547793,87.0130041452207,2.5576551761330144,None,Excellent Progress,81,2026-07-04T191933Z,rf_n100_seed42,42,65,synthetic_ml_training_data
396,11,89,83.93864391294191,94.06135608705809,2.582324534213312,None,Excellent Progress,89,2026-07-04T191933Z,rf_n100_seed42,42,65,synthetic_ml_training_data
397,11,70,64.73861373400507,75.26138626599493,2.684380747956593,Parent Outreach,Student Counseling,69,2026-07-04T191933Z,rf_n100_seed42,42,65,synthetic_ml_training_data
398,12,88,82.91082688052371,93.08917311947629,2.596516897691983,None,Excellent Progress,88,2026-07-04T191933Z,rf_n100_seed42,42,65,synthetic_ml_training_data
399,12,82,75.19340790115935,88.80659209884065,3.472751070837068,None,Excellent Progress,84,2026-07-04T191933Z,rf_n100_seed42,42,65,synthetic_ml_training_data
400,12,80,75.09154010304658,84.90845989695342,2.5043162739558276,None,Excellent Progress,81,2026-07-04T191933Z,rf_n100_seed42,42,65,synthetic_ml_training_data
401,11,85,80.70245696240282,89.29754303759718,2.1926239987740717,None,Excellent Progress,86,2026-07-04T191933Z,rf_n100_seed42,42,65,synthetic_ml_training_data
402,11,98,92.66102331902451,103.33897668097549,2.7239676943752476,None,Excellent Progress,99,2026-07-04T191933Z,rf_n100_seed42,42,65,synthetic_ml_training_data
403,12,84,73.67133929301576,94.32866070698424,5.2697248505021586,None,Excellent Progress,82,2026-07-04T191933Z,rf_n100_seed42,42,65,synthetic_ml_training_data
404,12,91,87.69694928891487,94.30305071108513,1.685229954635272,None,Excellent Progress,92,2026-07-04T191933Z,rf_n100_seed42,42,65,synthetic_ml_training_data
405,11,81,75.32614698815699,86.67385301184301,2.894822965226026,None,Excellent Progress,82,2026-07-04T191933Z,rf_n100_seed42,42,65,synthetic_ml_training_data
406,12,91,85.59626187162998,96.40373812837002,2.7570092491683815,None,Excellent Progress,91,2026-07-04T191933Z,rf_n100_seed42,42,65,synthetic_ml_training_data
407,10,82,74.4882121009709,89.5117878990291,3.8325448464434184,None,Excellent Progress,82,2026-07-04T191933Z,rf_n100_seed42,42,65,synthetic_ml_training_data
408,11,91,86.35914380313288,95.64085619686712,2.367783773911798,None,Excellent Progress,92,2026-07-04T191933Z,rf_n100_seed42,42,65,synthetic_ml_training_data
409,12,82,75.22568310159615,88.77431689840385,3.456284131838701,None,Excellent Progress,85,2026-07-04T191933Z,rf_n100_seed42,42,65,synthetic_ml_training_data
410,11,88,83.23127528997531,92.76872471002469,2.433022811237083,None,Excellent Progress,89,2026-07-04T191933Z,rf_n100_seed42,42,65,synthetic_ml_training_data
411,10,82,78.01565214370031,85.98434785629969,2.0328305389284176,None,Excellent Progress,82,2026-07-04T191933Z,rf_n100_seed42,42,65,synthetic_ml_training_data
412,11,90,83.4920030608489,96.5079969391511,3.3204066016077003,None,Excellent Progress,90,2026-07-04T191933Z,rf_n100_seed42,42,65,synthetic_ml_training_data
413,11,87,78.20532034466292,95.79467965533708,4.487081456804634,None,Excellent Progress,89,2026-07-04T191933Z,rf_n100_seed42,42,65,synthetic_ml_training_data
414,11,85,78.31151615386567,91.68848384613433,3.412491758231805,None,Excellent Progress,83,2026-07-04T191933Z,rf_n100_seed42,42,65,synthetic_ml_training_data
415,11,80,73.29015534009915,86.70984465990085,3.423390132602476,None,Excellent Progress,78,2026-07-04T191933Z,rf_n100_seed42,42,65,synthetic_ml_training_data
416,10,84,80.26446418301202,87.73553581698798,1.905885620912231,None,Excellent Progress,84,2026-07-04T191933Z,rf_n100_seed42,42,65,synthetic_ml_training_data
417,11,90,84.85762333546054,95.14237666453946,2.623661563540542,None,Excellent Progress,89,2026-07-04T191933Z,rf_n100_seed42,42,65,synthetic_ml_training_data
418,11,82,77.86649057579397,86.13350942420603,2.10893337969695,None,Excellent Progress,82,2026-07-04T191933Z,rf_n100_seed42,42,65,synthetic_ml_training_data
419,12,77,71.31951556995357,82.68048443004643,2.898206341860428,None,Monitor Progress,76,2026-07-04T191933Z,rf_n100_seed42,42,65,synthetic_ml_training_data
420,11,87,83.2083244020618,90.7916755979382,1.9345283662949992,None,Excellent Progress,87,2026-07-04T191933Z,rf_n100_seed42,42,65,synthetic_ml_training_data
421,12,93,85.78967705577621,100.21032294422379,3.678736196032545,None,Excellent Progress,91,2026-07-04T191933Z,rf_n100_seed42,42,65,synthetic_ml_training_data
422,10,98,91.37476510303219,104.62523489696781,3.3802218862080644,None,Excellent Progress,100,2026-07-04T191933Z,rf_n100_seed42,42,65,synthetic_ml_training_data
423,10,81,75.84125170220527,86.15874829779473,2.632014437650371,None,Excellent Progress,81,2026-07-04T191933Z,rf_n100_seed42,42,65,synthetic_ml_training_data
424,10,82,76.50934064433059,87.49065935566941,2.801356814117045,None,Excellent Progress,81,2026-07-04T191933Z,rf_n100_seed42,42,65,synthetic_ml_training_data
425,10,76,71.71037532644172,80.28962467355828,2.1885840171215727,None,Monitor Progress,76,2026-07-04T191933Z,rf_n100_seed42,42,65,synthetic_ml_training_data
426,12,88,80.34806360716452,95.65193639283548,3.9040491800181,None,Excellent Progress,85,2026-07-04T191933Z,rf_n100_seed42,42,65,synthetic_ml_training_data
427,11,93,88.07813597912336,97.92186402087664,2.511155112692165,None,Excellent Progress,93,2026-07-04T191933Z,rf_n100_seed42,42,65,synthetic_ml_training_data
428,10,84,78.60052904813814,89.39947095186186,2.754832118296867,None,Excellent Progress,85,2026-07-04T191933Z,rf_n100_seed42,42,65,synthetic_ml_training_data
429,11,79,75.01685754209066,82.98314245790934,2.0322155397496595,None,Monitor Progress,80,2026-07-04T191933Z,rf_n100_seed42,42,65,synthetic_ml_training_data
430,12,85,76.00372810548726,93.99627189451274,4.589934640057525,None,Excellent Progress,86,2026-07-04T191933Z,rf_n100_seed42,42,65,synthetic_ml_training_data
431,12,81,75.89405892709287,86.10594107290713,2.6050719759730248,None,Excellent Progress,83,2026-07-04T191933Z,rf_n100_seed42,42,65,synthetic_ml_training_data
432,12,78,72.1893024033254,83.8106975966746,2.96464163095643,None,Monitor Progress,76,2026-07-04T191933Z,rf_n100_seed42,42,65,synthetic_ml_training_data
433,10,88,78.22207486222153,97.77792513777847,4.988737315193094,None,Excellent Progress,89,2026-07-04T191933Z,rf_n100_seed42,42,65,synthetic_ml_training_data
434,11,88,82.2097008712848,93.7902991287152,2.9542342493444895,None,Excellent Progress,88,2026-07-04T191933Z,rf_n100_seed42,42,65,synthetic_ml_training_data
435,11,89,83.28822235726915,94.71177764273085,2.9141722666994143,None,Excellent Progress,90,2026-07-04T191933Z,rf_n100_seed42,42,65,synthetic_ml_training_data
436,11,83,76.45888356929797,89.54111643070203,3.337304301378585,None,Excellent Progress,84,2026-07-04T191933Z,rf_n100_seed42,42,65,synthetic_ml_training_data
437,12,88,78.84665310610376,97.15334689389624,4.67007494586543,None,Excellent Progress,85,2026-07-04T191933Z,rf_n100_seed42,42,65,synthetic_ml_training_data
438,10,83,76.54510964926591,89.45489035073409,3.2933114034357573,None,Excellent Progress,84,2026-07-04T191933Z,rf_n100_seed42,42,65,synthetic_ml_training_data
439,12,84,78.47864138458658,89.52135861541342,2.8170197017415406,None,Excellent Progress,85,2026-07-04T191933Z,rf_n100_seed42,42,65,synthetic_ml_training_data
440,12,70,60.257715553321184,79.74228444667882,4.970553289121846,Parent Outreach,Student Counseling,64,2026-07-04T191933Z,rf_n100_seed42,42,65,synthetic_ml_training_data
441,11,85,79.35074411979772,90.64925588020228,2.8822734082664674,None,Excellent Progress,84,2026-07-04T191933Z,rf_n100_seed42,42,65,synthetic_ml_training_data
442,12,73,66.1653588711623,79.8346411288377,3.4870618004274023,None,Student Counseling,71,2026-07-04T191933Z,rf_n100_seed42,42,65,synthetic_ml_training_data
443,11,84,78.67168313254551,89.32831686745449,2.7185290140073914,None,Excellent Progress,84,2026-07-04T191933Z,rf_n100_seed42,42,65,synthetic_ml_training_data
444,10,93,87.7574488042557,98.2425511957443,2.6747710182368882,None,Excellent Progress,93,2026-07-04T191933Z,rf_n100_seed42,42,65,synthetic_ml_training_data
445,11,84,78.80322715524336,89.19677284475664,2.6514147167125706,None,Excellent Progress,85,2026-07-04T191933Z,rf_n100_seed42,42,65,synthetic_ml_training_data
446,10,94,87.68831306226299,100.31168693773701,3.2202484376209237,None,Excellent Progress,89,2026-07-04T191933Z,rf_n100_seed42,42,65,synthetic_ml_training_data
447,11,78,73.02777706050905,82.97222293949095,2.5368484385157895,None,Monitor Progress,78,2026-07-04T191933Z,rf_n100_seed42,42,65,synthetic_ml_training_data
448,12,92,85.70687370538299,98.29312629461701,3.210778721743372,None,Excellent Progress,92,2026-07-04T191933Z,rf_n100_seed42,42,65,synthetic_ml_training_data
449,12,86,77.70116465038618,94.29883534961382,4.234099668170318,None,Excellent Progress,85,2026-07-04T191933Z,rf_n100_seed42,42,65,synthetic_ml_training_data
450,10,86,80.0067571382431,91.9932428617569,3.057776970284131,None,Excellent Progress,85,2026-07-04T191933Z,rf_n100_seed42,42,65,synthetic_ml_training_data
451,10,90,84.5834805123585,95.4165194876415,2.763530350837494,None,Excellent Progress,91,2026-07-04T191933Z,rf_n100_seed42,42,65,synthetic_ml_training_data
452,10,80,72.2154682196037,87.7845317803963,3.9716998879572962,None,Excellent Progress,68,2026-07-04T191933Z,rf_n100_seed42,42,65,synthetic_ml_training_data
453,11,81,77.45792695727488,84.54207304272512,1.8071801238393477,None,Excellent Progress,81,2026-07-04T191933Z,rf_n100_seed42,42,65,synthetic_ml_training_data
454,11,83,79.5050391475726,86.4949608524274,1.7831432920547914,None,Excellent Progress,82,2026-07-04T191933Z,rf_n100_seed42,42,65,synthetic_ml_training_data
455,10,84,79.84799084779429,88.15200915220571,2.118372016431486,None,Excellent Progress,85,2026-07-04T191933Z,rf_n100_seed42,42,65,synthetic_ml_training_data
456,12,79,73.11441665083231,84.88558334916769,3.0028486475345373,None,Monitor Progress,77,2026-07-04T191933Z,rf_n100_seed42,42,65,synthetic_ml_training_data
457,11,86,82.93938610079611,89.06061389920389,1.5615377036754508,None,Excellent Progress,86,2026-07-04T191933Z,rf_n100_seed42,42,65,synthetic_ml_training_data
458,11,82,73.1761897119215,90.8238102880785,4.501944024529847,None,Excellent Progress,84,2026-07-04T191933Z,rf_n100_seed42,42,65,synthetic_ml_training_data
459,11,87,83.39258818541603,90.60741181458397,1.8405162319305965,None,Excellent Progress,88,2026-07-04T191933Z,rf_n100_seed42,42,65,synthetic_ml_training_data
460,10,82,77.45381390614067,86.54618609385933,2.3194827009486403,None,Excellent Progress,83,2026-07-04T191933Z,rf_n100_seed42,42,65,synthetic_ml_training_data
461,10,72,67.52381312275728,76.47618687724272,2.2837688149197595,None,Student Counseling,72,2026-07-04T191933Z,rf_n100_seed42,42,65,synthetic_ml_training_data
462,10,87,82.73552462312186,91.26447537687814,2.1757527433051758,None,Excellent Progress,87,2026-07-04T191933Z,rf_n100_seed42,42,65,synthetic_ml_training_data
463,10,79,72.78278237151055,85.21721762848945,3.172049810453802,None,Monitor Progress,75,2026-07-04T191933Z,rf_n100_seed42,42,65,synthetic_ml_training_data
464,10,75,67.10978878863183,82.89021121136817,4.025617964983762,None,Monitor Progress,73,2026-07-04T191933Z,rf_n100_seed42,42,65,synthetic_ml_training_data
465,12,78,72.77535905922713,83.22464094077287,2.6656331330473817,None,Monitor Progress,79,2026-07-04T191933Z,rf_n100_seed42,42,65,synthetic_ml_training_data
466,12,87,83.61316763922393,90.38683236077607,1.7279756942735045,None,Excellent Progress,87,2026-07-04T191933Z,rf_n100_seed42,42,65,synthetic_ml_training_data
467,10,87,80.19084039253008,93.80915960746992,3.47406102421935,None,Excellent Progress,89,2026-07-04T191933Z,rf_n100_seed42,42,65,synthetic_ml_training_data
468,11,80,75.87933597584079,84.12066402415921,2.102379604162864,None,Excellent Progress,79,2026-07-04T191933Z,rf_n100_seed42,42,65,synthetic_ml_training_data
469,10,96,92.3172856966634,99.6827143033366,1.8789358690492868,None,Excellent Progress,96,2026-07-04T191933Z,rf_n100_seed42,42,65,synthetic_ml_training_data
470,12,81,76.35438651629303,85.64561348370697,2.3702109610749846,None,Excellent Progress,82,2026-07-04T191933Z,rf_n100_seed42,42,65,synthetic_ml_training_data
471,12,83,77.701651955562,88.298348044438,2.7032387981826544,None,Excellent Progress,84,2026-07-04T191933Z,rf_n100_seed42,42,65,synthetic_ml_training_data
472,11,85,79.37715659118983,90.62284340881017,2.8687976575562106,None,Excellent Progress,84,2026-07-04T191933Z,rf_n100_seed42,42,65,synthetic_ml_training_data
473,12,85,81.0305281761927,88.9694718238073,2.0252407264322922,None,Excellent Progress,86,2026-07-04T191933Z,rf_n100_seed42,42,65,synthetic_ml_training_data
474,10,94,85.02647439631446,102.97352560368554,4.578329389635482,None,Excellent Progress,97,2026-07-04T191933Z,rf_n100_seed42,42,65,synthetic_ml_training_data
475,11,86,80.7590611528086,91.2409388471914,2.6739483914241875,None,Excellent Progress,87,2026-07-04T191933Z,rf_n100_seed42,42,65,synthetic_ml_training_data
476,10,86,81.40126189482376,90.59873810517624,2.3462949516205334,None,Excellent Progress,85,2026-07-04T191933Z,rf_n100_seed42,42,65,synthetic_ml_training_data
477,10,73,66.4792358239237,79.5207641760763,3.326920497998111,None,Student Counseling,72,2026-07-04T191933Z,rf_n100_seed42,42,65,synthetic_ml_training_data
478,11,75,70.43374681385274,79.56625318614726,2.3297210133404387,None,Monitor Progress,74,2026-07-04T191933Z,rf_n100_seed42,42,65,synthetic_ml_training_data
479,10,88,84.56714518803955,91.43285481196045,1.7514565367145138,None,Excellent Progress,88,2026-07-04T191933Z,rf_n100_seed42,42,65,synthetic_ml_training_data
480,12,88,79.21423577826037,96.78576422173963,4.4825327661936845,None,Excellent Progress,86,2026-07-04T191933Z,rf_n100_seed42,42,65,synthetic_ml_training_data
481,10,78,72.90660143322752,83.09339856677248,2.5986727381492263,None,Monitor Progress,79,2026-07-04T191933Z,rf_n100_seed42,42,65,synthetic_ml_training_data
482,11,92,85.91013774868429,98.08986225131571,3.1070725772018912,None,Excellent Progress,93,2026-07-04T191933Z,rf_n100_seed42,42,65,synthetic_ml_training_data
483,11,91,87.27728969700837,94.72271030299163,1.8993419913222578,None,Excellent Progress,90,2026-07-04T191933Z,rf_n100_seed42,42,65,synthetic_ml_training_data
484,11,78,72.58064430397856,83.41935569602144,2.764977395929305,None,Monitor Progress,76,2026-07-04T191933Z,rf_n100_seed42,42,65,synthetic_ml_training_data
485,10,89,83.42687518890882,94.57312481109118,2.8434310260669236,None,Excellent Progress,88,2026-07-04T191933Z,rf_n100_seed42,42,65,synthetic_ml_training_data
486,11,78,69.78145098937775,86.21854901062225,4.193137250317475,None,Monitor Progress,76,2026-07-04T191933Z,rf_n100_seed42,42,65,synthetic_ml_training_data
487,11,78,71.88370073982641,84.11629926017359,3.120560847027342,None,Monitor Progress,75,2026-07-04T191933Z,rf_n100_seed42,42,65,synthetic_ml_training_data
488,10,87,82.82671858605246,91.17328141394754,2.1292252111977255,None,Excellent Progress,87,2026-07-04T191933Z,rf_n100_seed42,42,65,synthetic_ml_training_data
489,12,88,75.10059388033697,100.89940611966303,6.581329652889299,None,Excellent Progress,91,2026-07-04T191933Z,rf_n100_seed42,42,65,synthetic_ml_training_data
490,10,82,77.27010129495356,86.72989870504644,2.4132136250236944,None,Excellent Progress,83,2026-07-04T191933Z,rf_n100_seed42,42,65,synthetic_ml_training_data
491,11,87,84.39423178313956,89.60576821686044,1.3294735800308333,None,Excellent Progress,86,2026-07-04T191933Z,rf_n100_seed42,42,65,synthetic_ml_training_data
492,11,84,77.97798173367102,90.02201826632898,3.0724582991474434,None,Excellent Progress,86,2026-07-04T191933Z,rf_n100_seed42,42,65,synthetic_ml_training_data
493,10,72,66.2067492510681,77.7932507489319,2.955740178026479,None,Student Counseling,71,2026-07-04T191933Z,rf_n100_seed42,42,65,synthetic_ml_training_data
494,12,82,74.2940337296352,89.7059662703648,3.9316154440636737,None,Excellent Progress,79,2026-07-04T191933Z,rf_n100_seed42,42,65,synthetic_ml_training_data
495,11,81,72.03932671279664,89.96067328720336,4.57177208530784,None,Excellent Progress,80,2026-07-04T191933Z,rf_n100_seed42,42,65,synthetic_ml_training_data
496,11,91,84.58091771045113,97.41908228954887,3.275041984463711,None,Excellent Progress,93,2026-07-04T191933Z,rf_n100_seed42,42,65,synthetic_ml_training_data
497,11,83,77.27562546298725,88.72437453701275,2.9205992535779366,None,Excellent Progress,83,2026-07-04T191933Z,rf_n100_seed42,42,65,synthetic_ml_training_data
498,10,71,63.732759797557264,78.26724020244274,3.7077756134911937,Parent Outreach,Student Counseling,70,2026-07-04T191933Z,rf_n100_seed42,42,65,synthetic_ml_training_data
499,11,91,80.92750679523684,101.07249320476316,5.139027145287326,None,Excellent Progress,93,2026-07-04T191933Z,rf_n100_seed42,42,65,synthetic_ml_training_data
500,12,74,67.96717858378022,80.03282141621978,3.077970110316213,None,Student Counseling,70,2026-07-04T191933Z,rf_n100_seed42,42,65,synthetic_ml_training_data
501,11,94,89.63469672989379,98.36530327010621,2.2271955459725574,None,Excellent Progress,93,2026-07-04T191933Z,rf_n100_seed42,42,65,synthetic_ml_training_data
502,11,81,76.6890692234739,85.3109307765261,2.1994544778194434,None,Excellent Progress,80,2026-07-04T191933Z,rf_n100_seed42,42,65,synthetic_ml_training_data
503,12,81,74.87939982027906,87.12060017972094,3.1227551937351734,None,Excellent Progress,80,2026-07-04T191933Z,rf_n100_seed42,42,65,synthetic_ml_training_data
504,11,85,79.9596741216465,90.0403258783535,2.5715948358946434,None,Excellent Progress,85,2026-07-04T191933Z,rf_n100_seed42,42,65,synthetic_ml_training_data
505,10,81,74.08700470128903,87.91299529871097,3.5270384177096794,None,Excellent Progress,83,2026-07-04T191933Z,rf_n100_seed42,42,65,synthetic_ml_training_data
506,10,74,68.06653903358252,79.93346096641748,3.0272760032742303,None,Student Counseling,75,2026-07-04T191933Z,rf_n100_seed42,42,65,synthetic_ml_training_data
507,10,84,80.4414258136158,87.5585741863842,1.8155990746858184,None,Excellent Progress,84,2026-07-04T191933Z,rf_n100_seed42,42,65,synthetic_ml_training_data
508,12,88,82.18507273992185,93.81492726007815,2.9667996224888524,None,Excellent Progress,87,2026-07-04T191933Z,rf_n100_seed42,42,65,synthetic_ml_training_data
509,11,77,73.55915315074908,80.44084684925092,1.7555341067606742,None,Monitor Progress,77,2026-07-04T191933Z,rf_n100_seed42,42,65,synthetic_ml_training_data
510,10,59,47.033866917002804,70.9661330829972,6.105169940304692,Parent Outreach,Immediate Parent Meeting,54,2026-07-04T191933Z,rf_n100_seed42,42,65,synthetic_ml_training_data
511,12,93,78.47912468203104,107.52087531796896,7.40860985610661,None,Excellent Progress,98,2026-07-04T191933Z,rf_n100_seed42,42,65,synthetic_ml_training_data
512,11,87,80.76871024586403,93.23128975413597,3.179229466395906,None,Excellent Progress,88,2026-07-04T191933Z,rf_n100_seed42,42,65,synthetic_ml_training_data
513,12,84,76.29104317303566,91.70895682696434,3.933141238247109,None,Excellent Progress,83,2026-07-04T191933Z,rf_n100_seed42,42,65,synthetic_ml_training_data
514,10,81,75.05053630652309,86.94946369347691,3.0354406599372026,None,Excellent Progress,82,2026-07-04T191933Z,rf_n100_seed42,42,65,synthetic_ml_training_data
515,10,80,73.22735620307697,86.77264379692303,3.455430508634199,None,Excellent Progress,80,2026-07-04T191933Z,rf_n100_seed42,42,65,synthetic_ml_training_data
516,10,88,81.3485789307848,94.6514210692152,3.393582178171025,None,Excellent Progress,87,2026-07-04T191933Z,rf_n100_seed42,42,65,synthetic_ml_training_data
517,12,69,59.88359773594868,78.11640226405132,4.651225644924142,Parent Outreach,Refer to Counseling,69,2026-07-04T191933Z,rf_n100_seed42,42,65,synthetic_ml_training_data
518,12,84,78.13141174046092,89.86858825953908,2.994177683438309,None,Excellent Progress,85,2026-07-04T191933Z,rf_n100_seed42,42,65,synthetic_ml_training_data
519,10,89,84.68038944347988,93.31961055652012,2.2038829370000577,None,Excellent Progress,90,2026-07-04T191933Z,rf_n100_seed42,42,65,synthetic_ml_training_data
520,12,86,80.28015714901187,91.71984285098813,2.9182871688714944,None,Excellent Progress,86,2026-07-04T191933Z,rf_n100_seed42,42,65,synthetic_ml_training_data
521,10,86,80.23546706141772,91.76453293858228,2.9410882339705484,None,Excellent Progress,88,2026-07-04T191933Z,rf_n100_seed42,42,65,synthetic_ml_training_data
522,10,83,75.66635152192308,90.33364847807692,3.7416573867739418,None,Excellent Progress,85,2026-07-04T191933Z,rf_n100_seed42,42,65,synthetic_ml_training_data
523,11,78,70.60326537991257,85.39673462008743,3.7738441939221605,None,Monitor Progress,78,2026-07-04T191933Z,rf_n100_seed42,42,65,synthetic_ml_training_data
524,12,77,70.0910069503581,83.9089930496419,3.5249964538989254,None,Monitor Progress,78,2026-07-04T191933Z,rf_n100_seed42,42,65,synthetic_ml_training_data
525,10,84,79.25712397800659,88.74287602199341,2.419834705098677,None,Excellent Progress,84,2026-07-04T191933Z,rf_n100_seed42,42,65,synthetic_ml_training_data
526,10,82,77.07751160488925,86.92248839511075,2.511473670974872,None,Excellent Progress,83,2026-07-04T191933Z,rf_n100_seed42,42,65,synthetic_ml_training_data
527,12,85,79.4528537210562,90.5471462789438,2.8301766729305085,None,Excellent Progress,85,2026-07-04T191933Z,rf_n100_seed42,42,65,synthetic_ml_training_data
528,11,92,85.68371943625047,98.31628056374953,3.2225921243620017,None,Excellent Progress,92,2026-07-04T191933Z,rf_n100_seed42,42,65,synthetic_ml_training_data
529,11,82,73.78940115216923,90.21059884783077,4.189081044811619,None,Excellent Progress,85,2026-07-04T191933Z,rf_n100_seed42,42,65,synthetic_ml_training_data
530,10,82,75.99295971713191,88.00704028286809,3.0648164708510683,None,Excellent Progress,83,2026-07-04T191933Z,rf_n100_seed42,42,65,synthetic_ml_training_data
531,12,80,75.43143381792493,84.56856618207507,2.3309011133036077,None,Excellent Progress,79,2026-07-04T191933Z,rf_n100_seed42,42,65,synthetic_ml_training_data
532,11,84,76.73212548264625,91.26787451735375,3.7080992435478315,None,Excellent Progress,86,2026-07-04T191933Z,rf_n100_seed42,42,65,synthetic_ml_training_data
533,12,88,81.72741815198877,94.27258184801123,3.20029686123022,None,Excellent Progress,86,2026-07-04T191933Z,rf_n100_seed42,42,65,synthetic_ml_training_data
534,12,80,75.35914380313288,84.64085619686712,2.3677837739117984,None,Excellent Progress,79,2026-07-04T191933Z,rf_n100_seed42,42,65,synthetic_ml_training_data
535,10,82,76.3052302030723,87.6947697969277,2.905494794350869,None,Excellent Progress,85,2026-07-04T191933Z,rf_n100_seed42,42,65,synthetic_ml_training_data
536,11,86,82.2357793050885,89.7642206949115,1.9205207627099479,None,Excellent Progress,86,2026-07-04T191933Z,rf_n100_seed42,42,65,synthetic_ml_training_data
537,10,83,76.47982498394407,89.52017501605593,3.326619906150987,None,Excellent Progress,81,2026-07-04T191933Z,rf_n100_seed42,42,65,synthetic_ml_training_data
538,11,77,71.63478863790064,82.36521136209936,2.7373527357649756,None,Monitor Progress,78,2026-07-04T191933Z,rf_n100_seed42,42,65,synthetic_ml_training_data
539,11,97,89.87629648006039,104.12370351993961,3.6345426122140876,None,Excellent Progress,99,2026-07-04T191933Z,rf_n100_seed42,42,65,synthetic_ml_training_data
540,11,78,73.7358849734089,82.2641150265911,2.175568891117907,None,Monitor Progress,78,2026-07-04T191933Z,rf_n100_seed42,42,65,synthetic_ml_training_data
541,11,92,83.37130173432864,100.62869826567136,4.402397074322125,None,Excellent Progress,95,2026-07-04T191933Z,rf_n100_seed42,42,65,synthetic_ml_training_data
542,11,87,81.19561958517535,92.80438041482465,2.96141857899217,None,Excellent Progress,85,2026-07-04T191933Z,rf_n100_seed42,42,65,synthetic_ml_training_data
543,12,73,67.65113881279389,78.34886118720611,2.7290108097990378,None,Student Counseling,71,2026-07-04T191933Z,rf_n100_seed42,42,65,synthetic_ml_training_data
544,10,80,70.51726558423152,89.48273441576848,4.83812980396351,None,Excellent Progress,82,2026-07-04T191933Z,rf_n100_seed42,42,65,synthetic_ml_training_data
545,12,81,73.50059842387408,88.49940157612592,3.8262252939417984,None,Excellent Progress,83,2026-07-04T191933Z,rf_n100_seed42,42,65,synthetic_ml_training_data
546,11,75,69.71221204661155,80.28778795338845,2.6978509966267596,None,Monitor Progress,75,2026-07-04T191933Z,rf_n100_seed42,42,65,synthetic_ml_training_data
547,10,85,80.16694044729428,89.83305955270572,2.465846710564142,None,Excellent Progress,85,2026-07-04T191933Z,rf_n100_seed42,42,65,synthetic_ml_training_data
548,11,82,73.81623129359096,90.18376870640904,4.175392197147472,None,Excellent Progress,84,2026-07-04T191933Z,rf_n100_seed42,42,65,synthetic_ml_training_data
549,10,81,72.76884004286151,89.23115995713849,4.199571406703308,None,Excellent Progress,83,2026-07-04T191933Z,rf_n100_seed42,42,65,synthetic_ml_training_data
550,12,90,82.31892529394486,97.68107470605514,3.918915666354662,None,Excellent Progress,91,2026-07-04T191933Z,rf_n100_seed42,42,65,synthetic_ml_training_data
551,10,80,76.57274509847896,83.42725490152104,1.7485994395515512,None,Excellent Progress,80,2026-07-04T191933Z,rf_n100_seed42,42,65,synthetic_ml_training_data
552,10,80,73.7252137438794,86.2747862561206,3.2014215592452056,None,Excellent Progress,78,2026-07-04T191933Z,rf_n100_seed42,42,65,synthetic_ml_training_data
553,10,88,81.83066843166944,94.16933156833056,3.1476181471074285,None,Excellent Progress,88,2026-07-04T191933Z,rf_n100_seed42,42,65,synthetic_ml_training_data
554,10,77,69.95241668655135,84.04758331344865,3.5957057721676833,None,Monitor Progress,75,2026-07-04T191933Z,rf_n100_seed42,42,65,synthetic_ml_training_data
555,10,85,76.20914325904465,93.79085674095535,4.485130990283339,None,Excellent Progress,87,2026-07-04T191933Z,rf_n100_seed42,42,65,synthetic_ml_training_data
556,11,79,74.24547467774121,83.75452532225879,2.4257782256422367,None,Monitor Progress,81,2026-07-04T191933Z,rf_n100_seed42,42,65,synthetic_ml_training_data
557,10,74,68.88402453485163,79.11597546514837,2.6101915638512048,None,Student Counseling,73,2026-07-04T191933Z,rf_n100_seed42,42,65,synthetic_ml_training_data
558,10,88,81.54091523511264,94.45908476488736,3.295451410656816,None,Excellent Progress,90,2026-07-04T191933Z,rf_n100_seed42,42,65,synthetic_ml_training_data
559,12,80,75.98994346174521,84.01005653825479,2.045947213395302,None,Excellent Progress,80,2026-07-04T191933Z,rf_n100_seed42,42,65,synthetic_ml_training_data
560,10,86,75.33868093714479,96.66131906285521,5.4394485014567415,None,Excellent Progress,88,2026-07-04T191933Z,rf_n100_seed42,42,65,synthetic_ml_training_data
561,12,88,83.06936297827552,92.93063702172448,2.5156311335328954,None,Excellent Progress,87,2026-07-04T191933Z,rf_n100_seed42,42,65,synthetic_ml_training_data
562,11,93,89.58965632230417,96.41034367769583,1.7399712641305314,None,Excellent Progress,93,2026-07-04T191933Z,rf_n100_seed42,42,65,synthetic_ml_training_data
563,10,80,76.5214003047203,83.4785996952797,1.7747957628978046,None,Excellent Progress,80,2026-07-04T191933Z,rf_n100_seed42,42,65,synthetic_ml_training_data
564,12,98,91.43227425663952,104.56772574336048,3.350880481306368,None,Excellent Progress,100,2026-07-04T191933Z,rf_n100_seed42,42,65,synthetic_ml_training_data
565,12,83,78.41799954604978,87.58200045395022,2.33775533364807,None,Excellent Progress,82,2026-07-04T191933Z,rf_n100_seed42,42,65,synthetic_ml_training_data
566,11,90,84.53304033305531,95.46695966694469,2.78926513619627,None,Excellent Progress,90,2026-07-04T191933Z,rf_n100_seed42,42,65,synthetic_ml_training_data
567,10,82,77.69357178162691,86.30642821837309,2.1971572542719833,None,Excellent Progress,82,2026-07-04T191933Z,rf_n100_seed42,42,65,synthetic_ml_training_data
568,10,88,83.0946716970217,92.9053283029783,2.5027185219277057,None,Excellent Progress,87,2026-07-04T191933Z,rf_n100_seed42,42,65,synthetic_ml_training_data
569,12,81,76.10977054117089,85.89022945882911,2.4950150300148497,None,Excellent Progress,80,2026-07-04T191933Z,rf_n100_seed42,42,65,synthetic_ml_training_data
570,10,91,84.21118129863524,97.78881870136476,3.4636830109003918,None,Excellent Progress,93,2026-07-04T191933Z,rf_n100_seed42,42,65,synthetic_ml_training_data
571,12,86,76.79152450402349,95.20847549597651,4.6982017836614896,None,Excellent Progress,83,2026-07-04T191933Z,rf_n100_seed42,42,65,synthetic_ml_training_data
572,10,80,73.80035548115862,86.19964451884138,3.1630839381843785,None,Excellent Progress,79,2026-07-04T191933Z,rf_n100_seed42,42,65,synthetic_ml_training_data
573,12,91,85.31008928013804,96.68991071986196,2.903015673398957,None,Excellent Progress,92,2026-07-04T191933Z,rf_n100_seed42,42,65,synthetic_ml_training_data
574,10,84,77.07967325626889,90.92032674373111,3.5307789508832186,None,Excellent Progress,83,2026-07-04T191933Z,rf_n100_seed42,42,65,synthetic_ml_training_data
575,11,67,58.35428914663461,75.64571085336539,4.411076966002747,Parent Outreach,Refer to Counseling,65,2026-07-04T191933Z,rf_n100_seed42,42,65,synthetic_ml_training_data
576,10,75,65.42998011287332,84.57001988712668,4.882663207717689,None,Monitor Progress,74,2026-07-04T191933Z,rf_n100_seed42,42,65,synthetic_ml_training_data
577,10,79,72.8174503641297,85.1825496358703,3.1543620591175006,None,Monitor Progress,77,2026-07-04T191933Z,rf_n100_seed42,42,65,synthetic_ml_training_data
578,11,81,77.33233772547145,84.66766227452855,1.8712562625145708,None,Excellent Progress,81,2026-07-04T191933Z,rf_n100_seed42,42,65,synthetic_ml_training_data
579,10,82,72.08503434196568,91.91496565803432,5.058655947976695,None,Excellent Progress,84,2026-07-04T191933Z,rf_n100_seed42,42,65,synthetic_ml_training_data
580,11,88,82.33143060023077,93.66856939976923,2.8921272447802155,None,Excellent Progress,87,2026-07-04T191933Z,rf_n100_seed42,42,65,synthetic_ml_training_data
581,10,72,67.03164162323208,76.96835837676792,2.5348767228407776,None,Student Counseling,72,2026-07-04T191933Z,rf_n100_seed42,42,65,synthetic_ml_training_data
582,12,91,83.15267791918798,98.84732208081202,4.00373575551634,None,Excellent Progress,94,2026-07-04T191933Z,rf_n100_seed42,42,65,synthetic_ml_training_data
583,12,76,71.04639323320876,80.95360676679124,2.527350391220022,None,Monitor Progress,77,2026-07-04T191933Z,rf_n100_seed42,42,65,synthetic_ml_training_data
584,10,84,75.71045115823546,92.28954884176454,4.229361653961505,None,Excellent Progress,77,2026-07-04T191933Z,rf_n100_seed42,42,65,synthetic_ml_training_data
585,10,83,74.95721457205279,91.04278542794721,4.103461953034291,None,Excellent Progress,84,2026-07-04T191933Z,rf_n100_seed42,42,65,synthetic_ml_training_data
586,10,85,80.8302641042867,89.1697358957133,2.127416273323113,None,Excellent Progress,85,2026-07-04T191933Z,rf_n100_seed42,42,65,synthetic_ml_training_data
587,12,82,78.38960764459041,85.61039235540959,1.842036916025301,None,Excellent Progress,82,2026-07-04T191933Z,rf_n100_seed42,42,65,synthetic_ml_training_data
588,10,90,84.8927048254482,95.1072951745518,2.605762844159077,None,Excellent Progress,90,2026-07-04T191933Z,rf_n100_seed42,42,65,synthetic_ml_training_data
589,12,92,87.83985671400612,96.16014328599388,2.1225220846907575,None,Excellent Progress,91,2026-07-04T191933Z,rf_n100_seed42,42,65,synthetic_ml_training_data
590,11,83,74.97596011974018,91.02403988025982,4.093897898091744,None,Excellent Progress,88,2026-07-04T191933Z,rf_n100_seed42,42,65,synthetic_ml_training_data
591,12,82,73.77801609342367,90.22198390657633,4.194889748253225,None,Excellent Progress,83,2026-07-04T191933Z,rf_n100_seed42,42,65,synthetic_ml_training_data
592,12,89,83.11007770509661,94.88992229490339,3.005062395358872,None,Excellent Progress,87,2026-07-04T191933Z,rf_n100_seed42,42,65,synthetic_ml_training_data
593,11,76,69.49941541090341,82.50058458909659,3.3166247903554003,None,Monitor Progress,75,2026-07-04T191933Z,rf_n100_seed42,42,65,synthetic_ml_training_data
594,12,81,73.44537583727688,88.55462416272312,3.854400083022,None,Excellent Progress,79,2026-07-04T191933Z,rf_n100_seed42,42,65,synthetic_ml_training_data
595,10,93,86.76871024586403,99.23128975413597,3.1792294663959066,None,Excellent Progress,94,2026-07-04T191933Z,rf_n100_seed42,42,65,synthetic_ml_training_data
596,10,94,86.67130340647124,101.32869659352876,3.7391309150656924,None,Excellent Progress,94,2026-07-04T191933Z,rf_n100_seed42,42,65,synthetic_ml_training_data
597,12,73,62.63734450249358,83.36265549750642,5.287069131380826,Parent Outreach,Student Counseling,71,2026-07-04T191933Z,rf_n100_seed42,42,65,synthetic_ml_training_data
598,10,88,84.4670490294939,91.5329509705061,1.8025260053602556,None,Excellent Progress,88,2026-07-04T191933Z,rf_n100_seed42,42,65,synthetic_ml_training_data
599,12,76,72.096744763662,79.903255236338,1.9914567532336722,None,Monitor Progress,76,2026-07-04T191933Z,rf_n100_seed42,42,65,synthetic_ml_training_data
600,10,87,79.00714018639135,94.99285981360865,4.077989700820736,None,Excellent Progress,92,2026-07-04T191933Z,rf_n100_seed42,42,65,synthetic_ml_training_data
601,10,86,82.31311548322978,89.68688451677022,1.8810635289643998,None,Excellent Progress,85,2026-07-04T191933Z,rf_n100_seed42,42,65,synthetic_ml_training_data
602,12,80,73.87187263839922,86.12812736160078,3.1265955926534534,None,Excellent Progress,80,2026-07-04T191933Z,rf_n100_seed42,42,65,synthetic_ml_training_data
603,10,76,70.90057115355063,81.09942884644937,2.601749411453762,None,Monitor Progress,75,2026-07-04T191933Z,rf_n100_seed42,42,65,synthetic_ml_training_data
604,12,73,65.888251343024,80.111748656976,3.628443192334696,None,Student Counseling,72,2026-07-04T191933Z,rf_n100_seed42,42,65,synthetic_ml_training_data
605,10,86,79.57517500938742,92.42482499061258,3.277971933986012,None,Excellent Progress,84,2026-07-04T191933Z,rf_n100_seed42,42,65,synthetic_ml_training_data
606,10,80,76.85323846470693,83.14676153529307,1.605490579231158,None,Excellent Progress,80,2026-07-04T191933Z,rf_n100_seed42,42,65,synthetic_ml_training_data
607,11,89,85.80333673966118,92.19666326033882,1.6309506430300094,None,Excellent Progress,90,2026-07-04T191933Z,rf_n100_seed42,42,65,synthetic_ml_training_data
608,11,83,78.35041894360363,87.64958105639637,2.372235232855292,None,Excellent Progress,83,2026-07-04T191933Z,rf_n100_seed42,42,65,synthetic_ml_training_data
609,12,88,80.70574472615607,95.29425527384393,3.721558813185679,None,Excellent Progress,90,2026-07-04T191933Z,rf_n100_seed42,42,65,synthetic_ml_training_data
610,11,78,70.91653179861729,85.08346820138271,3.6140143884605656,None,Monitor Progress,77,2026-07-04T191933Z,rf_n100_seed42,42,65,synthetic_ml_training_data
611,12,81,76.90275606779386,85.09724393220614,2.090430577656192,None,Excellent Progress,81,2026-07-04T191933Z,rf_n100_seed42,42,65,synthetic_ml_training_data
612,11,93,89.22482426369315,96.77517573630685,1.9261100695443136,None,Excellent Progress,92,2026-07-04T191933Z,rf_n100_seed42,42,65,synthetic_ml_training_data
613,10,86,81.81348404517551,90.18651595482449,2.135977527971678,None,Excellent Progress,86,2026-07-04T191933Z,rf_n100_seed42,42,65,synthetic_ml_training_data
614,12,84,78.3930295381552,89.6069704618448,2.860699215226935,None,Excellent Progress,83,2026-07-04T191933Z,rf_n100_seed42,42,65,synthetic_ml_training_data
615,12,91,86.40489714587366,95.59510285412634,2.34444023169711,None,Excellent Progress,92,2026-07-04T191933Z,rf_n100_seed42,42,65,synthetic_ml_training_data
616,10,73,65.58819320273389,80.41180679726611,3.7815340802378077,None,Student Counseling,72,2026-07-04T191933Z,rf_n100_seed42,42,65,synthetic_ml_training_data
617,12,86,81.40861894415198,90.59138105584802,2.342541355024496,None,Excellent Progress,86,2026-07-04T191933Z,rf_n100_seed42,42,65,synthetic_ml_training_data
618,12,87,78.93596354174909,95.06403645825091,4.114304315434142,None,Excellent Progress,87,2026-07-04T191933Z,rf_n100_seed42,42,65,synthetic_ml_training_data
619,11,78,68.14963979541865,87.85036020458135,5.025693981929261,None,Monitor Progress,81,2026-07-04T191933Z,rf_n100_seed42,42,65,synthetic_ml_training_data
620,12,95,90.48757087147067,99.51242912852933,2.3022597594537415,None,Excellent Progress,96,2026-07-04T191933Z,rf_n100_seed42,42,65,synthetic_ml_training_data
621,10,82,75.14,88.86,3.500000000000001,None,Excellent Progress,80,2026-07-04T191933Z,rf_n100_seed42,42,65,synthetic_ml_training_data
622,11,86,78.40563860749306,93.59436139250694,3.8746741798504813,None,Excellent Progress,87,2026-07-04T191933Z,rf_n100_seed42,42,65,synthetic_ml_training_data
623,11,78,70.60469376969418,85.39530623030582,3.7731154236254154,None,Monitor Progress,77,2026-07-04T191933Z,rf_n100_seed42,42,65,synthetic_ml_training_data
624,10,82,76.852284716498,87.147715283502,2.6263853487255067,None,Excellent Progress,81,2026-07-04T191933Z,rf_n100_seed42,42,65,synthetic_ml_training_data
625,10,83,72.62228584706632,93.37771415293368,5.294752118843714,None,Excellent Progress,86,2026-07-04T191933Z,rf_n100_seed42,42,65,synthetic_ml_training_data
626,11,90,86.03658145535952,93.96341854464048,2.0221523186941184,None,Excellent Progress,90,2026-07-04T191933Z,rf_n100_seed42,42,65,synthetic_ml_training_data
627,12,84,78.17583106014257,89.82416893985743,2.971514765233382,None,Excellent Progress,90,2026-07-04T191933Z,rf_n100_seed42,42,65,synthetic_ml_training_data
628,11,84,80.80700419041929,87.19299580958071,1.6290794946840375,None,Excellent Progress,85,2026-07-04T191933Z,rf_n100_seed42,42,65,synthetic_ml_training_data
629,10,85,78.68956091543544,91.31043908456456,3.2196117778390616,None,Excellent Progress,84,2026-07-04T191933Z,rf_n100_seed42,42,65,synthetic_ml_training_data
630,11,77,71.73452648283177,82.26547351716823,2.686466080187874,None,Monitor Progress,76,2026-07-04T191933Z,rf_n100_seed42,42,65,synthetic_ml_training_data
631,10,84,78.73423465771593,89.26576534228407,2.6866149705530935,None,Excellent Progress,82,2026-07-04T191933Z,rf_n100_seed42,42,65,synthetic_ml_training_data
632,11,81,75.19168294253835,86.80831705746165,2.9634270701334966,None,Excellent Progress,80,2026-07-04T191933Z,rf_n100_seed42,42,65,synthetic_ml_training_data
633,12,83,72.3594562244216,93.6405437755784,5.428848865091015,None,Excellent Progress,79,2026-07-04T191933Z,rf_n100_seed42,42,65,synthetic_ml_training_data
634,11,79,74.67150518540221,83.32849481459779,2.208415721733569,None,Monitor Progress,79,2026-07-04T191933Z,rf_n100_seed42,42,65,synthetic_ml_training_data
635,11,88,80.05573531155966,95.94426468844034,4.053196269612416,None,Excellent Progress,91,2026-07-04T191933Z,rf_n100_seed42,42,65,synthetic_ml_training_data
636,10,80,71.30901875275295,88.69098124724705,4.434174105738294,None,Excellent Progress,79,2026-07-04T191933Z,rf_n100_seed42,42,65,synthetic_ml_training_data
637,10,85,77.68985686597041,92.31014313402959,3.7296648643008132,None,Excellent Progress,82,2026-07-04T191933Z,rf_n100_seed42,42,65,synthetic_ml_training_data
638,10,86,80.44897687268374,91.55102312731626,2.832154656794011,None,Excellent Progress,85,2026-07-04T191933Z,rf_n100_seed42,42,65,synthetic_ml_training_data
639,11,71,65.35809310250515,76.64190689749485,2.8785239272932928,None,Student Counseling,70,2026-07-04T191933Z,rf_n100_seed42,42,65,synthetic_ml_training_data
640,12,72,63.0709360938562,80.9290639061438,4.555644850073368,Parent Outreach,Student Counseling,69,2026-07-04T191933Z,rf_n100_seed42,42,65,synthetic_ml_training_data
641,10,81,69.94485286212797,92.05514713787203,5.640381192791849,None,Excellent Progress,82,2026-07-04T191933Z,rf_n100_seed42,42,65,synthetic_ml_training_data
642,10,72,67.38624992441073,76.61375007558927,2.3539541201986074,None,Student Counseling,72,2026-07-04T191933Z,rf_n100_seed42,42,65,synthetic_ml_training_data
643,11,83,78.15915709819043,87.84084290180957,2.469817807045694,None,Excellent Progress,82,2026-07-04T191933Z,rf_n100_seed42,42,65,synthetic_ml_training_data
644,10,85,75.64780090032296,94.35219909967704,4.771530152896448,None,Excellent Progress,86,2026-07-04T191933Z,rf_n100_seed42,42,65,synthetic_ml_training_data
645,12,75,63.89769422867484,86.10230577132516,5.6644417200638575,Parent Outreach,Monitor Progress,75,2026-07-04T191933Z,rf_n100_seed42,42,65,synthetic_ml_training_data
646,12,83,75.61717144720264,90.38282855279736,3.7667492616313076,None,Excellent Progress,85,2026-07-04T191933Z,rf_n100_seed42,42,65,synthetic_ml_training_data
647,10,86,77.12184903034421,94.87815096965579,4.529668862069279,None,Excellent Progress,88,2026-07-04T191933Z,rf_n100_seed42,42,65,synthetic_ml_training_data
648,10,76,72.19113950898698,79.80886049101302,1.9432961688841979,None,Monitor Progress,76,2026-07-04T191933Z,rf_n100_seed42,42,65,synthetic_ml_training_data
649,11,82,72.81648489084925,91.18351510915075,4.685466892423849,None,Excellent Progress,85,2026-07-04T191933Z,rf_n100_seed42,42,65,synthetic_ml_training_data
650,12,87,78.79391746568437,95.20608253431563,4.186776803222259,None,Excellent Progress,85,2026-07-04T191933Z,rf_n100_seed42,42,65,synthetic_ml_training_data
651,12,97,89.96005214792041,104.03994785207959,3.5918101286120345,None,Excellent Progress,95,2026-07-04T191933Z,rf_n100_seed42,42,65,synthetic_ml_training_data
652,10,86,81.59060981994108,90.40939018005892,2.249688867376998,None,Excellent Progress,87,2026-07-04T191933Z,rf_n100_seed42,42,65,synthetic_ml_training_data
653,11,77,69.09568182826628,84.90431817173372,4.032815393741697,None,Monitor Progress,71,2026-07-04T191933Z,rf_n100_seed42,42,65,synthetic_ml_training_data
654,12,85,79.52096732625184,90.47903267374816,2.7954248335449834,None,Excellent Progress,86,2026-07-04T191933Z,rf_n100_seed42,42,65,synthetic_ml_training_data
655,12,78,71.9588742770904,84.0411257229096,3.082207001484488,None,Monitor Progress,76,2026-07-04T191933Z,rf_n100_seed42,42,65,synthetic_ml_training_data
656,11,79,75.60455809061618,82.39544190938382,1.7323683211141905,None,Monitor Progress,78,2026-07-04T191933Z,rf_n100_seed42,42,65,synthetic_ml_training_data
657,11,80,71.12364492823772,88.87635507176228,4.528752587633818,None,Excellent Progress,84,2026-07-04T191933Z,rf_n100_seed42,42,65,synthetic_ml_training_data
658,12,71,63.56531927787077,78.43468072212923,3.7932044500659337,Parent Outreach,Student Counseling,71,2026-07-04T191933Z,rf_n100_seed42,42,65,synthetic_ml_training_data
659,12,83,78.79357331693515,87.20642668306485,2.1461360627881914,None,Excellent Progress,83,2026-07-04T191933Z,rf_n100_seed42,42,65,synthetic_ml_training_data
660,11,81,74.8167047749602,87.1832952250398,3.154742461755,None,Excellent Progress,82,2026-07-04T191933Z,rf_n100_seed42,42,65,synthetic_ml_training_data
661,12,82,76.26757797785264,87.73242202214736,2.924705113340489,None,Excellent Progress,85,2026-07-04T191933Z,rf_n100_seed42,42,65,synthetic_ml_training_data
662,10,80,73.10227572600934,86.89772427399066,3.519247078566663,None,Excellent Progress,78,2026-07-04T191933Z,rf_n100_seed42,42,65,synthetic_ml_training_data
663,10,83,77.29336987706405,88.70663012293595,2.9115459810897715,None,Excellent Progress,84,2026-07-04T191933Z,rf_n100_seed42,42,65,synthetic_ml_training_data
664,11,80,74.22511352838863,85.77488647161137,2.9463706487813104,None,Excellent Progress,80,2026-07-04T191933Z,rf_n100_seed42,42,65,synthetic_ml_training_data
665,11,77,71.76111395046618,82.23888604953382,2.6729010456805167,None,Monitor Progress,77,2026-07-04T191933Z,rf_n100_seed42,42,65,synthetic_ml_training_data
666,11,89,83.79735361186252,94.20264638813748,2.654411422519124,None,Excellent Progress,90,2026-07-04T191933Z,rf_n100_seed42,42,65,synthetic_ml_training_data
667,10,75,67.43826005207796,82.56173994792204,3.858030585674509,None,Monitor Progress,73,2026-07-04T191933Z,rf_n100_seed42,42,65,synthetic_ml_training_data
668,12,78,73.29583666950222,82.70416333049778,2.4000833318866244,None,Monitor Progress,77,2026-07-04T191933Z,rf_n100_seed42,42,65,synthetic_ml_training_data
669,10,67,58.28800393939483,75.71199606060517,4.444895949288352,Parent Outreach,Refer to Counseling,58,2026-07-04T191933Z,rf_n100_seed42,42,65,synthetic_ml_training_data
670,12,82,76.63589858410563,87.36410141589437,2.7367864366808017,None,Excellent Progress,82,2026-07-04T191933Z,rf_n100_seed42,42,65,synthetic_ml_training_data
671,10,90,80.52180396066846,99.47819603933154,4.835814305781395,None,Excellent Progress,89,2026-07-04T191933Z,rf_n100_seed42,42,65,synthetic_ml_training_data
672,12,84,79.35864716273369,88.64135283726631,2.368037161870565,None,Excellent Progress,84,2026-07-04T191933Z,rf_n100_seed42,42,65,synthetic_ml_training_data
673,10,90,85.06095555800518,94.93904444199482,2.5199206336708304,None,Excellent Progress,89,2026-07-04T191933Z,rf_n100_seed42,42,65,synthetic_ml_training_data
674,11,85,79.37715659118983,90.62284340881017,2.868797657556211,None,Excellent Progress,84,2026-07-04T191933Z,rf_n100_seed42,42,65,synthetic_ml_training_data
675,10,75,66.09512658371833,83.90487341628167,4.543302763409015,None,Monitor Progress,72,2026-07-04T191933Z,rf_n100_seed42,42,65,synthetic_ml_training_data
676,12,81,73.57845540604923,88.42154459395077,3.786502343852437,None,Excellent Progress,79,2026-07-04T191933Z,rf_n100_seed42,42,65,synthetic_ml_training_data
677,10,71,65.6949856324417,76.3050143675583,2.706639983448113,None,Student Counseling,71,2026-07-04T191933Z,rf_n100_seed42,42,65,synthetic_ml_training_data
678,10,95,88.46041072849373,101.53958927150627,3.3365251385236108,None,Excellent Progress,93,2026-07-04T191933Z,rf_n100_seed42,42,65,synthetic_ml_training_data
679,10,74,63.17902478332013,84.82097521667987,5.5209057227958525,Parent Outreach,Student Counseling,75,2026-07-04T191933Z,rf_n100_seed42,42,65,synthetic_ml_training_data
680,11,85,77.89289837978941,92.10710162021059,3.6260722552094853,None,Excellent Progress,86,2026-07-04T191933Z,rf_n100_seed42,42,65,synthetic_ml_training_data
681,10,93,86.95201037037926,99.04798962962074,3.0857089947044587,None,Excellent Progress,94,2026-07-04T191933Z,rf_n100_seed42,42,65,synthetic_ml_training_data
682,11,92,87.72827903533013,96.27172096466987,2.179449471770337,None,Excellent Progress,92,2026-07-04T191933Z,rf_n100_seed42,42,65,synthetic_ml_training_data
683,11,81,76.28784041017285,85.71215958982715,2.4041630560342613,None,Excellent Progress,81,2026-07-04T191933Z,rf_n100_seed42,42,65,synthetic_ml_training_data
684,10,82,77.77148453473326,86.22851546526674,2.1574058496258877,None,Excellent Progress,82,2026-07-04T191933Z,rf_n100_seed42,42,65,synthetic_ml_training_data
685,10,94,88.2770684994489,99.7229315005511,2.9198630104852525,None,Excellent Progress,95,2026-07-04T191933Z,rf_n100_seed42,42,65,synthetic_ml_training_data
686,10,78,75.03923201854654,80.96076798145346,1.5105959089048269,None,Monitor Progress,78,2026-07-04T191933Z,rf_n100_seed42,42,65,synthetic_ml_training_data
687,12,73,66.66161939924716,79.33838060075284,3.2338676534453286,None,Student Counseling,72,2026-07-04T191933Z,rf_n100_seed42,42,65,synthetic_ml_training_data
688,10,75,68.06027131366073,81.93972868633927,3.540677901193499,None,Monitor Progress,75,2026-07-04T191933Z,rf_n100_seed42,42,65,synthetic_ml_training_data
689,11,87,83.249735774642,90.750264225358,1.9134001149785689,None,Excellent Progress,87,2026-07-04T191933Z,rf_n100_seed42,42,65,synthetic_ml_training_data
690,10,76,67.61424588006541,84.38575411993459,4.278445979558465,None,Monitor Progress,77,2026-07-04T191933Z,rf_n100_seed42,42,65,synthetic_ml_training_data
691,12,82,77.34975801059772,86.65024198940228,2.3725724435725875,None,Excellent Progress,83,2026-07-04T191933Z,rf_n100_seed42,42,65,synthetic_ml_training_data
692,10,86,80.51637674525318,91.48362325474682,2.797766966707557,None,Excellent Progress,86,2026-07-04T191933Z,rf_n100_seed42,42,65,synthetic_ml_training_data
693,12,92,86.48072909162813,97.51927090837187,2.8159545450876866,None,Excellent Progress,91,2026-07-04T191933Z,rf_n100_seed42,42,65,synthetic_ml_training_data
694,12,84,78.40537578026907,89.59462421973093,2.854400112107621,None,Excellent Progress,85,2026-07-04T191933Z,rf_n100_seed42,42,65,synthetic_ml_training_data
695,10,90,82.96114360424934,97.03885639575066,3.591253263138093,None,Excellent Progress,92,2026-07-04T191933Z,rf_n100_seed42,42,65,synthetic_ml_training_data
696,11,90,83.92656118496284,96.07343881503716,3.0986932729781436,None,Excellent Progress,90,2026-07-04T191933Z,rf_n100_seed42,42,65,synthetic_ml_training_data
697,12,75,68.01153486379162,81.98846513620838,3.56554343684101,None,Monitor Progress,73,2026-07-04T191933Z,rf_n100_seed42,42,65,synthetic_ml_training_data
698,10,79,71.42049981595092,86.57950018404908,3.8670919306372844,None,Monitor Progress,84,2026-07-04T191933Z,rf_n100_seed42,42,65,synthetic_ml_training_data
699,10,82,77.74431685389996,86.25568314610004,2.1712669112755343,None,Excellent Progress,82,2026-07-04T191933Z,rf_n100_seed42,42,65,synthetic_ml_training_data
700,11,87,82.45334917109308,91.54665082890692,2.319719810666797,None,Excellent Progress,87,2026-07-04T191933Z,rf_n100_seed42,42,65,synthetic_ml_training_data
701,12,87,81.22963883279391,92.77036116720609,2.944061820003106,None,Excellent Progress,87,2026-07-04T191933Z,rf_n100_seed42,42,65,synthetic_ml_training_data
702,12,89,84.3558338703272,93.6441661296728,2.369472515139182,None,Excellent Progress,89,2026-07-04T191933Z,rf_n100_seed42,42,65,synthetic_ml_training_data
703,10,85,79.99946417271109,90.00053582728891,2.5512937894331182,None,Excellent Progress,86,2026-07-04T191933Z,rf_n100_seed42,42,65,synthetic_ml_training_data
704,10,75,67.06330677422895,82.93669322577105,4.049333278454615,None,Monitor Progress,72,2026-07-04T191933Z,rf_n100_seed42,42,65,synthetic_ml_training_data
705,11,94,90.359936462093,97.640063537907,1.857175274442345,None,Excellent Progress,94,2026-07-04T191933Z,rf_n100_seed42,42,65,synthetic_ml_training_data
706,11,95,88.37751993283483,101.62248006716517,3.378816360798557,None,Excellent Progress,97,2026-07-04T191933Z,rf_n100_seed42,42,65,synthetic_ml_training_data
707,12,80,74.22218727890909,85.77781272109091,2.9478636332096504,None,Excellent Progress,79,2026-07-04T191933Z,rf_n100_seed42,42,65,synthetic_ml_training_data
708,12,95,89.89605311939867,100.10394688060133,2.6040545309190435,None,Excellent Progress,97,2026-07-04T191933Z,rf_n100_seed42,42,65,synthetic_ml_training_data
709,10,74,69.18286385494451,78.81713614505549,2.4577225229874915,None,Student Counseling,73,2026-07-04T191933Z,rf_n100_seed42,42,65,synthetic_ml_training_data
710,12,83,77.31924506425422,88.68075493574578,2.898344354972335,None,Excellent Progress,84,2026-07-04T191933Z,rf_n100_seed42,42,65,synthetic_ml_training_data
711,11,82,76.79008551317779,87.20991448682221,2.658119636133784,None,Excellent Progress,81,2026-07-04T191933Z,rf_n100_seed42,42,65,synthetic_ml_training_data
712,11,94,85.6188282346679,102.3811717653321,4.2761080435367855,None,Excellent Progress,96,2026-07-04T191933Z,rf_n100_seed42,42,65,synthetic_ml_training_data
713,10,81,76.21298337583835,85.78701662416165,2.442355420490637,None,Excellent Progress,81,2026-07-04T191933Z,rf_n100_seed42,42,65,synthetic_ml_training_data
714,11,88,80.92022062490645,95.07977937509355,3.612132334231403,None,Excellent Progress,86,2026-07-04T191933Z,rf_n100_seed42,42,65,synthetic_ml_training_data
715,11,94,88.37118165153645,99.62881834846355,2.8718460961548757,None,Excellent Progress,89,2026-07-04T191933Z,rf_n100_seed42,42,65,synthetic_ml_training_data
716,11,86,81.34942757931887,90.65057242068113,2.372741030959763,None,Excellent Progress,86,2026-07-04T191933Z,rf_n100_seed42,42,65,synthetic_ml_training_data
717,11,84,75.66329258279985,92.33670741720015,4.25342215163273,None,Excellent Progress,77,2026-07-04T191933Z,rf_n100_seed42,42,65,synthetic_ml_training_data
718,10,83,77.82637960418432,88.17362039581568,2.6396022427631025,None,Excellent Progress,84,2026-07-04T191933Z,rf_n100_seed42,42,65,synthetic_ml_training_data
719,10,85,82.22149692100224,87.77850307899776,1.4176036117335478,None,Excellent Progress,85,2026-07-04T191933Z,rf_n100_seed42,42,65,synthetic_ml_training_data
720,12,86,80.81540171662259,91.18459828337741,2.645203205804802,None,Excellent Progress,85,2026-07-04T191933Z,rf_n100_seed42,42,65,synthetic_ml_training_data
721,11,89,81.95151733775276,96.04848266224724,3.5961646235955325,None,Excellent Progress,91,2026-07-04T191933Z,rf_n100_seed42,42,65,synthetic_ml_training_data
722,12,89,82.06758223993967,95.93241776006033,3.536947836765479,None,Excellent Progress,89,2026-07-04T191933Z,rf_n100_seed42,42,65,synthetic_ml_training_data
723,10,82,77.92268176370791,86.07731823629209,2.080264406271472,None,Excellent Progress,83,2026-07-04T191933Z,rf_n100_seed42,42,65,synthetic_ml_training_data
724,10,72,65.65435054230065,78.34564945769935,3.2375762539282373,None,Student Counseling,71,2026-07-04T191933Z,rf_n100_seed42,42,65,synthetic_ml_training_data
725,10,66,57.24472146416803,74.75527853583196,4.466978844812229,Parent Outreach,Refer to Counseling,63,2026-07-04T191933Z,rf_n100_seed42,42,65,synthetic_ml_training_data
726,10,92,85.10380747368521,98.89619252631479,3.518465574650404,None,Excellent Progress,94,2026-07-04T191933Z,rf_n100_seed42,42,65,synthetic_ml_training_data
727,10,74,68.43349647983584,79.56650352016416,2.8400528164102874,None,Student Counseling,74,2026-07-04T191933Z,rf_n100_seed42,42,65,synthetic_ml_training_data
728,10,92,87.01512232446974,96.98487767553026,2.5433049364950318,None,Excellent Progress,91,2026-07-04T191933Z,rf_n100_seed42,42,65,synthetic_ml_training_data
729,10,96,87.78668787881527,104.21331212118473,4.190465367951393,None,Excellent Progress,99,2026-07-04T191933Z,rf_n100_seed42,42,65,synthetic_ml_training_data
730,11,79,72.56298878049758,85.43701121950242,3.284189397705315,None,Monitor Progress,80,2026-07-04T191933Z,rf_n100_seed42,42,65,synthetic_ml_training_data
731,12,83,78.02314354637387,87.97685645362613,2.5392124763398596,None,Excellent Progress,82,2026-07-04T191933Z,rf_n100_seed42,42,65,synthetic_ml_training_data
732,10,93,84.3301509678657,101.6698490321343,4.423392363333825,None,Excellent Progress,96,2026-07-04T191933Z,rf_n100_seed42,42,65,synthetic_ml_training_data
733,11,82,78.08338245931517,85.91661754068483,1.9982742554514383,None,Excellent Progress,82,2026-07-04T191933Z,rf_n100_seed42,42,65,synthetic_ml_training_data
734,11,86,81.29881834428832,90.70118165571168,2.398562069240652,None,Excellent Progress,85,2026-07-04T191933Z,rf_n100_seed42,42,65,synthetic_ml_training_data
735,12,74,69.98587406276286,78.01412593723714,2.0480234373658908,None,Student Counseling,73,2026-07-04T191933Z,rf_n100_seed42,42,65,synthetic_ml_training_data
736,10,86,81.28963430719016,90.71036569280984,2.403247802454004,None,Excellent Progress,88,2026-07-04T191933Z,rf_n100_seed42,42,65,synthetic_ml_training_data
737,12,84,77.31358417087301,90.68641582912699,3.4114366475137716,None,Excellent Progress,82,2026-07-04T191933Z,rf_n100_seed42,42,65,synthetic_ml_training_data
738,10,87,81.47864138458658,92.52135861541342,2.817019701741541,None,Excellent Progress,89,2026-07-04T191933Z,rf_n100_seed42,42,65,synthetic_ml_training_data
739,11,79,72.88068663982632,85.11931336017368,3.1220986531498327,None,Monitor Progress,78,2026-07-04T191933Z,rf_n100_seed42,42,65,synthetic_ml_training_data
740,11,77,71.21006578275711,82.78993421724289,2.9540480700218805,None,Monitor Progress,77,2026-07-04T191933Z,rf_n100_seed42,42,65,synthetic_ml_training_data
741,11,86,80.60020889292929,91.39979110707071,2.754995462791182,None,Excellent Progress,90,2026-07-04T191933Z,rf_n100_seed42,42,65,synthetic_ml_training_data
742,11,76,67.92051958106217,84.07948041893783,4.122183887213184,None,Monitor Progress,73,2026-07-04T191933Z,rf_n100_seed42,42,65,synthetic_ml_training_data
743,12,88,83.95574528992053,92.04425471007947,2.063395260244629,None,Excellent Progress,88,2026-07-04T191933Z,rf_n100_seed42,42,65,synthetic_ml_training_data
744,10,93,86.61340684245505,99.38659315754495,3.2584658967066074,None,Excellent Progress,95,2026-07-04T191933Z,rf_n100_seed42,42,65,synthetic_ml_training_data
745,10,84,78.08417579706766,89.91582420293234,3.018277654557314,None,Excellent Progress,86,2026-07-04T191933Z,rf_n100_seed42,42,65,synthetic_ml_training_data
746,12,92,87.47498861879885,96.52501138120115,2.3086792761230392,None,Excellent Progress,93,2026-07-04T191933Z,rf_n100_seed42,42,65,synthetic_ml_training_data
747,10,86,80.61306559906286,91.38693440093714,2.7484359188454808,None,Excellent Progress,86,2026-07-04T191933Z,rf_n100_seed42,42,65,synthetic_ml_training_data
748,11,85,79.35292059910611,90.64707940089389,2.8811629596397355,None,Excellent Progress,86,2026-07-04T191933Z,rf_n100_seed42,42,65,synthetic_ml_training_data
749,10,86,81.8422121266231,90.1577878733769,2.1213203435596424,None,Excellent Progress,87,2026-07-04T191933Z,rf_n100_seed42,42,65,synthetic_ml_training_data
750,11,81,73.96373649157452,88.03626350842548,3.58993036144157,None,Excellent Progress,81,2026-07-04T191933Z,rf_n100_seed42,42,65,synthetic_ml_training_data
751,12,80,75.48897579700574,84.51102420299426,2.301542960711357,None,Excellent Progress,79,2026-07-04T191933Z,rf_n100_seed42,42,65,synthetic_ml_training_data
752,10,92,87.0755999512631,96.9244000487369,2.512449004457603,None,Excellent Progress,93,2026-07-04T191933Z,rf_n100_seed42,42,65,synthetic_ml_training_data
753,12,86,80.8441940145114,91.1558059854886,2.630513257902343,None,Excellent Progress,86,2026-07-04T191933Z,rf_n100_seed42,42,65,synthetic_ml_training_data
754,10,84,78.02486035644354,89.97513964355646,3.0485406344675807,None,Excellent Progress,79,2026-07-04T191933Z,rf_n100_seed42,42,65,synthetic_ml_training_data
755,11,83,79.6763115428789,86.3236884571211,1.6957594168985175,None,Excellent Progress,83,2026-07-04T191933Z,rf_n100_seed42,42,65,synthetic_ml_training_data
756,12,86,83.22094393003667,88.77905606996333,1.4178857499812885,None,Excellent Progress,85,2026-07-04T191933Z,rf_n100_seed42,42,65,synthetic_ml_training_data
757,10,90,84.59455594423548,95.40544405576452,2.7578796202880214,None,Excellent Progress,91,2026-07-04T191933Z,rf_n100_seed42,42,65,synthetic_ml_training_data
758,11,95,89.34394802004084,100.65605197995916,2.8857408061016154,None,Excellent Progress,97,2026-07-04T191933Z,rf_n100_seed42,42,65,synthetic_ml_training_data
759,12,75,69.59892846186982,80.40107153813018,2.7556487439439734,None,Monitor Progress,75,2026-07-04T191933Z,rf_n100_seed42,42,65,synthetic_ml_training_data
760,12,80,73.92909181093965,86.07090818906035,3.097402137275688,None,Excellent Progress,79,2026-07-04T191933Z,rf_n100_seed42,42,65,synthetic_ml_training_data
761,10,81,75.27643083382405,86.72356916617595,2.920188350089768,None,Excellent Progress,82,2026-07-04T191933Z,rf_n100_seed42,42,65,synthetic_ml_training_data
762,10,85,73.372408407585,96.627591592415,5.932444690007654,None,Excellent Progress,85,2026-07-04T191933Z,rf_n100_seed42,42,65,synthetic_ml_training_data
763,10,86,80.4771109009867,91.5228890990133,2.817800560721074,None,Excellent Progress,87,2026-07-04T191933Z,rf_n100_seed42,42,65,synthetic_ml_training_data
764,11,81,77.69206810227297,84.30793189772703,1.6877203559831822,None,Excellent Progress,81,2026-07-04T191933Z,rf_n100_seed42,42,65,synthetic_ml_training_data
765,10,84,75.70804168847913,92.29195831152087,4.2305909752657485,None,Excellent Progress,87,2026-07-04T191933Z,rf_n100_seed42,42,65,synthetic_ml_training_data
766,12,89,84.35868854740387,93.64131145259613,2.3680160472429237,None,Excellent Progress,90,2026-07-04T191933Z,rf_n100_seed42,42,65,synthetic_ml_training_data
767,12,80,75.17887807248147,84.82112192751853,2.4597560854686384,None,Excellent Progress,80,2026-07-04T191933Z,rf_n100_seed42,42,65,synthetic_ml_training_data
768,10,89,80.13863212365044,97.86136787634956,4.521106059362023,None,Excellent Progress,92,2026-07-04T191933Z,rf_n100_seed42,42,65,synthetic_ml_training_data
769,10,88,81.42584327536984,94.57415672463016,3.354161594199063,None,Excellent Progress,87,2026-07-04T191933Z,rf_n100_seed42,42,65,synthetic_ml_training_data
770,12,88,79.82654149089873,96.17345850910127,4.170131892398608,None,Excellent Progress,91,2026-07-04T191933Z,rf_n100_seed42,42,65,synthetic_ml_training_data
771,11,87,81.42119129562592,92.57880870437408,2.846330971619429,None,Excellent Progress,87,2026-07-04T191933Z,rf_n100_seed42,42,65,synthetic_ml_training_data
772,10,89,84.12456155817756,93.87543844182244,2.4874685927665494,None,Excellent Progress,89,2026-07-04T191933Z,rf_n100_seed42,42,65,synthetic_ml_training_data
773,10,80,72.37361002832927,87.62638997167073,3.891015291668744,None,Excellent Progress,81,2026-07-04T191933Z,rf_n100_seed42,42,65,synthetic_ml_training_data
774,12,83,76.54510964926591,89.45489035073409,3.2933114034357573,None,Excellent Progress,85,2026-07-04T191933Z,rf_n100_seed42,42,65,synthetic_ml_training_data
775,10,77,68.34256662514807,85.65743337485193,4.4170578443122075,None,Monitor Progress,75,2026-07-04T191933Z,rf_n100_seed42,42,65,synthetic_ml_training_data
776,11,87,80.59769667697633,93.40230332302367,3.266481287256977,None,Excellent Progress,86,2026-07-04T191933Z,rf_n100_seed42,42,65,synthetic_ml_training_data
777,12,73,67.59199806213053,78.40800193786947,2.759184662178303,None,Student Counseling,74,2026-07-04T191933Z,rf_n100_seed42,42,65,synthetic_ml_training_data
778,10,91,85.43294440480427,96.56705559519573,2.8403344873447565,None,Excellent Progress,92,2026-07-04T191933Z,rf_n100_seed42,42,65,synthetic_ml_training_data
779,12,84,76.30513385691472,91.69486614308528,3.925952113819016,None,Excellent Progress,85,2026-07-04T191933Z,rf_n100_seed42,42,65,synthetic_ml_training_data
780,10,82,77.2825035283532,86.7174964716468,2.4068859549218358,None,Excellent Progress,82,2026-07-04T191933Z,rf_n100_seed42,42,65,synthetic_ml_training_data
781,10,81,76.03864413693192,85.96135586306808,2.5313040117694277,None,Excellent Progress,80,2026-07-04T191933Z,rf_n100_seed42,42,65,synthetic_ml_training_data
782,10,86,78.34635685179927,93.65364314820073,3.904919973571802,None,Excellent Progress,88,2026-07-04T191933Z,rf_n100_seed42,42,65,synthetic_ml_training_data
783,11,95,90.37273928117293,99.62726071882707,2.360847305524015,None,Excellent Progress,96,2026-07-04T191933Z,rf_n100_seed42,42,65,synthetic_ml_training_data
784,11,76,68.40199736772881,83.59800263227119,3.876531955240406,None,Monitor Progress,77,2026-07-04T191933Z,rf_n100_seed42,42,65,synthetic_ml_training_data
785,12,90,85.16984255329083,94.83015744670917,2.4643660442393696,None,Excellent Progress,89,2026-07-04T191933Z,rf_n100_seed42,42,65,synthetic_ml_training_data
786,10,83,80.39541146435757,85.60458853564243,1.3288717018583849,None,Excellent Progress,83,2026-07-04T191933Z,rf_n100_seed42,42,65,synthetic_ml_training_data
787,10,79,72.24294441638963,85.75705558361037,3.4474773385767166,None,Monitor Progress,78,2026-07-04T191933Z,rf_n100_seed42,42,65,synthetic_ml_training_data
788,11,79,72.7093159545245,85.2906840454755,3.20953267626301,None,Monitor Progress,81,2026-07-04T191933Z,rf_n100_seed42,42,65,synthetic_ml_training_data
789,10,90,85.26040550257726,94.73959449742274,2.4181604578687494,None,Excellent Progress,89,2026-07-04T191933Z,rf_n100_seed42,42,65,synthetic_ml_training_data
790,11,86,78.38611264596067,93.61388735403933,3.8846364051221065,None,Excellent Progress,88,2026-07-04T191933Z,rf_n100_seed42,42,65,synthetic_ml_training_data
791,10,79,74.2384100302525,83.7615899697475,2.4293826376262753,None,Monitor Progress,79,2026-07-04T191933Z,rf_n100_seed42,42,65,synthetic_ml_training_data
792,12,85,78.0469984150728,91.9530015849272,3.5474497882281573,None,Excellent Progress,84,2026-07-04T191933Z,rf_n100_seed42,42,65,synthetic_ml_training_data
793,10,85,79.38057369476208,90.61942630523792,2.86705423736629,None,Excellent Progress,86,2026-07-04T191933Z,rf_n100_seed42,42,65,synthetic_ml_training_data
794,10,80,75.89259564201429,84.10740435798571,2.0956144683600564,None,Excellent Progress,80,2026-07-04T191933Z,rf_n100_seed42,42,65,synthetic_ml_training_data
795,11,83,77.58887340380952,88.41112659619048,2.760778875607389,None,Excellent Progress,82,2026-07-04T191933Z,rf_n100_seed42,42,65,synthetic_ml_training_data
796,10,78,73.47537067153563,82.52462932846437,2.308484351257335,None,Monitor Progress,77,2026-07-04T191933Z,rf_n100_seed42,42,65,synthetic_ml_training_data
797,10,95,88.58642595739317,101.41357404260683,3.272231654391236,None,Excellent Progress,93,2026-07-04T191933Z,rf_n100_seed42,42,65,synthetic_ml_training_data
798,11,91,83.2384,98.7616,3.96,None,Excellent Progress,89,2026-07-04T191933Z,rf_n100_seed42,42,65,synthetic_ml_training_data
799,12,81,71.49492952998243,90.50507047001757,4.849525750008963,None,Excellent Progress,77,2026-07-04T191933Z,rf_n100_seed42,42,65,synthetic_ml_training_data
800,12,85,81.15800002082248,88.84199997917752,1.9602040710089348,None,Excellent Progress,84,2026-07-04T191933Z,rf_n100_seed42,42,65,synthetic_ml_training_data
801,11,92,86.53743393632627,97.46256606367373,2.7870235018743563,None,Excellent Progress,90,2026-07-04T191933Z,rf_n100_seed42,42,65,synthetic_ml_training_data
802,11,87,82.99876669013166,91.00123330986834,2.0414455662593602,None,Excellent Progress,87,2026-07-04T191933Z,rf_n100_seed42,42,65,synthetic_ml_training_data
803,11,78,69.51406008977203,86.48593991022797,4.329561178687743,None,Monitor Progress,71,2026-07-04T191933Z,rf_n100_seed42,42,65,synthetic_ml_training_data
804,11,92,87.0145443698695,96.9854556301305,2.5435998112910765,None,Excellent Progress,93,2026-07-04T191933Z,rf_n100_seed42,42,65,synthetic_ml_training_data
805,11,92,87.46650686556161,96.53349313443839,2.3130067012440754,None,Excellent Progress,92,2026-07-04T191933Z,rf_n100_seed42,42,65,synthetic_ml_training_data
806,12,81,76.1902462599422,85.8097537400578,2.453955989825408,None,Excellent Progress,83,2026-07-04T191933Z,rf_n100_seed42,42,65,synthetic_ml_training_data
807,12,86,78.33494642941095,93.66505357058905,3.9107416176474765,None,Excellent Progress,88,2026-07-04T191933Z,rf_n100_seed42,42,65,synthetic_ml_training_data
808,11,87,80.13261197834285,93.86738802165715,3.5037693988046645,None,Excellent Progress,89,2026-07-04T191933Z,rf_n100_seed42,42,65,synthetic_ml_training_data
809,10,83,77.67125056321842,88.32874943678158,2.718749712643663,None,Excellent Progress,82,2026-07-04T191933Z,rf_n100_seed42,42,65,synthetic_ml_training_data
810,11,84,77.36199186502456,90.63800813497544,3.38673884437522,None,Excellent Progress,85,2026-07-04T191933Z,rf_n100_seed42,42,65,synthetic_ml_training_data
811,10,87,80.88118888671991,93.11881111328009,3.1218424047347426,None,Excellent Progress,83,2026-07-04T191933Z,rf_n100_seed42,42,65,synthetic_ml_training_data
812,11,85,80.03009543753605,89.96990456246395,2.5356655930938525,None,Excellent Progress,81,2026-07-04T191933Z,rf_n100_seed42,42,65,synthetic_ml_training_data
813,11,85,80.47312126957216,89.52687873042784,2.309632005320328,None,Excellent Progress,85,2026-07-04T191933Z,rf_n100_seed42,42,65,synthetic_ml_training_data
814,12,85,80.24325322935938,89.75674677064062,2.4269116176737873,None,Excellent Progress,86,2026-07-04T191933Z,rf_n100_seed42,42,65,synthetic_ml_training_data
815,10,77,70.21888151998508,83.78111848001492,3.45975432653823,None,Monitor Progress,78,2026-07-04T191933Z,rf_n100_seed42,42,65,synthetic_ml_training_data
816,10,93,88.18126914634153,97.81873085365847,2.4585361498257448,None,Excellent Progress,93,2026-07-04T191933Z,rf_n100_seed42,42,65,synthetic_ml_training_data
817,12,88,80.75459813674908,95.24540186325092,3.696633603699452,None,Excellent Progress,83,2026-07-04T191933Z,rf_n100_seed42,42,65,synthetic_ml_training_data
818,12,82,75.54463355029321,88.45536644970679,3.293554311074891,None,Excellent Progress,83,2026-07-04T191933Z,rf_n100_seed42,42,65,synthetic_ml_training_data
819,12,82,75.3807982233505,88.6192017766495,3.3771437635966874,None,Excellent Progress,84,2026-07-04T191933Z,rf_n100_seed42,42,65,synthetic_ml_training_data
820,12,84,78.71032347302787,89.28967652697213,2.6988145545776203,None,Excellent Progress,85,2026-07-04T191933Z,rf_n100_seed42,42,65,synthetic_ml_training_data
821,10,79,70.61413135328247,87.38586864671753,4.278504411590574,None,Monitor Progress,73,2026-07-04T191933Z,rf_n100_seed42,42,65,synthetic_ml_training_data
822,10,94,88.92624933998526,99.07375066001474,2.5886482959258874,None,Excellent Progress,95,2026-07-04T191933Z,rf_n100_seed42,42,65,synthetic_ml_training_data
823,11,88,80.0962893676451,95.9037106323549,4.032505424670871,None,Excellent Progress,84,2026-07-04T191933Z,rf_n100_seed42,42,65,synthetic_ml_training_data
824,11,76,67.88986198884385,84.11013801115615,4.137825515896,None,Monitor Progress,80,2026-07-04T191933Z,rf_n100_seed42,42,65,synthetic_ml_training_data
825,12,86,81.22906045311828,90.77093954688172,2.434152830041697,None,Excellent Progress,86,2026-07-04T191933Z,rf_n100_seed42,42,65,synthetic_ml_training_data
826,12,86,80.68988286381553,91.31011713618447,2.709243436828814,None,Excellent Progress,85,2026-07-04T191933Z,rf_n100_seed42,42,65,synthetic_ml_training_data
827,12,92,85.92049198043131,98.07950801956869,3.1017898059023925,None,Excellent Progress,89,2026-07-04T191933Z,rf_n100_seed42,42,65,synthetic_ml_training_data
828,11,74,68.86629640123235,79.13370359876765,2.6192365299834988,None,Student Counseling,73,2026-07-04T191933Z,rf_n100_seed42,42,65,synthetic_ml_training_data
829,11,72,68.35108215493963,75.64891784506037,1.8616927780920247,None,Student Counseling,71,2026-07-04T191933Z,rf_n100_seed42,42,65,synthetic_ml_training_data
830,11,82,73.17061876686707,90.82938123313293,4.5047863434351685,None,Excellent Progress,81,2026-07-04T191933Z,rf_n100_seed42,42,65,synthetic_ml_training_data
831,11,83,77.49396961868172,88.50603038131828,2.809199174141983,None,Excellent Progress,82,2026-07-04T191933Z,rf_n100_seed42,42,65,synthetic_ml_training_data
832,11,91,86.59213473890138,95.40786526109862,2.2489108474992956,None,Excellent Progress,91,2026-07-04T191933Z,rf_n100_seed42,42,65,synthetic_ml_training_data
833,11,88,81.0403714581883,94.9596285418117,3.550830888679437,None,Excellent Progress,89,2026-07-04T191933Z,rf_n100_seed42,42,65,synthetic_ml_training_data
834,11,87,79.4822820909534,94.5177179090466,3.83557036175847,None,Excellent Progress,86,2026-07-04T191933Z,rf_n100_seed42,42,65,synthetic_ml_training_data
835,12,79,74.88778173731015,83.11221826268985,2.098070542188703,None,Monitor Progress,79,2026-07-04T191933Z,rf_n100_seed42,42,65,synthetic_ml_training_data
836,12,91,86.29849149314818,95.70150850685182,2.398728830026437,None,Excellent Progress,92,2026-07-04T191933Z,rf_n100_seed42,42,65,synthetic_ml_training_data
837,12,78,70.70113789690475,85.29886210309525,3.7239092362730863,None,Monitor Progress,77,2026-07-04T191933Z,rf_n100_seed42,42,65,synthetic_ml_training_data
838,12,94,87.93288972903903,100.06711027096097,3.0954644239596747,None,Excellent Progress,96,2026-07-04T191933Z,rf_n100_seed42,42,65,synthetic_ml_training_data
839,11,75,69.4142063195997,80.5857936804003,2.8498947348981156,None,Monitor Progress,74,2026-07-04T191933Z,rf_n100_seed42,42,65,synthetic_ml_training_data
840,10,88,82.59963977497797,93.40036022502203,2.755285829092873,None,Excellent Progress,87,2026-07-04T191933Z,rf_n100_seed42,42,65,synthetic_ml_training_data
841,11,88,81.7773163859955,94.2226836140045,3.1748385785737203,None,Excellent Progress,89,2026-07-04T191933Z,rf_n100_seed42,42,65,synthetic_ml_training_data
842,10,84,76.77145197428972,91.22854802571028,3.6880347069950408,None,Excellent Progress,86,2026-07-04T191933Z,rf_n100_seed42,42,65,synthetic_ml_training_data
843,12,77,71.75997748096442,82.24002251903558,2.67348087705897,None,Monitor Progress,77,2026-07-04T191933Z,rf_n100_seed42,42,65,synthetic_ml_training_data
844,11,81,74.4114839789221,87.5885160210779,3.361487765856065,None,Excellent Progress,80,2026-07-04T191933Z,rf_n100_seed42,42,65,synthetic_ml_training_data
845,12,93,87.1298081803062,98.8701918196938,2.9949958263743874,None,Excellent Progress,95,2026-07-04T191933Z,rf_n100_seed42,42,65,synthetic_ml_training_data
846,11,84,73.60231545775696,94.39768454224304,5.304941092981147,None,Excellent Progress,86,2026-07-04T191933Z,rf_n100_seed42,42,65,synthetic_ml_training_data
847,12,77,70.96192740686236,83.03807259313764,3.080649282213085,None,Monitor Progress,75,2026-07-04T191933Z,rf_n100_seed42,42,65,synthetic_ml_training_data
848,10,81,74.40056037530458,87.59943962469542,3.3670610330078667,None,Excellent Progress,80,2026-07-04T191933Z,rf_n100_seed42,42,65,synthetic_ml_training_data
849,10,83,78.92508505119432,87.07491494880568,2.0790382391865716,None,Excellent Progress,82,2026-07-04T191933Z,rf_n100_seed42,42,65,synthetic_ml_training_data
850,10,78,73.203002605796,82.796997394204,2.4474476501040834,None,Monitor Progress,77,2026-07-04T191933Z,rf_n100_seed42,42,65,synthetic_ml_training_data
851,11,79,73.7435445555013,84.2564554444987,2.681865022703417,None,Monitor Progress,78,2026-07-04T191933Z,rf_n100_seed42,42,65,synthetic_ml_training_data
852,10,80,74.63389368722534,85.36610631277466,2.737809343252375,None,Excellent Progress,81,2026-07-04T191933Z,rf_n100_seed42,42,65,synthetic_ml_training_data
853,11,71,64.30554547106338,77.69445452893662,3.4155380249676623,Parent Outreach,Student Counseling,70,2026-07-04T191933Z,rf_n100_seed42,42,65,synthetic_ml_training_data
854,10,72,64.92920661877325,79.07079338122675,3.607547643483035,Parent Outreach,Student Counseling,74,2026-07-04T191933Z,rf_n100_seed42,42,65,synthetic_ml_training_data
855,10,68,62.0185950680463,73.98140493195369,3.0517372101804576,Parent Outreach,Refer to Counseling,67,2026-07-04T191933Z,rf_n100_seed42,42,65,synthetic_ml_training_data
856,11,75,68.82192578872672,81.17807421127328,3.152078679221063,None,Monitor Progress,75,2026-07-04T191933Z,rf_n100_seed42,42,65,synthetic_ml_training_data
857,11,82,78.28059335914988,85.71940664085012,1.8976564494133281,None,Excellent Progress,81,2026-07-04T191933Z,rf_n100_seed42,42,65,synthetic_ml_training_data
858,10,96,90.79735361186252,101.20264638813748,2.654411422519124,None,Excellent Progress,97,2026-07-04T191933Z,rf_n100_seed42,42,65,synthetic_ml_training_data
859,11,78,71.1867513064618,84.8132486935382,3.4761472926215315,None,Monitor Progress,75,2026-07-04T191933Z,rf_n100_seed42,42,65,synthetic_ml_training_data
860,10,80,72.11319769741881,87.88680230258119,4.023878725806731,None,Excellent Progress,78,2026-07-04T191933Z,rf_n100_seed42,42,65,synthetic_ml_training_data
861,11,78,71.61692664619935,84.38307335380065,3.256670078469725,None,Monitor Progress,76,2026-07-04T191933Z,rf_n100_seed42,42,65,synthetic_ml_training_data
862,12,88,81.42117014659901,94.57882985340099,3.3565458435719306,None,Excellent Progress,86,2026-07-04T191933Z,rf_n100_seed42,42,65,synthetic_ml_training_data
863,12,82,76.9761257977533,87.0238742022467,2.5632011235952596,None,Excellent Progress,83,2026-07-04T191933Z,rf_n100_seed42,42,65,synthetic_ml_training_data
864,12,75,68.8515952768218,81.1484047231782,3.136941185295,None,Monitor Progress,74,2026-07-04T191933Z,rf_n100_seed42,42,65,synthetic_ml_training_data
865,12,83,77.76874568004958,88.23125431995042,2.669007306097156,None,Excellent Progress,82,2026-07-04T191933Z,rf_n100_seed42,42,65,synthetic_ml_training_data
866,12,91,83.78754620396082,98.21245379603918,3.679823365326113,None,Excellent Progress,96,2026-07-04T191933Z,rf_n100_seed42,42,65,synthetic_ml_training_data
867,10,81,74.00494150417596,87.99505849582404,3.5689073958285893,None,Excellent Progress,82,2026-07-04T191933Z,rf_n100_seed42,42,65,synthetic_ml_training_data
868,12,80,73.045479179699,86.954520820301,3.5482249083168336,None,Excellent Progress,78,2026-07-04T191933Z,rf_n100_seed42,42,65,synthetic_ml_training_data
869,12,81,76.19964028014566,85.80035971985434,2.4491631223746615,None,Excellent Progress,81,2026-07-04T191933Z,rf_n100_seed42,42,65,synthetic_ml_training_data
870,12,86,77.58662152045922,94.41337847954078,4.292540040582033,None,Excellent Progress,88,2026-07-04T191933Z,rf_n100_seed42,42,65,synthetic_ml_training_data
871,12,84,79.59653818002245,88.40346181997755,2.2466641938660974,None,Excellent Progress,85,2026-07-04T191933Z,rf_n100_seed42,42,65,synthetic_ml_training_data
872,11,88,78.27359997532488,97.72640002467512,4.962448992181179,None,Excellent Progress,91,2026-07-04T191933Z,rf_n100_seed42,42,65,synthetic_ml_training_data
873,10,89,85.22604557526194,92.77395442473806,1.9254869513969706,None,Excellent Progress,88,2026-07-04T191933Z,rf_n100_seed42,42,65,synthetic_ml_training_data
874,12,88,83.92263465458392,92.07736534541608,2.080288441538817,None,Excellent Progress,89,2026-07-04T191933Z,rf_n100_seed42,42,65,synthetic_ml_training_data
875,12,86,79.35392351533629,92.64607648466371,3.390855349318222,None,Excellent Progress,84,2026-07-04T191933Z,rf_n100_seed42,42,65,synthetic_ml_training_data
876,12,88,83.3297678687243,92.6702321312757,2.3827714955488277,None,Excellent Progress,87,2026-07-04T191933Z,rf_n100_seed42,42,65,synthetic_ml_training_data
877,10,85,80.94270531511452,89.05729468488548,2.0700483086150427,None,Excellent Progress,85,2026-07-04T191933Z,rf_n100_seed42,42,65,synthetic_ml_training_data
878,11,69,58.855679216428534,79.14432078357146,5.175673869169115,Parent Outreach,Refer to Counseling,65,2026-07-04T191933Z,rf_n100_seed42,42,65,synthetic_ml_training_data
879,10,77,69.76096347847312,84.23903652152688,3.6933859803708575,None,Monitor Progress,75,2026-07-04T191933Z,rf_n100_seed42,42,65,synthetic_ml_training_data
880,11,87,77.80805971298768,96.19194028701232,4.689765452557302,None,Excellent Progress,77,2026-07-04T191933Z,rf_n100_seed42,42,65,synthetic_ml_training_data
881,12,91,83.81944162616861,98.18055837383139,3.663550190730298,None,Excellent Progress,91,2026-07-04T191933Z,rf_n100_seed42,42,65,synthetic_ml_training_data
882,12,89,83.79469607419509,94.20530392580491,2.655767309084137,None,Excellent Progress,90,2026-07-04T191933Z,rf_n100_seed42,42,65,synthetic_ml_training_data
883,10,71,60.884975681690136,81.11502431830986,5.1607266930152385,Parent Outreach,Student Counseling,74,2026-07-04T191933Z,rf_n100_seed42,42,65,synthetic_ml_training_data
884,10,75,66.90446444019915,83.09553555980085,4.1303752856126765,None,Monitor Progress,75,2026-07-04T191933Z,rf_n100_seed42,42,65,synthetic_ml_training_data
885,11,83,74.95721457205279,91.04278542794721,4.103461953034291,None,Excellent Progress,78,2026-07-04T191933Z,rf_n100_seed42,42,65,synthetic_ml_training_data
886,11,79,73.38430070605628,84.61569929394372,2.865152700991694,None,Monitor Progress,78,2026-07-04T191933Z,rf_n100_seed42,42,65,synthetic_ml_training_data
887,10,86,78.85860343070068,93.14139656929932,3.6435696782139346,None,Excellent Progress,84,2026-07-04T191933Z,rf_n100_seed42,42,65,synthetic_ml_training_data
888,11,69,63.60035118178969,74.39964881821031,2.754922866433832,Parent Outreach,Refer to Counseling,69,2026-07-04T191933Z,rf_n100_seed42,42,65,synthetic_ml_training_data
889,10,79,71.77283387211834,86.22716612788166,3.68732965708248,None,Monitor Progress,77,2026-07-04T191933Z,rf_n100_seed42,42,65,synthetic_ml_training_data
890,11,88,84.514945831124,91.485054168876,1.7780888616714294,None,Excellent Progress,88,2026-07-04T191933Z,rf_n100_seed42,42,65,synthetic_ml_training_data
891,10,89,82.92150309369167,95.07849690630833,3.1012739317899665,None,Excellent Progress,88,2026-07-04T191933Z,rf_n100_seed42,42,65,synthetic_ml_training_data
892,10,82,77.77462001708722,86.22537998291278,2.1558061137310096,None,Excellent Progress,82,2026-07-04T191933Z,rf_n100_seed42,42,65,synthetic_ml_training_data
893,10,84,77.77830423116012,90.22169576883988,3.174334575938712,None,Excellent Progress,84,2026-07-04T191933Z,rf_n100_seed42,42,65,synthetic_ml_training_data
894,11,88,81.71380606089822,94.28619393910178,3.2072418056641756,None,Excellent Progress,88,2026-07-04T191933Z,rf_n100_seed42,42,65,synthetic_ml_training_data
895,11,88,81.56964652915565,94.43035347084435,3.280792587165486,None,Excellent Progress,90,2026-07-04T191933Z,rf_n100_seed42,42,65,synthetic_ml_training_data
896,11,83,77.35588059658551,88.64411940341449,2.8796527568441306,None,Excellent Progress,81,2026-07-04T191933Z,rf_n100_seed42,42,65,synthetic_ml_training_data
897,10,90,85.29293849625905,94.70706150374095,2.4015619917045656,None,Excellent Progress,90,2026-07-04T191933Z,rf_n100_seed42,42,65,synthetic_ml_training_data
898,11,72,66.63679386933525,77.36320613066475,2.736329658502425,None,Student Counseling,71,2026-07-04T191933Z,rf_n100_seed42,42,65,synthetic_ml_training_data
899,11,81,76.02206301365716,85.97793698634284,2.539763768542263,None,Excellent Progress,80,2026-07-04T191933Z,rf_n100_seed42,42,65,synthetic_ml_training_data
900,10,88,82.07198008100512,93.92801991899488,3.0244999586708543,None,Excellent Progress,91,2026-07-04T191933Z,rf_n100_seed42,42,65,synthetic_ml_training_data
901,12,82,75.66813816954286,88.33186183045714,3.230541750233233,None,Excellent Progress,83,2026-07-04T191933Z,rf_n100_seed42,42,65,synthetic_ml_training_data
902,10,87,80.94582047177325,93.05417952822675,3.088867106238143,None,Excellent Progress,87,2026-07-04T191933Z,rf_n100_seed42,42,65,synthetic_ml_training_data
903,11,84,78.84125170220527,89.15874829779473,2.632014437650371,None,Excellent Progress,86,2026-07-04T191933Z,rf_n100_seed42,42,65,synthetic_ml_training_data
904,10,89,83.71530059132972,94.28469940867028,2.696275208505245,None,Excellent Progress,90,2026-07-04T191933Z,rf_n100_seed42,42,65,synthetic_ml_training_data
905,12,92,87.38737412746275,96.61262587253725,2.3533805472128813,None,Excellent Progress,92,2026-07-04T191933Z,rf_n100_seed42,42,65,synthetic_ml_training_data
906,10,81,76.04267215528365,85.95732784471635,2.529248900365482,None,Excellent Progress,82,2026-07-04T191933Z,rf_n100_seed42,42,65,synthetic_ml_training_data
907,11,81,76.9610681808181,85.0389318191819,2.0606794995826014,None,Excellent Progress,82,2026-07-04T191933Z,rf_n100_seed42,42,65,synthetic_ml_training_data
908,12,87,80.16963199820097,93.83036800179903,3.4848816335709305,None,Excellent Progress,88,2026-07-04T191933Z,rf_n100_seed42,42,65,synthetic_ml_training_data
909,11,86,80.76698352381726,91.23301647618274,2.6699063653993567,None,Excellent Progress,85,2026-07-04T191933Z,rf_n100_seed42,42,65,synthetic_ml_training_data
910,12,86,79.80577977788971,92.19422022211029,3.1603164398521866,None,Excellent Progress,86,2026-07-04T191933Z,rf_n100_seed42,42,65,synthetic_ml_training_data
911,12,80,74.84017203387555,85.15982796612445,2.632565288839006,None,Excellent Progress,80,2026-07-04T191933Z,rf_n100_seed42,42,65,synthetic_ml_training_data
912,10,80,76.09123710619332,83.90876289380668,1.9942667825544302,None,Excellent Progress,80,2026-07-04T191933Z,rf_n100_seed42,42,65,synthetic_ml_training_data
913,10,80,75.20797035067604,84.79202964932396,2.44491308638978,None,Excellent Progress,79,2026-07-04T191933Z,rf_n100_seed42,42,65,synthetic_ml_training_data
914,11,87,81.60479959964414,92.39520040035586,2.752653265487682,None,Excellent Progress,86,2026-07-04T191933Z,rf_n100_seed42,42,65,synthetic_ml_training_data
915,10,87,82.89315685227692,91.10684314772308,2.095328136593407,None,Excellent Progress,87,2026-07-04T191933Z,rf_n100_seed42,42,65,synthetic_ml_training_data
916,10,83,77.83916702847301,88.16083297152699,2.6330780466974386,None,Excellent Progress,82,2026-07-04T191933Z,rf_n100_seed42,42,65,synthetic_ml_training_data
917,12,70,60.13960251511127,79.86039748488874,5.030815043310577,Parent Outreach,Student Counseling,67,2026-07-04T191933Z,rf_n100_seed42,42,65,synthetic_ml_training_data
918,10,89,78.927735634923,99.072264365077,5.1389103903454085,None,Excellent Progress,84,2026-07-04T191933Z,rf_n100_seed42,42,65,synthetic_ml_training_data
919,12,94,86.09616785603338,101.90383214396662,4.032567420391133,None,Excellent Progress,96,2026-07-04T191933Z,rf_n100_seed42,42,65,synthetic_ml_training_data
920,12,89,84.56074062032866,93.43925937967134,2.264928254934359,None,Excellent Progress,90,2026-07-04T191933Z,rf_n100_seed42,42,65,synthetic_ml_training_data
921,12,87,82.7373266791836,91.2626733208164,2.1748333269471476,None,Excellent Progress,87,2026-07-04T191933Z,rf_n100_seed42,42,65,synthetic_ml_training_data
922,11,87,82.12184388933687,91.87815611066313,2.4888551585015954,None,Excellent Progress,89,2026-07-04T191933Z,rf_n100_seed42,42,65,synthetic_ml_training_data
923,11,89,83.90026982674573,94.09973017325427,2.6019031496195235,None,Excellent Progress,89,2026-07-04T191933Z,rf_n100_seed42,42,65,synthetic_ml_training_data
924,11,89,81.62782013241673,96.37217986758327,3.7613162589710534,None,Excellent Progress,87,2026-07-04T191933Z,rf_n100_seed42,42,65,synthetic_ml_training_data
925,12,86,79.61569298983828,92.38430701016172,3.257299494980466,None,Excellent Progress,86,2026-07-04T191933Z,rf_n100_seed42,42,65,synthetic_ml_training_data
926,11,79,73.64579082963692,84.35420917036308,2.7317393726342196,None,Monitor Progress,79,2026-07-04T191933Z,rf_n100_seed42,42,65,synthetic_ml_training_data
927,11,86,81.52192541375203,90.47807458624797,2.2847319317591723,None,Excellent Progress,86,2026-07-04T191933Z,rf_n100_seed42,42,65,synthetic_ml_training_data
928,10,87,81.28445717713532,92.71554282286468,2.916093276971777,None,Excellent Progress,86,2026-07-04T191933Z,rf_n100_seed42,42,65,synthetic_ml_training_data
929,11,87,81.38002681856932,92.61997318143068,2.867333255831976,None,Excellent Progress,88,2026-07-04T191933Z,rf_n100_seed42,42,65,synthetic_ml_training_data
930,11,81,73.91140860255015,88.08859139744985,3.6166282640050245,None,Excellent Progress,79,2026-07-04T191933Z,rf_n100_seed42,42,65,synthetic_ml_training_data
931,12,75,69.96222804803553,80.03777195196447,2.570291812226775,None,Monitor Progress,75,2026-07-04T191933Z,rf_n100_seed42,42,65,synthetic_ml_training_data
932,12,77,69.61155388461145,84.38844611538855,3.769615364994153,None,Monitor Progress,74,2026-07-04T191933Z,rf_n100_seed42,42,65,synthetic_ml_training_data
933,12,94,89.56866582618733,98.43133417381267,2.260884782557484,None,Excellent Progress,95,2026-07-04T191933Z,rf_n100_seed42,42,65,synthetic_ml_training_data
934,12,84,81.45388531287375,86.54611468712625,1.299038105676658,None,Excellent Progress,84,2026-07-04T191933Z,rf_n100_seed42,42,65,synthetic_ml_training_data
935,12,82,76.14566668526638,87.85433331473362,2.9869047524151155,None,Excellent Progress,81,2026-07-04T191933Z,rf_n100_seed42,42,65,synthetic_ml_training_data
936,12,93,88.33635308369084,97.66364691630916,2.3794116919944726,None,Excellent Progress,93,2026-07-04T191933Z,rf_n100_seed42,42,65,synthetic_ml_training_data
937,11,86,75.14841260644324,96.85158739355676,5.536524180386102,None,Excellent Progress,88,2026-07-04T191933Z,rf_n100_seed42,42,65,synthetic_ml_training_data
938,12,77,73.11885355081775,80.88114644918225,1.9801767597868634,None,Monitor Progress,77,2026-07-04T191933Z,rf_n100_seed42,42,65,synthetic_ml_training_data
939,12,80,70.00417294267253,89.99582705732747,5.099911763942589,None,Excellent Progress,75,2026-07-04T191933Z,rf_n100_seed42,42,65,synthetic_ml_training_data
940,10,85,73.89091434185514,96.10908565814486,5.66790084599228,None,Excellent Progress,89,2026-07-04T191933Z,rf_n100_seed42,42,65,synthetic_ml_training_data
941,11,87,82.31957909585046,91.68042090414954,2.3879698490558883,None,Excellent Progress,88,2026-07-04T191933Z,rf_n100_seed42,42,65,synthetic_ml_training_data
942,11,82,73.66571216239804,90.33428783760196,4.252187672245899,None,Excellent Progress,83,2026-07-04T191933Z,rf_n100_seed42,42,65,synthetic_ml_training_data
943,11,76,67.15903114811505,84.84096885188495,4.510698393818855,None,Monitor Progress,73,2026-07-04T191933Z,rf_n100_seed42,42,65,synthetic_ml_training_data
944,12,81,77.65901916198251,84.34098083801749,1.7045820602130015,None,Excellent Progress,81,2026-07-04T191933Z,rf_n100_seed42,42,65,synthetic_ml_training_data
945,12,83,77.33848308666308,88.66151691333692,2.8885290374167956,None,Excellent Progress,82,2026-07-04T191933Z,rf_n100_seed42,42,65,synthetic_ml_training_data
946,12,85,79.55349184889988,90.44650815110012,2.778830689336794,None,Excellent Progress,87,2026-07-04T191933Z,rf_n100_seed42,42,65,synthetic_ml_training_data
947,10,70,58.12280429730991,81.87719570269009,6.059793725862292,Parent Outreach,Student Counseling,67,2026-07-04T191933Z,rf_n100_seed42,42,65,synthetic_ml_training_data
948,12,91,81.75521790413642,100.24478209586358,4.716725559114076,None,Excellent Progress,88,2026-07-04T191933Z,rf_n100_seed42,42,65,synthetic_ml_training_data
949,10,91,83.39734721034822,98.60265278965178,3.8789044845162146,None,Excellent Progress,87,2026-07-04T191933Z,rf_n100_seed42,42,65,synthetic_ml_training_data
950,11,84,78.43653387176663,89.56346612823337,2.8385031266496785,None,Excellent Progress,85,2026-07-04T191933Z,rf_n100_seed42,42,65,synthetic_ml_training_data
951,12,90,83.16142545847455,96.83857454152545,3.4890686436354335,None,Excellent Progress,92,2026-07-04T191933Z,rf_n100_seed42,42,65,synthetic_ml_training_data
952,10,79,73.09600628726622,84.90399371273378,3.012241690170296,None,Monitor Progress,80,2026-07-04T191933Z,rf_n100_seed42,42,65,synthetic_ml_training_data
953,10,91,83.8422689181557,98.1577310818443,3.651903613185868,None,Excellent Progress,93,2026-07-04T191933Z,rf_n100_seed42,42,65,synthetic_ml_training_data
954,12,85,78.98835696335851,91.01164303664149,3.067164814613,None,Excellent Progress,84,2026-07-04T191933Z,rf_n100_seed42,42,65,synthetic_ml_training_data
955,11,78,67.17024174600374,88.82975825399626,5.525386864283804,None,Monitor Progress,75,2026-07-04T191933Z,rf_n100_seed42,42,65,synthetic_ml_training_data
956,11,85,81.74828970540118,88.25171029459882,1.659035864591239,None,Excellent Progress,85,2026-07-04T191933Z,rf_n100_seed42,42,65,synthetic_ml_training_data
957,11,85,79.60907353416873,90.39092646583127,2.750472686648606,None,Excellent Progress,85,2026-07-04T191933Z,rf_n100_seed42,42,65,synthetic_ml_training_data
958,10,81,73.74061403147621,88.25938596852379,3.7037683512876454,None,Excellent Progress,83,2026-07-04T191933Z,rf_n100_seed42,42,65,synthetic_ml_training_data
959,10,82,76.16117348776315,87.83882651223685,2.9789931184881913,None,Excellent Progress,81,2026-07-04T191933Z,rf_n100_seed42,42,65,synthetic_ml_training_data
960,10,85,78.52751731095401,91.47248268904599,3.3022870862479534,None,Excellent Progress,82,2026-07-04T191933Z,rf_n100_seed42,42,65,synthetic_ml_training_data
961,10,83,78.69584714026094,87.30415285973906,2.195996357009729,None,Excellent Progress,83,2026-07-04T191933Z,rf_n100_seed42,42,65,synthetic_ml_training_data
962,11,84,79.28217780750482,88.71782219249518,2.4070521390281514,None,Excellent Progress,84,2026-07-04T191933Z,rf_n100_seed42,42,65,synthetic_ml_training_data
963,12,89,84.82837585585662,93.17162414414338,2.1283796653792764,None,Excellent Progress,88,2026-07-04T191933Z,rf_n100_seed42,42,65,synthetic_ml_training_data
964,10,90,82.85819999159875,97.14180000840125,3.643775514490431,None,Excellent Progress,92,2026-07-04T191933Z,rf_n100_seed42,42,65,synthetic_ml_training_data
965,10,85,80.65056612419501,89.34943387580499,2.2190989162270345,None,Excellent Progress,86,2026-07-04T191933Z,rf_n100_seed42,42,65,synthetic_ml_training_data
966,11,72,66.54133842045506,77.45866157954494,2.785031418135171,None,Student Counseling,71,2026-07-04T191933Z,rf_n100_seed42,42,65,synthetic_ml_training_data
967,12,79,75.56043733012466,82.43956266987534,1.754878913201706,None,Monitor Progress,79,2026-07-04T191933Z,rf_n100_seed42,42,65,synthetic_ml_training_data
968,12,83,78.61297004341206,87.38702995658794,2.2382805900958886,None,Excellent Progress,83,2026-07-04T191933Z,rf_n100_seed42,42,65,synthetic_ml_training_data
969,11,86,81.91327074544937,90.08672925455063,2.0850659461993044,None,Excellent Progress,85,2026-07-04T191933Z,rf_n100_seed42,42,65,synthetic_ml_training_data
970,11,82,74.62261103099478,89.37738896900522,3.7639739637781773,None,Excellent Progress,84,2026-07-04T191933Z,rf_n100_seed42,42,65,synthetic_ml_training_data
971,12,85,80.26105397371947,89.73894602628053,2.4178296052451667,None,Excellent Progress,86,2026-07-04T191933Z,rf_n100_seed42,42,65,synthetic_ml_training_data
972,10,93,85.89854916231901,100.10145083768099,3.623189202898463,None,Excellent Progress,95,2026-07-04T191933Z,rf_n100_seed42,42,65,synthetic_ml_training_data
973,12,85,76.44586297982082,93.55413702017918,4.3643556225403985,None,Excellent Progress,88,2026-07-04T191933Z,rf_n100_seed42,42,65,synthetic_ml_training_data
974,11,78,71.59454727283075,84.40545272716925,3.2680881261067602,None,Monitor Progress,77,2026-07-04T191933Z,rf_n100_seed42,42,65,synthetic_ml_training_data
975,10,87,80.36037162485731,93.63962837514269,3.3875654975217815,None,Excellent Progress,77,2026-07-04T191933Z,rf_n100_seed42,42,65,synthetic_ml_training_data
976,10,78,72.13141174046092,83.86858825953908,2.9941776834383096,None,Monitor Progress,79,2026-07-04T191933Z,rf_n100_seed42,42,65,synthetic_ml_training_data
977,11,75,68.86513738051129,81.13486261948871,3.130031948718735,None,Monitor Progress,73,2026-07-04T191933Z,rf_n100_seed42,42,65,synthetic_ml_training_data
978,11,83,76.62472526082209,89.37527473917791,3.2526911934581184,None,Excellent Progress,86,2026-07-04T191933Z,rf_n100_seed42,42,65,synthetic_ml_training_data
979,11,87,79.6484582950241,94.3515417049759,3.7507865841713786,None,Excellent Progress,86,2026-07-04T191933Z,rf_n100_seed42,42,65,synthetic_ml_training_data
980,12,77,69.54532351875683,84.45467648124317,3.8034063679812076,None,Monitor Progress,75,2026-07-04T191933Z,rf_n100_seed42,42,65,synthetic_ml_training_data
981,12,78,73.72666058450771,82.27333941549229,2.180275211985863,None,Monitor Progress,78,2026-07-04T191933Z,rf_n100_seed42,42,65,synthetic_ml_training_data
982,10,66,55.44560473736178,76.55439526263821,5.384895542162354,Parent Outreach,Refer to Counseling,63,2026-07-04T191933Z,rf_n100_seed42,42,65,synthetic_ml_training_data
983,11,78,72.53599244510039,83.46400755489961,2.787758956581433,None,Monitor Progress,77,2026-07-04T191933Z,rf_n100_seed42,42,65,synthetic_ml_training_data
984,10,84,78.63862071477871,89.36137928522129,2.73539759450066,None,Excellent Progress,83,2026-07-04T191933Z,rf_n100_seed42,42,65,synthetic_ml_training_data
985,10,84,79.43374681385274,88.56625318614726,2.3297210133404387,None,Excellent Progress,84,2026-07-04T191933Z,rf_n100_seed42,42,65,synthetic_ml_training_data
986,10,83,76.90619640618439,89.09380359381561,3.109083466232452,None,Excellent Progress,84,2026-07-04T191933Z,rf_n100_seed42,42,65,synthetic_ml_training_data
987,10,85,77.26927200323281,92.73072799676719,3.944248977942442,None,Excellent Progress,84,2026-07-04T191933Z,rf_n100_seed42,42,65,synthetic_ml_training_data
988,11,92,87.12263146358613,96.87736853641387,2.4884533349050364,None,Excellent Progress,92,2026-07-04T191933Z,rf_n100_seed42,42,65,synthetic_ml_training_data
989,10,90,83.54153976245111,96.45846023754889,3.2951327742596357,None,Excellent Progress,88,2026-07-04T191933Z,rf_n100_seed42,42,65,synthetic_ml_training_data
990,11,86,76.55938985022684,95.44061014977316,4.8166378315169185,None,Excellent Progress,89,2026-07-04T191933Z,rf_n100_seed42,42,65,synthetic_ml_training_data
991,11,92,85.32232285895762,98.67767714104238,3.4069781331848903,None,Excellent Progress,93,2026-07-04T191933Z,rf_n100_seed42,42,65,synthetic_ml_training_data
992,12,81,72.41135246036956,89.58864753963044,4.381963030423694,None,Excellent Progress,77,2026-07-04T191933Z,rf_n100_seed42,42,65,synthetic_ml_training_data
993,11,88,84.28612323306226,91.71387676693774,1.8948350851723215,None,Excellent Progress,88,2026-07-04T191933Z,rf_n100_seed42,42,65,synthetic_ml_training_data
994,12,79,74.66937567549435,83.33062432450565,2.2095022063804324,None,Monitor Progress,78,2026-07-04T191933Z,rf_n100_seed42,42,65,synthetic_ml_training_data
995,11,78,70.74929795399093,85.25070204600907,3.6993377785760515,None,Monitor Progress,76,2026-07-04T191933Z,rf_n100_seed42,42,65,synthetic_ml_training_data
996,11,85,78.6888,91.3112,3.2199999999999998,None,Excellent Progress,88,2026-07-04T191933Z,rf_n100_seed42,42,65,synthetic_ml_training_data
997,11,81,75.78555270042932,86.21444729957068,2.6604322956993287,None,Excellent Progress,82,2026-07-04T191933Z,rf_n100_seed42,42,65,synthetic_ml_training_data
998,12,74,68.6262032639855,79.3737967360145,2.741733028578822,None,Student Counseling,75,2026-07-04T191933Z,rf_n100_seed42,42,65,synthetic_ml_training_data
999,12,90,83.67156700596428,96.32843299403572,3.228792343895779,None,Excellent Progress,91,2026-07-04T191933Z,rf_n100_seed42,42,65,synthetic_ml_training_data
1000,10,91,85.6244878346338,96.3755121653662,2.742608247635816,None,Excellent Progress,91,2026-07-04T191933Z,rf_n100_seed42,42,65,synthetic_ml_training_data
