score_id,student_id,course_id,assignment_id,date_submitted,submission_status,points_possible,points_earned,missing_flag,late_flag
AS-STU2026001-HW01,STU2026001,ALG1-A,HW01,2026-09-12,Late,20,12.1,No,Yes
AS-STU2026001-HW02,STU2026001,ALG1-A,HW02,2026-09-15,Submitted,10,8.3,No,No
AS-STU2026001-HW03,STU2026001,ALG1-A,HW03,2026-09-17,Submitted,20,11.4,No,No
AS-STU2026001-HW04,STU2026001,ALG1-A,HW04,,Missing,20,0,Yes,No
AS-STU2026001-HW05,STU2026001,ALG1-A,HW05,2026-09-23,Submitted,20,15.0,No,No
AS-STU2026001-HW06,STU2026001,ALG1-A,HW06,2026-09-25,Submitted,20,18.3,No,No
AS-STU2026001-HW07,STU2026001,ALG1-A,HW07,2026-09-29,Late,10,6.9,No,Yes
AS-STU2026001-HW08,STU2026001,ALG1-A,HW08,2026-10-01,Late,20,15.0,No,Yes
AS-STU2026001-HW09,STU2026001,ALG1-A,HW09,2026-10-05,Submitted,20,15.1,No,No
AS-STU2026001-HW10,STU2026001,ALG1-A,HW10,2026-10-07,Submitted,15,10.4,No,No
AS-STU2026001-HW11,STU2026001,ALG1-A,HW11,,Missing,20,0,Yes,No
AS-STU2026001-HW12,STU2026001,ALG1-A,HW12,2026-10-13,Submitted,20,14.5,No,No
AS-STU2026001-HW13,STU2026001,ALG1-A,HW13,2026-10-15,Submitted,20,15.1,No,No
AS-STU2026001-HW14,STU2026001,ALG1-A,HW14,2026-10-19,Submitted,10,8.5,No,No
AS-STU2026001-HW15,STU2026001,ALG1-A,HW15,2026-10-21,Submitted,20,17.4,No,No
AS-STU2026001-HW16,STU2026001,ALG1-A,HW16,2026-10-23,Submitted,20,12.1,No,No
AS-STU2026001-HW17,STU2026001,ALG1-A,HW17,2026-10-27,Submitted,20,16.6,No,No
AS-STU2026001-HW18,STU2026001,ALG1-A,HW18,2026-10-31,Late,10,5.4,No,Yes
AS-STU2026002-HW01,STU2026002,ALG1-A,HW01,2026-09-11,Submitted,20,10.7,No,No
AS-STU2026002-HW02,STU2026002,ALG1-A,HW02,2026-09-16,Late,10,7.0,No,Yes
AS-STU2026002-HW03,STU2026002,ALG1-A,HW03,2026-09-17,Submitted,20,13.9,No,No
AS-STU2026002-HW04,STU2026002,ALG1-A,HW04,,Missing,20,0,Yes,No
AS-STU2026002-HW05,STU2026002,ALG1-A,HW05,2026-09-23,Submitted,20,13.6,No,No
AS-STU2026002-HW06,STU2026002,ALG1-A,HW06,2026-09-25,Submitted,20,8.6,No,No
AS-STU2026002-HW07,STU2026002,ALG1-A,HW07,2026-09-29,Submitted,10,6.6,No,No
AS-STU2026002-HW08,STU2026002,ALG1-A,HW08,2026-10-01,Submitted,20,11.7,No,No
AS-STU2026002-HW09,STU2026002,ALG1-A,HW09,,Missing,20,0,Yes,No
AS-STU2026002-HW10,STU2026002,ALG1-A,HW10,,Missing,15,0,Yes,No
AS-STU2026002-HW11,STU2026002,ALG1-A,HW11,2026-10-09,Submitted,20,13.7,No,No
AS-STU2026002-HW12,STU2026002,ALG1-A,HW12,2026-10-13,Submitted,20,10.5,No,No
AS-STU2026002-HW13,STU2026002,ALG1-A,HW13,2026-10-15,Submitted,20,13.3,No,No
AS-STU2026002-HW14,STU2026002,ALG1-A,HW14,2026-10-22,Late,10,5.9,No,Yes
AS-STU2026002-HW15,STU2026002,ALG1-A,HW15,,Missing,20,0,Yes,No
AS-STU2026002-HW16,STU2026002,ALG1-A,HW16,2026-10-23,Submitted,20,13.1,No,No
AS-STU2026002-HW17,STU2026002,ALG1-A,HW17,2026-10-27,Submitted,20,9.8,No,No
AS-STU2026002-HW18,STU2026002,ALG1-A,HW18,2026-10-29,Submitted,10,4.8,No,No
AS-STU2026003-HW01,STU2026003,ALG1-A,HW01,2026-09-11,Submitted,20,7.0,No,No
AS-STU2026003-HW02,STU2026003,ALG1-A,HW02,2026-09-15,Submitted,10,6.8,No,No
AS-STU2026003-HW03,STU2026003,ALG1-A,HW03,,Missing,20,0,Yes,No
AS-STU2026003-HW04,STU2026003,ALG1-A,HW04,2026-09-21,Submitted,20,7.5,No,No
AS-STU2026003-HW05,STU2026003,ALG1-A,HW05,2026-09-23,Submitted,20,9.9,No,No
AS-STU2026003-HW06,STU2026003,ALG1-A,HW06,,Missing,20,0,Yes,No
AS-STU2026003-HW07,STU2026003,ALG1-A,HW07,2026-09-30,Late,10,4.1,No,Yes
AS-STU2026003-HW08,STU2026003,ALG1-A,HW08,2026-10-01,Submitted,20,12.1,No,No
AS-STU2026003-HW09,STU2026003,ALG1-A,HW09,2026-10-05,Submitted,20,10.3,No,No
AS-STU2026003-HW10,STU2026003,ALG1-A,HW10,2026-10-07,Submitted,15,9.0,No,No
AS-STU2026003-HW11,STU2026003,ALG1-A,HW11,2026-10-09,Submitted,20,9.6,No,No
AS-STU2026003-HW12,STU2026003,ALG1-A,HW12,2026-10-13,Submitted,20,12.8,No,No
AS-STU2026003-HW13,STU2026003,ALG1-A,HW13,,Missing,20,0,Yes,No
AS-STU2026003-HW14,STU2026003,ALG1-A,HW14,,Missing,10,0,Yes,No
AS-STU2026003-HW15,STU2026003,ALG1-A,HW15,2026-10-21,Submitted,20,11.6,No,No
AS-STU2026003-HW16,STU2026003,ALG1-A,HW16,2026-10-23,Submitted,20,11.1,No,No
AS-STU2026003-HW17,STU2026003,ALG1-A,HW17,,Missing,20,0,Yes,No
AS-STU2026003-HW18,STU2026003,ALG1-A,HW18,2026-10-31,Late,10,4.3,No,Yes
AS-STU2026004-HW01,STU2026004,ALG1-A,HW01,,Missing,20,0,Yes,No
AS-STU2026004-HW02,STU2026004,ALG1-A,HW02,2026-09-15,Submitted,10,8.3,No,No
AS-STU2026004-HW03,STU2026004,ALG1-A,HW03,2026-09-17,Submitted,20,20.0,No,No
AS-STU2026004-HW04,STU2026004,ALG1-A,HW04,2026-09-21,Submitted,20,18.2,No,No
AS-STU2026004-HW05,STU2026004,ALG1-A,HW05,2026-09-26,Late,20,18.0,No,Yes
AS-STU2026004-HW06,STU2026004,ALG1-A,HW06,2026-09-25,Submitted,20,16.1,No,No
AS-STU2026004-HW07,STU2026004,ALG1-A,HW07,2026-10-02,Late,10,9.0,No,Yes
AS-STU2026004-HW08,STU2026004,ALG1-A,HW08,2026-10-01,Submitted,20,20.0,No,No
AS-STU2026004-HW09,STU2026004,ALG1-A,HW09,2026-10-05,Submitted,20,17.9,No,No
AS-STU2026004-HW10,STU2026004,ALG1-A,HW10,2026-10-09,Late,15,11.1,No,Yes
AS-STU2026004-HW11,STU2026004,ALG1-A,HW11,2026-10-09,Submitted,20,17.2,No,No
AS-STU2026004-HW12,STU2026004,ALG1-A,HW12,2026-10-13,Submitted,20,15.6,No,No
AS-STU2026004-HW13,STU2026004,ALG1-A,HW13,2026-10-15,Submitted,20,18.9,No,No
AS-STU2026004-HW14,STU2026004,ALG1-A,HW14,2026-10-19,Submitted,10,8.9,No,No
AS-STU2026004-HW15,STU2026004,ALG1-A,HW15,2026-10-21,Submitted,20,20.0,No,No
AS-STU2026004-HW16,STU2026004,ALG1-A,HW16,2026-10-23,Submitted,20,20.0,No,No
AS-STU2026004-HW17,STU2026004,ALG1-A,HW17,,Missing,20,0,Yes,No
AS-STU2026004-HW18,STU2026004,ALG1-A,HW18,2026-10-29,Submitted,10,8.6,No,No
AS-STU2026005-HW01,STU2026005,ALG1-A,HW01,2026-09-11,Submitted,20,17.3,No,No
AS-STU2026005-HW02,STU2026005,ALG1-A,HW02,,Missing,10,0,Yes,No
AS-STU2026005-HW03,STU2026005,ALG1-A,HW03,2026-09-17,Submitted,20,12.5,No,No
AS-STU2026005-HW04,STU2026005,ALG1-A,HW04,,Missing,20,0,Yes,No
AS-STU2026005-HW05,STU2026005,ALG1-A,HW05,2026-09-23,Submitted,20,14.6,No,No
AS-STU2026005-HW06,STU2026005,ALG1-A,HW06,2026-09-25,Submitted,20,15.6,No,No
AS-STU2026005-HW07,STU2026005,ALG1-A,HW07,2026-09-29,Submitted,10,7.9,No,No
AS-STU2026005-HW08,STU2026005,ALG1-A,HW08,,Missing,20,0,Yes,No
AS-STU2026005-HW09,STU2026005,ALG1-A,HW09,2026-10-05,Submitted,20,13.4,No,No
AS-STU2026005-HW10,STU2026005,ALG1-A,HW10,2026-10-08,Late,15,12.6,No,Yes
AS-STU2026005-HW11,STU2026005,ALG1-A,HW11,2026-10-09,Submitted,20,15.5,No,No
AS-STU2026005-HW12,STU2026005,ALG1-A,HW12,2026-10-13,Submitted,20,13.3,No,No
AS-STU2026005-HW13,STU2026005,ALG1-A,HW13,2026-10-15,Submitted,20,16.1,No,No
AS-STU2026005-HW14,STU2026005,ALG1-A,HW14,2026-10-20,Late,10,5.9,No,Yes
AS-STU2026005-HW15,STU2026005,ALG1-A,HW15,2026-10-21,Submitted,20,12.7,No,No
AS-STU2026005-HW16,STU2026005,ALG1-A,HW16,2026-10-23,Submitted,20,15.0,No,No
AS-STU2026005-HW17,STU2026005,ALG1-A,HW17,2026-10-27,Submitted,20,16.8,No,No
AS-STU2026005-HW18,STU2026005,ALG1-A,HW18,,Missing,10,0,Yes,No
AS-STU2026006-HW01,STU2026006,ALG1-A,HW01,2026-09-11,Submitted,20,18.8,No,No
AS-STU2026006-HW02,STU2026006,ALG1-A,HW02,2026-09-15,Submitted,10,8.2,No,No
AS-STU2026006-HW03,STU2026006,ALG1-A,HW03,2026-09-17,Submitted,20,12.5,No,No
AS-STU2026006-HW04,STU2026006,ALG1-A,HW04,,Missing,20,0,Yes,No
AS-STU2026006-HW05,STU2026006,ALG1-A,HW05,2026-09-23,Submitted,20,15.6,No,No
AS-STU2026006-HW06,STU2026006,ALG1-A,HW06,2026-09-25,Submitted,20,14.6,No,No
AS-STU2026006-HW07,STU2026006,ALG1-A,HW07,2026-09-29,Submitted,10,4.8,No,No
AS-STU2026006-HW08,STU2026006,ALG1-A,HW08,2026-10-01,Submitted,20,14.2,No,No
AS-STU2026006-HW09,STU2026006,ALG1-A,HW09,2026-10-05,Submitted,20,17.2,No,No
AS-STU2026006-HW10,STU2026006,ALG1-A,HW10,,Missing,15,0,Yes,No
AS-STU2026006-HW11,STU2026006,ALG1-A,HW11,2026-10-09,Submitted,20,13.0,No,No
AS-STU2026006-HW12,STU2026006,ALG1-A,HW12,2026-10-13,Submitted,20,20.0,No,No
AS-STU2026006-HW13,STU2026006,ALG1-A,HW13,,Missing,20,0,Yes,No
AS-STU2026006-HW14,STU2026006,ALG1-A,HW14,2026-10-19,Submitted,10,9.2,No,No
AS-STU2026006-HW15,STU2026006,ALG1-A,HW15,2026-10-21,Submitted,20,12.8,No,No
AS-STU2026006-HW16,STU2026006,ALG1-A,HW16,2026-10-23,Late,20,10.2,No,Yes
AS-STU2026006-HW17,STU2026006,ALG1-A,HW17,2026-10-27,Submitted,20,16.6,No,No
AS-STU2026006-HW18,STU2026006,ALG1-A,HW18,2026-10-29,Submitted,10,8.8,No,No
AS-STU2026007-HW01,STU2026007,ALG1-A,HW01,2026-09-11,Submitted,20,13.4,No,No
AS-STU2026007-HW02,STU2026007,ALG1-A,HW02,2026-09-15,Submitted,10,4.7,No,No
AS-STU2026007-HW03,STU2026007,ALG1-A,HW03,2026-09-17,Submitted,20,18.0,No,No
AS-STU2026007-HW04,STU2026007,ALG1-A,HW04,2026-09-21,Submitted,20,11.6,No,No
AS-STU2026007-HW05,STU2026007,ALG1-A,HW05,2026-09-23,Submitted,20,10.8,No,No
AS-STU2026007-HW06,STU2026007,ALG1-A,HW06,2026-09-25,Submitted,20,12.8,No,No
AS-STU2026007-HW07,STU2026007,ALG1-A,HW07,2026-09-29,Late,10,5.3,No,Yes
AS-STU2026007-HW08,STU2026007,ALG1-A,HW08,2026-10-01,Submitted,20,7.8,No,No
AS-STU2026007-HW09,STU2026007,ALG1-A,HW09,2026-10-05,Submitted,20,14.2,No,No
AS-STU2026007-HW10,STU2026007,ALG1-A,HW10,2026-10-07,Submitted,15,9.0,No,No
AS-STU2026007-HW11,STU2026007,ALG1-A,HW11,,Missing,20,0,Yes,No
AS-STU2026007-HW12,STU2026007,ALG1-A,HW12,2026-10-13,Submitted,20,13.5,No,No
AS-STU2026007-HW13,STU2026007,ALG1-A,HW13,2026-10-15,Submitted,20,9.6,No,No
AS-STU2026007-HW14,STU2026007,ALG1-A,HW14,2026-10-19,Submitted,10,6.3,No,No
AS-STU2026007-HW15,STU2026007,ALG1-A,HW15,2026-10-21,Submitted,20,16.0,No,No
AS-STU2026007-HW16,STU2026007,ALG1-A,HW16,,Missing,20,0,Yes,No
AS-STU2026007-HW17,STU2026007,ALG1-A,HW17,2026-10-27,Submitted,20,9.0,No,No
AS-STU2026007-HW18,STU2026007,ALG1-A,HW18,2026-10-31,Late,10,6.2,No,Yes
AS-STU2026008-HW01,STU2026008,ALG1-A,HW01,2026-09-12,Late,20,13.2,No,Yes
AS-STU2026008-HW02,STU2026008,ALG1-A,HW02,2026-09-15,Submitted,10,5.4,No,No
AS-STU2026008-HW03,STU2026008,ALG1-A,HW03,2026-09-17,Submitted,20,15.8,No,No
AS-STU2026008-HW04,STU2026008,ALG1-A,HW04,,Missing,20,0,Yes,No
AS-STU2026008-HW05,STU2026008,ALG1-A,HW05,2026-09-23,Submitted,20,13.1,No,No
AS-STU2026008-HW06,STU2026008,ALG1-A,HW06,2026-09-25,Submitted,20,9.2,No,No
AS-STU2026008-HW07,STU2026008,ALG1-A,HW07,2026-09-29,Submitted,10,6.9,No,No
AS-STU2026008-HW08,STU2026008,ALG1-A,HW08,2026-10-01,Submitted,20,12.8,No,No
AS-STU2026008-HW09,STU2026008,ALG1-A,HW09,2026-10-05,Submitted,20,11.4,No,No
AS-STU2026008-HW10,STU2026008,ALG1-A,HW10,2026-10-07,Submitted,15,10.9,No,No
AS-STU2026008-HW11,STU2026008,ALG1-A,HW11,2026-10-09,Submitted,20,9.9,No,No
AS-STU2026008-HW12,STU2026008,ALG1-A,HW12,2026-10-13,Submitted,20,17.2,No,No
AS-STU2026008-HW13,STU2026008,ALG1-A,HW13,2026-10-18,Late,20,11.3,No,Yes
AS-STU2026008-HW14,STU2026008,ALG1-A,HW14,2026-10-22,Late,10,6.0,No,Yes
AS-STU2026008-HW15,STU2026008,ALG1-A,HW15,,Missing,20,0,Yes,No
AS-STU2026008-HW16,STU2026008,ALG1-A,HW16,2026-10-24,Late,20,10.6,No,Yes
AS-STU2026008-HW17,STU2026008,ALG1-A,HW17,2026-10-28,Late,20,9.3,No,Yes
AS-STU2026008-HW18,STU2026008,ALG1-A,HW18,2026-10-29,Late,10,8.0,No,Yes
AS-STU2026009-HW01,STU2026009,ALG1-A,HW01,,Missing,20,0,Yes,No
AS-STU2026009-HW02,STU2026009,ALG1-A,HW02,,Missing,10,0,Yes,No
AS-STU2026009-HW03,STU2026009,ALG1-A,HW03,2026-09-17,Submitted,20,14.6,No,No
AS-STU2026009-HW04,STU2026009,ALG1-A,HW04,2026-09-21,Submitted,20,18.9,No,No
AS-STU2026009-HW05,STU2026009,ALG1-A,HW05,2026-09-23,Submitted,20,14.7,No,No
AS-STU2026009-HW06,STU2026009,ALG1-A,HW06,,Missing,20,0,Yes,No
AS-STU2026009-HW07,STU2026009,ALG1-A,HW07,,Missing,10,0,Yes,No
AS-STU2026009-HW08,STU2026009,ALG1-A,HW08,2026-10-01,Submitted,20,18.2,No,No
AS-STU2026009-HW09,STU2026009,ALG1-A,HW09,2026-10-05,Submitted,20,7.0,No,No
AS-STU2026009-HW10,STU2026009,ALG1-A,HW10,2026-10-07,Submitted,15,9.2,No,No
AS-STU2026009-HW11,STU2026009,ALG1-A,HW11,2026-10-09,Submitted,20,14.1,No,No
AS-STU2026009-HW12,STU2026009,ALG1-A,HW12,2026-10-13,Submitted,20,18.8,No,No
AS-STU2026009-HW13,STU2026009,ALG1-A,HW13,2026-10-15,Submitted,20,15.7,No,No
AS-STU2026009-HW14,STU2026009,ALG1-A,HW14,2026-10-19,Submitted,10,8.7,No,No
AS-STU2026009-HW15,STU2026009,ALG1-A,HW15,,Missing,20,0,Yes,No
AS-STU2026009-HW16,STU2026009,ALG1-A,HW16,,Missing,20,0,Yes,No
AS-STU2026009-HW17,STU2026009,ALG1-A,HW17,,Missing,20,0,Yes,No
AS-STU2026009-HW18,STU2026009,ALG1-A,HW18,2026-10-29,Submitted,10,7.4,No,No
AS-STU2026010-HW01,STU2026010,ALG1-A,HW01,2026-09-11,Submitted,20,13.8,No,No
AS-STU2026010-HW02,STU2026010,ALG1-A,HW02,2026-09-15,Submitted,10,7.8,No,No
AS-STU2026010-HW03,STU2026010,ALG1-A,HW03,2026-09-17,Submitted,20,8.7,No,No
AS-STU2026010-HW04,STU2026010,ALG1-A,HW04,2026-09-21,Submitted,20,16.9,No,No
AS-STU2026010-HW05,STU2026010,ALG1-A,HW05,2026-09-23,Submitted,20,13.0,No,No
AS-STU2026010-HW06,STU2026010,ALG1-A,HW06,,Missing,20,0,Yes,No
AS-STU2026010-HW07,STU2026010,ALG1-A,HW07,2026-09-29,Submitted,10,5.5,No,No
AS-STU2026010-HW08,STU2026010,ALG1-A,HW08,2026-10-01,Submitted,20,14.7,No,No
AS-STU2026010-HW09,STU2026010,ALG1-A,HW09,2026-10-05,Submitted,20,14.6,No,No
AS-STU2026010-HW10,STU2026010,ALG1-A,HW10,,Missing,15,0,Yes,No
AS-STU2026010-HW11,STU2026010,ALG1-A,HW11,2026-10-09,Submitted,20,14.0,No,No
AS-STU2026010-HW12,STU2026010,ALG1-A,HW12,2026-10-13,Submitted,20,11.3,No,No
AS-STU2026010-HW13,STU2026010,ALG1-A,HW13,2026-10-15,Submitted,20,11.2,No,No
AS-STU2026010-HW14,STU2026010,ALG1-A,HW14,2026-10-19,Submitted,10,7.4,No,No
AS-STU2026010-HW15,STU2026010,ALG1-A,HW15,2026-10-21,Submitted,20,13.3,No,No
AS-STU2026010-HW16,STU2026010,ALG1-A,HW16,2026-10-23,Submitted,20,13.4,No,No
AS-STU2026010-HW17,STU2026010,ALG1-A,HW17,2026-10-27,Submitted,20,13.0,No,No
AS-STU2026010-HW18,STU2026010,ALG1-A,HW18,2026-10-29,Submitted,10,7.9,No,No
AS-STU2026011-HW01,STU2026011,ALG1-A,HW01,2026-09-11,Submitted,20,18.3,No,No
AS-STU2026011-HW02,STU2026011,ALG1-A,HW02,2026-09-15,Submitted,10,9.1,No,No
AS-STU2026011-HW03,STU2026011,ALG1-A,HW03,2026-09-17,Submitted,20,18.9,No,No
AS-STU2026011-HW04,STU2026011,ALG1-A,HW04,2026-09-21,Submitted,20,17.4,No,No
AS-STU2026011-HW05,STU2026011,ALG1-A,HW05,,Missing,20,0,Yes,No
AS-STU2026011-HW06,STU2026011,ALG1-A,HW06,,Missing,20,0,Yes,No
AS-STU2026011-HW07,STU2026011,ALG1-A,HW07,2026-09-29,Submitted,10,9.0,No,No
AS-STU2026011-HW08,STU2026011,ALG1-A,HW08,2026-10-01,Submitted,20,20.0,No,No
AS-STU2026011-HW09,STU2026011,ALG1-A,HW09,2026-10-07,Late,20,18.0,No,Yes
AS-STU2026011-HW10,STU2026011,ALG1-A,HW10,,Missing,15,0,Yes,No
AS-STU2026011-HW11,STU2026011,ALG1-A,HW11,2026-10-09,Submitted,20,19.3,No,No
AS-STU2026011-HW12,STU2026011,ALG1-A,HW12,2026-10-13,Submitted,20,18.6,No,No
AS-STU2026011-HW13,STU2026011,ALG1-A,HW13,2026-10-15,Submitted,20,14.8,No,No
AS-STU2026011-HW14,STU2026011,ALG1-A,HW14,2026-10-19,Submitted,10,9.5,No,No
AS-STU2026011-HW15,STU2026011,ALG1-A,HW15,2026-10-21,Submitted,20,15.7,No,No
AS-STU2026011-HW16,STU2026011,ALG1-A,HW16,,Missing,20,0,Yes,No
AS-STU2026011-HW17,STU2026011,ALG1-A,HW17,2026-10-27,Submitted,20,14.2,No,No
AS-STU2026011-HW18,STU2026011,ALG1-A,HW18,2026-10-29,Submitted,10,9.6,No,No
AS-STU2026012-HW01,STU2026012,ALG1-A,HW01,2026-09-11,Submitted,20,15.8,No,No
AS-STU2026012-HW02,STU2026012,ALG1-A,HW02,,Missing,10,0,Yes,No
AS-STU2026012-HW03,STU2026012,ALG1-A,HW03,2026-09-17,Submitted,20,16.7,No,No
AS-STU2026012-HW04,STU2026012,ALG1-A,HW04,2026-09-21,Submitted,20,16.2,No,No
AS-STU2026012-HW05,STU2026012,ALG1-A,HW05,2026-09-23,Submitted,20,11.5,No,No
AS-STU2026012-HW06,STU2026012,ALG1-A,HW06,2026-09-25,Submitted,20,14.3,No,No
AS-STU2026012-HW07,STU2026012,ALG1-A,HW07,2026-09-29,Submitted,10,7.4,No,No
AS-STU2026012-HW08,STU2026012,ALG1-A,HW08,2026-10-01,Late,20,11.9,No,Yes
AS-STU2026012-HW09,STU2026012,ALG1-A,HW09,2026-10-05,Submitted,20,11.5,No,No
AS-STU2026012-HW10,STU2026012,ALG1-A,HW10,2026-10-07,Submitted,15,6.1,No,No
AS-STU2026012-HW11,STU2026012,ALG1-A,HW11,2026-10-09,Submitted,20,11.2,No,No
AS-STU2026012-HW12,STU2026012,ALG1-A,HW12,2026-10-13,Submitted,20,13.3,No,No
AS-STU2026012-HW13,STU2026012,ALG1-A,HW13,2026-10-15,Submitted,20,11.8,No,No
AS-STU2026012-HW14,STU2026012,ALG1-A,HW14,2026-10-19,Submitted,10,5.9,No,No
AS-STU2026012-HW15,STU2026012,ALG1-A,HW15,2026-10-21,Submitted,20,13.6,No,No
AS-STU2026012-HW16,STU2026012,ALG1-A,HW16,2026-10-23,Submitted,20,10.5,No,No
AS-STU2026012-HW17,STU2026012,ALG1-A,HW17,2026-10-27,Submitted,20,12.5,No,No
AS-STU2026012-HW18,STU2026012,ALG1-A,HW18,,Missing,10,0,Yes,No
AS-STU2026013-HW01,STU2026013,ALG1-A,HW01,2026-09-11,Submitted,20,12.5,No,No
AS-STU2026013-HW02,STU2026013,ALG1-A,HW02,2026-09-15,Submitted,10,8.5,No,No
AS-STU2026013-HW03,STU2026013,ALG1-A,HW03,2026-09-17,Submitted,20,14.5,No,No
AS-STU2026013-HW04,STU2026013,ALG1-A,HW04,2026-09-21,Submitted,20,19.1,No,No
AS-STU2026013-HW05,STU2026013,ALG1-A,HW05,2026-09-23,Submitted,20,17.2,No,No
AS-STU2026013-HW06,STU2026013,ALG1-A,HW06,2026-09-25,Submitted,20,16.8,No,No
AS-STU2026013-HW07,STU2026013,ALG1-A,HW07,2026-09-29,Submitted,10,6.7,No,No
AS-STU2026013-HW08,STU2026013,ALG1-A,HW08,2026-10-01,Submitted,20,14.1,No,No
AS-STU2026013-HW09,STU2026013,ALG1-A,HW09,2026-10-05,Submitted,20,14.5,No,No
AS-STU2026013-HW10,STU2026013,ALG1-A,HW10,2026-10-07,Submitted,15,13.3,No,No
AS-STU2026013-HW11,STU2026013,ALG1-A,HW11,2026-10-09,Submitted,20,11.5,No,No
AS-STU2026013-HW12,STU2026013,ALG1-A,HW12,2026-10-13,Submitted,20,20.0,No,No
AS-STU2026013-HW13,STU2026013,ALG1-A,HW13,2026-10-15,Submitted,20,18.8,No,No
AS-STU2026013-HW14,STU2026013,ALG1-A,HW14,2026-10-19,Submitted,10,8.7,No,No
AS-STU2026013-HW15,STU2026013,ALG1-A,HW15,2026-10-21,Submitted,20,18.9,No,No
AS-STU2026013-HW16,STU2026013,ALG1-A,HW16,2026-10-23,Submitted,20,15.6,No,No
AS-STU2026013-HW17,STU2026013,ALG1-A,HW17,2026-10-27,Submitted,20,15.3,No,No
AS-STU2026013-HW18,STU2026013,ALG1-A,HW18,2026-10-29,Submitted,10,8.1,No,No
AS-STU2026014-HW01,STU2026014,ALG1-A,HW01,,Missing,20,0,Yes,No
AS-STU2026014-HW02,STU2026014,ALG1-A,HW02,2026-09-15,Submitted,10,8.4,No,No
AS-STU2026014-HW03,STU2026014,ALG1-A,HW03,2026-09-17,Submitted,20,11.4,No,No
AS-STU2026014-HW04,STU2026014,ALG1-A,HW04,2026-09-21,Submitted,20,20.0,No,No
AS-STU2026014-HW05,STU2026014,ALG1-A,HW05,2026-09-23,Submitted,20,15.7,No,No
AS-STU2026014-HW06,STU2026014,ALG1-A,HW06,2026-09-25,Submitted,20,14.3,No,No
AS-STU2026014-HW07,STU2026014,ALG1-A,HW07,,Missing,10,0,Yes,No
AS-STU2026014-HW08,STU2026014,ALG1-A,HW08,2026-10-01,Submitted,20,16.6,No,No
AS-STU2026014-HW09,STU2026014,ALG1-A,HW09,2026-10-05,Submitted,20,18.2,No,No
AS-STU2026014-HW10,STU2026014,ALG1-A,HW10,,Missing,15,0,Yes,No
AS-STU2026014-HW11,STU2026014,ALG1-A,HW11,,Missing,20,0,Yes,No
AS-STU2026014-HW12,STU2026014,ALG1-A,HW12,2026-10-15,Late,20,13.5,No,Yes
AS-STU2026014-HW13,STU2026014,ALG1-A,HW13,2026-10-15,Submitted,20,16.7,No,No
AS-STU2026014-HW14,STU2026014,ALG1-A,HW14,2026-10-19,Submitted,10,10.0,No,No
AS-STU2026014-HW15,STU2026014,ALG1-A,HW15,2026-10-21,Submitted,20,18.7,No,No
AS-STU2026014-HW16,STU2026014,ALG1-A,HW16,2026-10-23,Submitted,20,18.5,No,No
AS-STU2026014-HW17,STU2026014,ALG1-A,HW17,2026-10-27,Submitted,20,19.5,No,No
AS-STU2026014-HW18,STU2026014,ALG1-A,HW18,2026-10-29,Submitted,10,8.3,No,No
AS-STU2026015-HW01,STU2026015,ALG1-A,HW01,2026-09-11,Submitted,20,14.0,No,No
AS-STU2026015-HW02,STU2026015,ALG1-A,HW02,2026-09-15,Submitted,10,8.4,No,No
AS-STU2026015-HW03,STU2026015,ALG1-A,HW03,,Missing,20,0,Yes,No
AS-STU2026015-HW04,STU2026015,ALG1-A,HW04,,Missing,20,0,Yes,No
AS-STU2026015-HW05,STU2026015,ALG1-A,HW05,2026-09-23,Submitted,20,15.7,No,No
AS-STU2026015-HW06,STU2026015,ALG1-A,HW06,,Missing,20,0,Yes,No
AS-STU2026015-HW07,STU2026015,ALG1-A,HW07,2026-09-29,Submitted,10,8.5,No,No
AS-STU2026015-HW08,STU2026015,ALG1-A,HW08,2026-10-01,Submitted,20,13.4,No,No
AS-STU2026015-HW09,STU2026015,ALG1-A,HW09,,Missing,20,0,Yes,No
AS-STU2026015-HW10,STU2026015,ALG1-A,HW10,2026-10-07,Submitted,15,13.3,No,No
AS-STU2026015-HW11,STU2026015,ALG1-A,HW11,2026-10-12,Late,20,15.2,No,Yes
AS-STU2026015-HW12,STU2026015,ALG1-A,HW12,2026-10-13,Submitted,20,17.3,No,No
AS-STU2026015-HW13,STU2026015,ALG1-A,HW13,2026-10-15,Submitted,20,10.6,No,No
AS-STU2026015-HW14,STU2026015,ALG1-A,HW14,2026-10-19,Submitted,10,9.4,No,No
AS-STU2026015-HW15,STU2026015,ALG1-A,HW15,2026-10-21,Submitted,20,14.8,No,No
AS-STU2026015-HW16,STU2026015,ALG1-A,HW16,2026-10-26,Late,20,14.2,No,Yes
AS-STU2026015-HW17,STU2026015,ALG1-A,HW17,2026-10-27,Submitted,20,17.0,No,No
AS-STU2026015-HW18,STU2026015,ALG1-A,HW18,2026-10-29,Submitted,10,6.4,No,No
AS-STU2026016-HW01,STU2026016,ALG1-A,HW01,,Missing,20,0,Yes,No
AS-STU2026016-HW02,STU2026016,ALG1-A,HW02,2026-09-15,Submitted,10,5.4,No,No
AS-STU2026016-HW03,STU2026016,ALG1-A,HW03,,Missing,20,0,Yes,No
AS-STU2026016-HW04,STU2026016,ALG1-A,HW04,2026-09-21,Late,20,12.2,No,Yes
AS-STU2026016-HW05,STU2026016,ALG1-A,HW05,2026-09-23,Submitted,20,13.8,No,No
AS-STU2026016-HW06,STU2026016,ALG1-A,HW06,2026-09-25,Submitted,20,11.4,No,No
AS-STU2026016-HW07,STU2026016,ALG1-A,HW07,2026-09-29,Submitted,10,6.9,No,No
AS-STU2026016-HW08,STU2026016,ALG1-A,HW08,2026-10-01,Submitted,20,10.8,No,No
AS-STU2026016-HW09,STU2026016,ALG1-A,HW09,,Missing,20,0,Yes,No
AS-STU2026016-HW10,STU2026016,ALG1-A,HW10,2026-10-07,Submitted,15,8.3,No,No
AS-STU2026016-HW11,STU2026016,ALG1-A,HW11,,Missing,20,0,Yes,No
AS-STU2026016-HW12,STU2026016,ALG1-A,HW12,,Missing,20,0,Yes,No
AS-STU2026016-HW13,STU2026016,ALG1-A,HW13,2026-10-15,Submitted,20,15.0,No,No
AS-STU2026016-HW14,STU2026016,ALG1-A,HW14,2026-10-19,Submitted,10,8.9,No,No
AS-STU2026016-HW15,STU2026016,ALG1-A,HW15,,Missing,20,0,Yes,No
AS-STU2026016-HW16,STU2026016,ALG1-A,HW16,,Missing,20,0,Yes,No
AS-STU2026016-HW17,STU2026016,ALG1-A,HW17,,Missing,20,0,Yes,No
AS-STU2026016-HW18,STU2026016,ALG1-A,HW18,2026-10-29,Submitted,10,8.7,No,No
AS-STU2026017-HW01,STU2026017,ALG1-A,HW01,2026-09-11,Submitted,20,18.7,No,No
AS-STU2026017-HW02,STU2026017,ALG1-A,HW02,2026-09-15,Submitted,10,7.6,No,No
AS-STU2026017-HW03,STU2026017,ALG1-A,HW03,2026-09-17,Submitted,20,13.7,No,No
AS-STU2026017-HW04,STU2026017,ALG1-A,HW04,2026-09-21,Submitted,20,19.1,No,No
AS-STU2026017-HW05,STU2026017,ALG1-A,HW05,2026-09-23,Submitted,20,19.7,No,No
AS-STU2026017-HW06,STU2026017,ALG1-A,HW06,2026-09-25,Submitted,20,17.7,No,No
AS-STU2026017-HW07,STU2026017,ALG1-A,HW07,2026-09-29,Submitted,10,7.5,No,No
AS-STU2026017-HW08,STU2026017,ALG1-A,HW08,2026-10-01,Submitted,20,13.4,No,No
AS-STU2026017-HW09,STU2026017,ALG1-A,HW09,2026-10-05,Submitted,20,19.9,No,No
AS-STU2026017-HW10,STU2026017,ALG1-A,HW10,2026-10-07,Submitted,15,12.0,No,No
AS-STU2026017-HW11,STU2026017,ALG1-A,HW11,2026-10-09,Submitted,20,14.7,No,No
AS-STU2026017-HW12,STU2026017,ALG1-A,HW12,2026-10-13,Submitted,20,17.4,No,No
AS-STU2026017-HW13,STU2026017,ALG1-A,HW13,2026-10-15,Submitted,20,16.7,No,No
AS-STU2026017-HW14,STU2026017,ALG1-A,HW14,2026-10-19,Submitted,10,8.8,No,No
AS-STU2026017-HW15,STU2026017,ALG1-A,HW15,2026-10-21,Submitted,20,20.0,No,No
AS-STU2026017-HW16,STU2026017,ALG1-A,HW16,2026-10-23,Submitted,20,20.0,No,No
AS-STU2026017-HW17,STU2026017,ALG1-A,HW17,2026-10-27,Submitted,20,17.0,No,No
AS-STU2026017-HW18,STU2026017,ALG1-A,HW18,2026-10-29,Submitted,10,9.9,No,No
AS-STU2026018-HW01,STU2026018,ALG1-A,HW01,,Missing,20,0,Yes,No
AS-STU2026018-HW02,STU2026018,ALG1-A,HW02,2026-09-15,Submitted,10,8.3,No,No
AS-STU2026018-HW03,STU2026018,ALG1-A,HW03,2026-09-20,Late,20,13.1,No,Yes
AS-STU2026018-HW04,STU2026018,ALG1-A,HW04,2026-09-21,Submitted,20,15.3,No,No
AS-STU2026018-HW05,STU2026018,ALG1-A,HW05,2026-09-24,Late,20,15.6,No,Yes
AS-STU2026018-HW06,STU2026018,ALG1-A,HW06,2026-09-25,Submitted,20,16.1,No,No
AS-STU2026018-HW07,STU2026018,ALG1-A,HW07,2026-09-29,Submitted,10,7.6,No,No
AS-STU2026018-HW08,STU2026018,ALG1-A,HW08,2026-10-01,Submitted,20,10.0,No,No
AS-STU2026018-HW09,STU2026018,ALG1-A,HW09,2026-10-07,Late,20,12.5,No,Yes
AS-STU2026018-HW10,STU2026018,ALG1-A,HW10,2026-10-07,Submitted,15,10.4,No,No
AS-STU2026018-HW11,STU2026018,ALG1-A,HW11,2026-10-09,Submitted,20,12.8,No,No
AS-STU2026018-HW12,STU2026018,ALG1-A,HW12,2026-10-13,Submitted,20,16.4,No,No
AS-STU2026018-HW13,STU2026018,ALG1-A,HW13,2026-10-15,Submitted,20,13.1,No,No
AS-STU2026018-HW14,STU2026018,ALG1-A,HW14,2026-10-19,Submitted,10,7.3,No,No
AS-STU2026018-HW15,STU2026018,ALG1-A,HW15,2026-10-21,Submitted,20,14.2,No,No
AS-STU2026018-HW16,STU2026018,ALG1-A,HW16,,Missing,20,0,Yes,No
AS-STU2026018-HW17,STU2026018,ALG1-A,HW17,2026-10-27,Submitted,20,11.3,No,No
AS-STU2026018-HW18,STU2026018,ALG1-A,HW18,2026-10-29,Submitted,10,6.4,No,No
AS-STU2026019-HW01,STU2026019,ALG1-A,HW01,2026-09-11,Submitted,20,7.0,No,No
AS-STU2026019-HW02,STU2026019,ALG1-A,HW02,2026-09-15,Submitted,10,7.2,No,No
AS-STU2026019-HW03,STU2026019,ALG1-A,HW03,2026-09-17,Submitted,20,7.0,No,No
AS-STU2026019-HW04,STU2026019,ALG1-A,HW04,2026-09-21,Submitted,20,9.2,No,No
AS-STU2026019-HW05,STU2026019,ALG1-A,HW05,,Missing,20,0,Yes,No
AS-STU2026019-HW06,STU2026019,ALG1-A,HW06,2026-09-25,Submitted,20,7.0,No,No
AS-STU2026019-HW07,STU2026019,ALG1-A,HW07,2026-09-29,Submitted,10,5.8,No,No
AS-STU2026019-HW08,STU2026019,ALG1-A,HW08,2026-10-01,Submitted,20,8.6,No,No
AS-STU2026019-HW09,STU2026019,ALG1-A,HW09,2026-10-05,Submitted,20,8.8,No,No
AS-STU2026019-HW10,STU2026019,ALG1-A,HW10,2026-10-07,Submitted,15,6.4,No,No
AS-STU2026019-HW11,STU2026019,ALG1-A,HW11,,Missing,20,0,Yes,No
AS-STU2026019-HW12,STU2026019,ALG1-A,HW12,,Missing,20,0,Yes,No
AS-STU2026019-HW13,STU2026019,ALG1-A,HW13,2026-10-15,Submitted,20,9.7,No,No
AS-STU2026019-HW14,STU2026019,ALG1-A,HW14,2026-10-19,Submitted,10,3.5,No,No
AS-STU2026019-HW15,STU2026019,ALG1-A,HW15,,Missing,20,0,Yes,No
AS-STU2026019-HW16,STU2026019,ALG1-A,HW16,2026-10-23,Submitted,20,9.1,No,No
AS-STU2026019-HW17,STU2026019,ALG1-A,HW17,2026-10-27,Submitted,20,11.1,No,No
AS-STU2026019-HW18,STU2026019,ALG1-A,HW18,2026-10-29,Submitted,10,5.3,No,No
AS-STU2026020-HW01,STU2026020,ALG1-A,HW01,2026-09-11,Submitted,20,18.6,No,No
AS-STU2026020-HW02,STU2026020,ALG1-A,HW02,,Missing,10,0,Yes,No
AS-STU2026020-HW03,STU2026020,ALG1-A,HW03,2026-09-19,Late,20,14.1,No,Yes
AS-STU2026020-HW04,STU2026020,ALG1-A,HW04,,Missing,20,0,Yes,No
AS-STU2026020-HW05,STU2026020,ALG1-A,HW05,2026-09-23,Submitted,20,18.1,No,No
AS-STU2026020-HW06,STU2026020,ALG1-A,HW06,2026-09-25,Submitted,20,16.4,No,No
AS-STU2026020-HW07,STU2026020,ALG1-A,HW07,2026-09-29,Submitted,10,6.6,No,No
AS-STU2026020-HW08,STU2026020,ALG1-A,HW08,2026-10-01,Submitted,20,17.2,No,No
AS-STU2026020-HW09,STU2026020,ALG1-A,HW09,2026-10-05,Submitted,20,13.5,No,No
AS-STU2026020-HW10,STU2026020,ALG1-A,HW10,2026-10-07,Submitted,15,14.3,No,No
AS-STU2026020-HW11,STU2026020,ALG1-A,HW11,2026-10-10,Late,20,14.3,No,Yes
AS-STU2026020-HW12,STU2026020,ALG1-A,HW12,,Missing,20,0,Yes,No
AS-STU2026020-HW13,STU2026020,ALG1-A,HW13,2026-10-15,Late,20,13.0,No,Yes
AS-STU2026020-HW14,STU2026020,ALG1-A,HW14,2026-10-19,Submitted,10,6.6,No,No
AS-STU2026020-HW15,STU2026020,ALG1-A,HW15,2026-10-22,Late,20,15.8,No,Yes
AS-STU2026020-HW16,STU2026020,ALG1-A,HW16,2026-10-24,Late,20,13.7,No,Yes
AS-STU2026020-HW17,STU2026020,ALG1-A,HW17,,Missing,20,0,Yes,No
AS-STU2026020-HW18,STU2026020,ALG1-A,HW18,2026-10-29,Submitted,10,5.5,No,No
AS-STU2026021-HW01,STU2026021,ALG1-A,HW01,2026-09-11,Submitted,20,19.6,No,No
AS-STU2026021-HW02,STU2026021,ALG1-A,HW02,2026-09-15,Submitted,10,9.8,No,No
AS-STU2026021-HW03,STU2026021,ALG1-A,HW03,2026-09-17,Submitted,20,18.8,No,No
AS-STU2026021-HW04,STU2026021,ALG1-A,HW04,2026-09-21,Submitted,20,16.8,No,No
AS-STU2026021-HW05,STU2026021,ALG1-A,HW05,2026-09-23,Submitted,20,17.7,No,No
AS-STU2026021-HW06,STU2026021,ALG1-A,HW06,2026-09-25,Submitted,20,14.6,No,No
AS-STU2026021-HW07,STU2026021,ALG1-A,HW07,2026-09-29,Submitted,10,9.6,No,No
AS-STU2026021-HW08,STU2026021,ALG1-A,HW08,2026-10-01,Submitted,20,15.9,No,No
AS-STU2026021-HW09,STU2026021,ALG1-A,HW09,2026-10-05,Submitted,20,19.0,No,No
AS-STU2026021-HW10,STU2026021,ALG1-A,HW10,,Missing,15,0,Yes,No
AS-STU2026021-HW11,STU2026021,ALG1-A,HW11,2026-10-09,Submitted,20,17.7,No,No
AS-STU2026021-HW12,STU2026021,ALG1-A,HW12,2026-10-13,Submitted,20,18.2,No,No
AS-STU2026021-HW13,STU2026021,ALG1-A,HW13,2026-10-15,Submitted,20,20.0,No,No
AS-STU2026021-HW14,STU2026021,ALG1-A,HW14,2026-10-19,Submitted,10,7.0,No,No
AS-STU2026021-HW15,STU2026021,ALG1-A,HW15,2026-10-22,Late,20,15.5,No,Yes
AS-STU2026021-HW16,STU2026021,ALG1-A,HW16,2026-10-23,Submitted,20,17.2,No,No
AS-STU2026021-HW17,STU2026021,ALG1-A,HW17,2026-10-27,Submitted,20,14.5,No,No
AS-STU2026021-HW18,STU2026021,ALG1-A,HW18,2026-10-29,Submitted,10,7.6,No,No
AS-STU2026022-HW01,STU2026022,ALG1-A,HW01,2026-09-11,Submitted,20,12.8,No,No
AS-STU2026022-HW02,STU2026022,ALG1-A,HW02,2026-09-15,Submitted,10,8.0,No,No
AS-STU2026022-HW03,STU2026022,ALG1-A,HW03,2026-09-17,Submitted,20,14.9,No,No
AS-STU2026022-HW04,STU2026022,ALG1-A,HW04,2026-09-21,Submitted,20,15.0,No,No
AS-STU2026022-HW05,STU2026022,ALG1-A,HW05,2026-09-23,Submitted,20,18.7,No,No
AS-STU2026022-HW06,STU2026022,ALG1-A,HW06,2026-09-27,Late,20,13.9,No,Yes
AS-STU2026022-HW07,STU2026022,ALG1-A,HW07,2026-09-29,Submitted,10,7.6,No,No
AS-STU2026022-HW08,STU2026022,ALG1-A,HW08,2026-10-01,Submitted,20,11.6,No,No
AS-STU2026022-HW09,STU2026022,ALG1-A,HW09,2026-10-05,Submitted,20,16.3,No,No
AS-STU2026022-HW10,STU2026022,ALG1-A,HW10,2026-10-07,Submitted,15,8.9,No,No
AS-STU2026022-HW11,STU2026022,ALG1-A,HW11,2026-10-09,Submitted,20,15.4,No,No
AS-STU2026022-HW12,STU2026022,ALG1-A,HW12,2026-10-13,Submitted,20,12.2,No,No
AS-STU2026022-HW13,STU2026022,ALG1-A,HW13,2026-10-15,Submitted,20,15.5,No,No
AS-STU2026022-HW14,STU2026022,ALG1-A,HW14,2026-10-19,Submitted,10,7.1,No,No
AS-STU2026022-HW15,STU2026022,ALG1-A,HW15,2026-10-21,Submitted,20,17.5,No,No
AS-STU2026022-HW16,STU2026022,ALG1-A,HW16,2026-10-25,Late,20,12.7,No,Yes
AS-STU2026022-HW17,STU2026022,ALG1-A,HW17,2026-10-27,Submitted,20,11.9,No,No
AS-STU2026022-HW18,STU2026022,ALG1-A,HW18,2026-10-29,Submitted,10,9.7,No,No
AS-STU2026023-HW01,STU2026023,ALG1-A,HW01,2026-09-13,Late,20,14.2,No,Yes
AS-STU2026023-HW02,STU2026023,ALG1-A,HW02,2026-09-15,Submitted,10,6.1,No,No
AS-STU2026023-HW03,STU2026023,ALG1-A,HW03,2026-09-18,Late,20,13.8,No,Yes
AS-STU2026023-HW04,STU2026023,ALG1-A,HW04,2026-09-21,Submitted,20,15.5,No,No
AS-STU2026023-HW05,STU2026023,ALG1-A,HW05,2026-09-23,Submitted,20,17.5,No,No
AS-STU2026023-HW06,STU2026023,ALG1-A,HW06,2026-09-25,Submitted,20,20.0,No,No
AS-STU2026023-HW07,STU2026023,ALG1-A,HW07,2026-09-29,Submitted,10,5.2,No,No
AS-STU2026023-HW08,STU2026023,ALG1-A,HW08,,Missing,20,0,Yes,No
AS-STU2026023-HW09,STU2026023,ALG1-A,HW09,,Missing,20,0,Yes,No
AS-STU2026023-HW10,STU2026023,ALG1-A,HW10,2026-10-07,Submitted,15,12.6,No,No
AS-STU2026023-HW11,STU2026023,ALG1-A,HW11,2026-10-09,Submitted,20,15.3,No,No
AS-STU2026023-HW12,STU2026023,ALG1-A,HW12,2026-10-13,Submitted,20,11.6,No,No
AS-STU2026023-HW13,STU2026023,ALG1-A,HW13,2026-10-15,Submitted,20,15.0,No,No
AS-STU2026023-HW14,STU2026023,ALG1-A,HW14,2026-10-19,Submitted,10,6.7,No,No
AS-STU2026023-HW15,STU2026023,ALG1-A,HW15,2026-10-21,Submitted,20,15.6,No,No
AS-STU2026023-HW16,STU2026023,ALG1-A,HW16,2026-10-23,Submitted,20,14.7,No,No
AS-STU2026023-HW17,STU2026023,ALG1-A,HW17,2026-10-27,Submitted,20,15.2,No,No
AS-STU2026023-HW18,STU2026023,ALG1-A,HW18,2026-10-29,Submitted,10,5.3,No,No
AS-STU2026024-HW01,STU2026024,ALG1-A,HW01,2026-09-11,Submitted,20,11.4,No,No
AS-STU2026024-HW02,STU2026024,ALG1-A,HW02,2026-09-15,Submitted,10,7.7,No,No
AS-STU2026024-HW03,STU2026024,ALG1-A,HW03,,Missing,20,0,Yes,No
AS-STU2026024-HW04,STU2026024,ALG1-A,HW04,2026-09-22,Late,20,8.0,No,Yes
AS-STU2026024-HW05,STU2026024,ALG1-A,HW05,2026-09-24,Late,20,9.3,No,Yes
AS-STU2026024-HW06,STU2026024,ALG1-A,HW06,2026-09-25,Submitted,20,18.8,No,No
AS-STU2026024-HW07,STU2026024,ALG1-A,HW07,2026-09-29,Submitted,10,4.7,No,No
AS-STU2026024-HW08,STU2026024,ALG1-A,HW08,2026-10-01,Submitted,20,17.5,No,No
AS-STU2026024-HW09,STU2026024,ALG1-A,HW09,2026-10-05,Submitted,20,16.6,No,No
AS-STU2026024-HW10,STU2026024,ALG1-A,HW10,,Missing,15,0,Yes,No
AS-STU2026024-HW11,STU2026024,ALG1-A,HW11,2026-10-09,Submitted,20,18.1,No,No
AS-STU2026024-HW12,STU2026024,ALG1-A,HW12,2026-10-13,Submitted,20,12.5,No,No
AS-STU2026024-HW13,STU2026024,ALG1-A,HW13,,Missing,20,0,Yes,No
AS-STU2026024-HW14,STU2026024,ALG1-A,HW14,2026-10-19,Submitted,10,5.8,No,No
AS-STU2026024-HW15,STU2026024,ALG1-A,HW15,2026-10-21,Submitted,20,9.9,No,No
AS-STU2026024-HW16,STU2026024,ALG1-A,HW16,,Missing,20,0,Yes,No
AS-STU2026024-HW17,STU2026024,ALG1-A,HW17,2026-10-27,Submitted,20,14.1,No,No
AS-STU2026024-HW18,STU2026024,ALG1-A,HW18,2026-11-01,Late,10,5.1,No,Yes
AS-STU2026025-HW01,STU2026025,ALG1-A,HW01,2026-09-11,Submitted,20,10.8,No,No
AS-STU2026025-HW02,STU2026025,ALG1-A,HW02,2026-09-15,Submitted,10,7.0,No,No
AS-STU2026025-HW03,STU2026025,ALG1-A,HW03,2026-09-17,Submitted,20,19.9,No,No
AS-STU2026025-HW04,STU2026025,ALG1-A,HW04,2026-09-21,Submitted,20,13.9,No,No
AS-STU2026025-HW05,STU2026025,ALG1-A,HW05,2026-09-23,Submitted,20,14.1,No,No
AS-STU2026025-HW06,STU2026025,ALG1-A,HW06,2026-09-25,Submitted,20,12.7,No,No
AS-STU2026025-HW07,STU2026025,ALG1-A,HW07,2026-09-29,Submitted,10,5.3,No,No
AS-STU2026025-HW08,STU2026025,ALG1-A,HW08,2026-10-01,Submitted,20,15.2,No,No
AS-STU2026025-HW09,STU2026025,ALG1-A,HW09,2026-10-05,Submitted,20,13.2,No,No
AS-STU2026025-HW10,STU2026025,ALG1-A,HW10,2026-10-07,Submitted,15,12.2,No,No
AS-STU2026025-HW11,STU2026025,ALG1-A,HW11,2026-10-09,Submitted,20,16.0,No,No
AS-STU2026025-HW12,STU2026025,ALG1-A,HW12,2026-10-13,Submitted,20,14.7,No,No
AS-STU2026025-HW13,STU2026025,ALG1-A,HW13,2026-10-15,Submitted,20,12.3,No,No
AS-STU2026025-HW14,STU2026025,ALG1-A,HW14,2026-10-19,Submitted,10,7.3,No,No
AS-STU2026025-HW15,STU2026025,ALG1-A,HW15,2026-10-21,Submitted,20,15.7,No,No
AS-STU2026025-HW16,STU2026025,ALG1-A,HW16,2026-10-23,Submitted,20,14.6,No,No
AS-STU2026025-HW17,STU2026025,ALG1-A,HW17,2026-10-27,Submitted,20,13.7,No,No
AS-STU2026025-HW18,STU2026025,ALG1-A,HW18,2026-10-29,Submitted,10,8.4,No,No
AS-STU2026026-HW01,STU2026026,ALG1-A,HW01,2026-09-11,Submitted,20,19.8,No,No
AS-STU2026026-HW02,STU2026026,ALG1-A,HW02,2026-09-15,Submitted,10,8.6,No,No
AS-STU2026026-HW03,STU2026026,ALG1-A,HW03,2026-09-17,Submitted,20,13.7,No,No
AS-STU2026026-HW04,STU2026026,ALG1-A,HW04,2026-09-21,Submitted,20,16.4,No,No
AS-STU2026026-HW05,STU2026026,ALG1-A,HW05,2026-09-23,Submitted,20,14.1,No,No
AS-STU2026026-HW06,STU2026026,ALG1-A,HW06,2026-09-25,Submitted,20,20.0,No,No
AS-STU2026026-HW07,STU2026026,ALG1-A,HW07,2026-09-29,Submitted,10,9.7,No,No
AS-STU2026026-HW08,STU2026026,ALG1-A,HW08,2026-10-01,Submitted,20,20.0,No,No
AS-STU2026026-HW09,STU2026026,ALG1-A,HW09,2026-10-06,Late,20,15.1,No,Yes
AS-STU2026026-HW10,STU2026026,ALG1-A,HW10,2026-10-07,Submitted,15,12.9,No,No
AS-STU2026026-HW11,STU2026026,ALG1-A,HW11,2026-10-09,Submitted,20,17.3,No,No
AS-STU2026026-HW12,STU2026026,ALG1-A,HW12,2026-10-13,Submitted,20,9.9,No,No
AS-STU2026026-HW13,STU2026026,ALG1-A,HW13,2026-10-15,Submitted,20,15.5,No,No
AS-STU2026026-HW14,STU2026026,ALG1-A,HW14,2026-10-19,Submitted,10,7.4,No,No
AS-STU2026026-HW15,STU2026026,ALG1-A,HW15,2026-10-21,Submitted,20,16.9,No,No
AS-STU2026026-HW16,STU2026026,ALG1-A,HW16,,Missing,20,0,Yes,No
AS-STU2026026-HW17,STU2026026,ALG1-A,HW17,2026-10-27,Submitted,20,20.0,No,No
AS-STU2026026-HW18,STU2026026,ALG1-A,HW18,2026-10-29,Submitted,10,8.7,No,No
AS-STU2026027-HW01,STU2026027,ALG1-A,HW01,2026-09-11,Submitted,20,17.4,No,No
AS-STU2026027-HW02,STU2026027,ALG1-A,HW02,2026-09-15,Submitted,10,7.5,No,No
AS-STU2026027-HW03,STU2026027,ALG1-A,HW03,2026-09-17,Submitted,20,14.1,No,No
AS-STU2026027-HW04,STU2026027,ALG1-A,HW04,2026-09-21,Submitted,20,14.3,No,No
AS-STU2026027-HW05,STU2026027,ALG1-A,HW05,2026-09-23,Submitted,20,13.2,No,No
AS-STU2026027-HW06,STU2026027,ALG1-A,HW06,2026-09-25,Submitted,20,12.2,No,No
AS-STU2026027-HW07,STU2026027,ALG1-A,HW07,2026-09-29,Submitted,10,7.6,No,No
AS-STU2026027-HW08,STU2026027,ALG1-A,HW08,2026-10-01,Submitted,20,13.7,No,No
AS-STU2026027-HW09,STU2026027,ALG1-A,HW09,2026-10-05,Submitted,20,12.3,No,No
AS-STU2026027-HW10,STU2026027,ALG1-A,HW10,2026-10-07,Submitted,15,10.9,No,No
AS-STU2026027-HW11,STU2026027,ALG1-A,HW11,,Missing,20,0,Yes,No
AS-STU2026027-HW12,STU2026027,ALG1-A,HW12,2026-10-13,Submitted,20,12.9,No,No
AS-STU2026027-HW13,STU2026027,ALG1-A,HW13,2026-10-15,Submitted,20,10.5,No,No
AS-STU2026027-HW14,STU2026027,ALG1-A,HW14,2026-10-19,Submitted,10,7.2,No,No
AS-STU2026027-HW15,STU2026027,ALG1-A,HW15,2026-10-23,Late,20,11.1,No,Yes
AS-STU2026027-HW16,STU2026027,ALG1-A,HW16,2026-10-23,Submitted,20,14.5,No,No
AS-STU2026027-HW17,STU2026027,ALG1-A,HW17,2026-10-27,Submitted,20,13.3,No,No
AS-STU2026027-HW18,STU2026027,ALG1-A,HW18,2026-10-29,Submitted,10,6.5,No,No
AS-STU2026028-HW01,STU2026028,ALG1-A,HW01,,Missing,20,0,Yes,No
AS-STU2026028-HW02,STU2026028,ALG1-A,HW02,2026-09-17,Late,10,6.6,No,Yes
AS-STU2026028-HW03,STU2026028,ALG1-A,HW03,,Missing,20,0,Yes,No
AS-STU2026028-HW04,STU2026028,ALG1-A,HW04,2026-09-21,Submitted,20,10.5,No,No
AS-STU2026028-HW05,STU2026028,ALG1-A,HW05,2026-09-23,Submitted,20,9.1,No,No
AS-STU2026028-HW06,STU2026028,ALG1-A,HW06,2026-09-25,Submitted,20,11.2,No,No
AS-STU2026028-HW07,STU2026028,ALG1-A,HW07,2026-09-29,Submitted,10,4.5,No,No
AS-STU2026028-HW08,STU2026028,ALG1-A,HW08,2026-10-01,Submitted,20,18.5,No,No
AS-STU2026028-HW09,STU2026028,ALG1-A,HW09,,Missing,20,0,Yes,No
AS-STU2026028-HW10,STU2026028,ALG1-A,HW10,2026-10-09,Late,15,8.4,No,Yes
AS-STU2026028-HW11,STU2026028,ALG1-A,HW11,2026-10-09,Submitted,20,9.2,No,No
AS-STU2026028-HW12,STU2026028,ALG1-A,HW12,,Missing,20,0,Yes,No
AS-STU2026028-HW13,STU2026028,ALG1-A,HW13,2026-10-16,Late,20,11.7,No,Yes
AS-STU2026028-HW14,STU2026028,ALG1-A,HW14,,Missing,10,0,Yes,No
AS-STU2026028-HW15,STU2026028,ALG1-A,HW15,2026-10-21,Submitted,20,11.4,No,No
AS-STU2026028-HW16,STU2026028,ALG1-A,HW16,2026-10-23,Submitted,20,11.1,No,No
AS-STU2026028-HW17,STU2026028,ALG1-A,HW17,,Missing,20,0,Yes,No
AS-STU2026028-HW18,STU2026028,ALG1-A,HW18,,Missing,10,0,Yes,No
AS-STU2026029-HW01,STU2026029,ALG1-A,HW01,2026-09-11,Submitted,20,18.1,No,No
AS-STU2026029-HW02,STU2026029,ALG1-A,HW02,2026-09-15,Submitted,10,5.6,No,No
AS-STU2026029-HW03,STU2026029,ALG1-A,HW03,2026-09-17,Submitted,20,16.4,No,No
AS-STU2026029-HW04,STU2026029,ALG1-A,HW04,2026-09-21,Submitted,20,17.1,No,No
AS-STU2026029-HW05,STU2026029,ALG1-A,HW05,2026-09-23,Late,20,14.2,No,Yes
AS-STU2026029-HW06,STU2026029,ALG1-A,HW06,,Missing,20,0,Yes,No
AS-STU2026029-HW07,STU2026029,ALG1-A,HW07,,Missing,10,0,Yes,No
AS-STU2026029-HW08,STU2026029,ALG1-A,HW08,2026-10-01,Submitted,20,18.3,No,No
AS-STU2026029-HW09,STU2026029,ALG1-A,HW09,2026-10-05,Submitted,20,20.0,No,No
AS-STU2026029-HW10,STU2026029,ALG1-A,HW10,2026-10-07,Submitted,15,13.5,No,No
AS-STU2026029-HW11,STU2026029,ALG1-A,HW11,2026-10-09,Submitted,20,14.4,No,No
AS-STU2026029-HW12,STU2026029,ALG1-A,HW12,,Missing,20,0,Yes,No
AS-STU2026029-HW13,STU2026029,ALG1-A,HW13,2026-10-15,Submitted,20,14.5,No,No
AS-STU2026029-HW14,STU2026029,ALG1-A,HW14,2026-10-19,Submitted,10,9.7,No,No
AS-STU2026029-HW15,STU2026029,ALG1-A,HW15,2026-10-21,Submitted,20,19.2,No,No
AS-STU2026029-HW16,STU2026029,ALG1-A,HW16,2026-10-23,Submitted,20,15.7,No,No
AS-STU2026029-HW17,STU2026029,ALG1-A,HW17,2026-10-27,Submitted,20,18.6,No,No
AS-STU2026029-HW18,STU2026029,ALG1-A,HW18,2026-10-29,Submitted,10,7.8,No,No
AS-STU2026030-HW01,STU2026030,ALG1-A,HW01,2026-09-11,Submitted,20,19.8,No,No
AS-STU2026030-HW02,STU2026030,ALG1-A,HW02,2026-09-15,Submitted,10,9.6,No,No
AS-STU2026030-HW03,STU2026030,ALG1-A,HW03,,Missing,20,0,Yes,No
AS-STU2026030-HW04,STU2026030,ALG1-A,HW04,,Missing,20,0,Yes,No
AS-STU2026030-HW05,STU2026030,ALG1-A,HW05,2026-09-26,Late,20,15.0,No,Yes
AS-STU2026030-HW06,STU2026030,ALG1-A,HW06,,Missing,20,0,Yes,No
AS-STU2026030-HW07,STU2026030,ALG1-A,HW07,,Missing,10,0,Yes,No
AS-STU2026030-HW08,STU2026030,ALG1-A,HW08,2026-10-01,Submitted,20,15.4,No,No
AS-STU2026030-HW09,STU2026030,ALG1-A,HW09,2026-10-05,Submitted,20,16.7,No,No
AS-STU2026030-HW10,STU2026030,ALG1-A,HW10,2026-10-07,Submitted,15,11.0,No,No
AS-STU2026030-HW11,STU2026030,ALG1-A,HW11,2026-10-09,Submitted,20,20.0,No,No
AS-STU2026030-HW12,STU2026030,ALG1-A,HW12,2026-10-13,Submitted,20,19.9,No,No
AS-STU2026030-HW13,STU2026030,ALG1-A,HW13,2026-10-15,Submitted,20,20.0,No,No
AS-STU2026030-HW14,STU2026030,ALG1-A,HW14,2026-10-22,Late,10,8.1,No,Yes
AS-STU2026030-HW15,STU2026030,ALG1-A,HW15,2026-10-21,Submitted,20,15.8,No,No
AS-STU2026030-HW16,STU2026030,ALG1-A,HW16,2026-10-23,Submitted,20,20.0,No,No
AS-STU2026030-HW17,STU2026030,ALG1-A,HW17,2026-10-27,Submitted,20,14.4,No,No
AS-STU2026030-HW18,STU2026030,ALG1-A,HW18,2026-10-29,Submitted,10,8.9,No,No
AS-STU2026031-HW01,STU2026031,ALG1-A,HW01,2026-09-11,Submitted,20,10.4,No,No
AS-STU2026031-HW02,STU2026031,ALG1-A,HW02,2026-09-15,Submitted,10,8.0,No,No
AS-STU2026031-HW03,STU2026031,ALG1-A,HW03,2026-09-18,Late,20,14.4,No,Yes
AS-STU2026031-HW04,STU2026031,ALG1-A,HW04,,Missing,20,0,Yes,No
AS-STU2026031-HW05,STU2026031,ALG1-A,HW05,2026-09-23,Submitted,20,15.9,No,No
AS-STU2026031-HW06,STU2026031,ALG1-A,HW06,2026-09-25,Submitted,20,14.9,No,No
AS-STU2026031-HW07,STU2026031,ALG1-A,HW07,,Missing,10,0,Yes,No
AS-STU2026031-HW08,STU2026031,ALG1-A,HW08,2026-10-01,Submitted,20,12.8,No,No
AS-STU2026031-HW09,STU2026031,ALG1-A,HW09,2026-10-05,Submitted,20,14.6,No,No
AS-STU2026031-HW10,STU2026031,ALG1-A,HW10,2026-10-07,Submitted,15,10.3,No,No
AS-STU2026031-HW11,STU2026031,ALG1-A,HW11,2026-10-09,Submitted,20,16.3,No,No
AS-STU2026031-HW12,STU2026031,ALG1-A,HW12,2026-10-13,Submitted,20,13.5,No,No
AS-STU2026031-HW13,STU2026031,ALG1-A,HW13,2026-10-15,Submitted,20,16.4,No,No
AS-STU2026031-HW14,STU2026031,ALG1-A,HW14,2026-10-19,Late,10,6.4,No,Yes
AS-STU2026031-HW15,STU2026031,ALG1-A,HW15,2026-10-21,Submitted,20,16.9,No,No
AS-STU2026031-HW16,STU2026031,ALG1-A,HW16,,Missing,20,0,Yes,No
AS-STU2026031-HW17,STU2026031,ALG1-A,HW17,2026-10-27,Submitted,20,18.1,No,No
AS-STU2026031-HW18,STU2026031,ALG1-A,HW18,2026-10-29,Submitted,10,4.8,No,No
AS-STU2026032-HW01,STU2026032,ALG1-A,HW01,2026-09-11,Submitted,20,13.4,No,No
AS-STU2026032-HW02,STU2026032,ALG1-A,HW02,,Missing,10,0,Yes,No
AS-STU2026032-HW03,STU2026032,ALG1-A,HW03,2026-09-17,Submitted,20,10.5,No,No
AS-STU2026032-HW04,STU2026032,ALG1-A,HW04,2026-09-21,Submitted,20,11.1,No,No
AS-STU2026032-HW05,STU2026032,ALG1-A,HW05,,Missing,20,0,Yes,No
AS-STU2026032-HW06,STU2026032,ALG1-A,HW06,2026-09-25,Submitted,20,12.5,No,No
AS-STU2026032-HW07,STU2026032,ALG1-A,HW07,2026-09-29,Submitted,10,7.0,No,No
AS-STU2026032-HW08,STU2026032,ALG1-A,HW08,2026-10-01,Submitted,20,15.1,No,No
AS-STU2026032-HW09,STU2026032,ALG1-A,HW09,2026-10-05,Submitted,20,14.4,No,No
AS-STU2026032-HW10,STU2026032,ALG1-A,HW10,,Missing,15,0,Yes,No
AS-STU2026032-HW11,STU2026032,ALG1-A,HW11,,Missing,20,0,Yes,No
AS-STU2026032-HW12,STU2026032,ALG1-A,HW12,2026-10-13,Submitted,20,10.3,No,No
AS-STU2026032-HW13,STU2026032,ALG1-A,HW13,2026-10-15,Submitted,20,9.9,No,No
AS-STU2026032-HW14,STU2026032,ALG1-A,HW14,,Missing,10,0,Yes,No
AS-STU2026032-HW15,STU2026032,ALG1-A,HW15,,Missing,20,0,Yes,No
AS-STU2026032-HW16,STU2026032,ALG1-A,HW16,2026-10-23,Submitted,20,17.0,No,No
AS-STU2026032-HW17,STU2026032,ALG1-A,HW17,2026-10-27,Submitted,20,12.8,No,No
AS-STU2026032-HW18,STU2026032,ALG1-A,HW18,2026-10-29,Submitted,10,5.2,No,No
AS-STU2026033-HW01,STU2026033,ALG1-A,HW01,2026-09-11,Submitted,20,13.5,No,No
AS-STU2026033-HW02,STU2026033,ALG1-A,HW02,2026-09-15,Submitted,10,6.2,No,No
AS-STU2026033-HW03,STU2026033,ALG1-A,HW03,2026-09-17,Submitted,20,10.3,No,No
AS-STU2026033-HW04,STU2026033,ALG1-A,HW04,2026-09-21,Submitted,20,12.4,No,No
AS-STU2026033-HW05,STU2026033,ALG1-A,HW05,2026-09-23,Submitted,20,14.6,No,No
AS-STU2026033-HW06,STU2026033,ALG1-A,HW06,2026-09-25,Submitted,20,15.5,No,No
AS-STU2026033-HW07,STU2026033,ALG1-A,HW07,2026-09-29,Submitted,10,7.2,No,No
AS-STU2026033-HW08,STU2026033,ALG1-A,HW08,2026-10-01,Submitted,20,16.4,No,No
AS-STU2026033-HW09,STU2026033,ALG1-A,HW09,,Missing,20,0,Yes,No
AS-STU2026033-HW10,STU2026033,ALG1-A,HW10,2026-10-07,Submitted,15,12.3,No,No
AS-STU2026033-HW11,STU2026033,ALG1-A,HW11,2026-10-09,Submitted,20,11.8,No,No
AS-STU2026033-HW12,STU2026033,ALG1-A,HW12,2026-10-14,Late,20,12.5,No,Yes
AS-STU2026033-HW13,STU2026033,ALG1-A,HW13,2026-10-15,Submitted,20,11.6,No,No
AS-STU2026033-HW14,STU2026033,ALG1-A,HW14,2026-10-19,Submitted,10,6.9,No,No
AS-STU2026033-HW15,STU2026033,ALG1-A,HW15,2026-10-21,Submitted,20,11.9,No,No
AS-STU2026033-HW16,STU2026033,ALG1-A,HW16,,Missing,20,0,Yes,No
AS-STU2026033-HW17,STU2026033,ALG1-A,HW17,2026-10-27,Submitted,20,11.7,No,No
AS-STU2026033-HW18,STU2026033,ALG1-A,HW18,2026-10-29,Submitted,10,7.6,No,No
AS-STU2026034-HW01,STU2026034,ALG1-A,HW01,2026-09-11,Submitted,20,20.0,No,No
AS-STU2026034-HW02,STU2026034,ALG1-A,HW02,2026-09-15,Submitted,10,8.3,No,No
AS-STU2026034-HW03,STU2026034,ALG1-A,HW03,2026-09-17,Submitted,20,12.3,No,No
AS-STU2026034-HW04,STU2026034,ALG1-A,HW04,2026-09-21,Submitted,20,15.0,No,No
AS-STU2026034-HW05,STU2026034,ALG1-A,HW05,2026-09-25,Late,20,14.6,No,Yes
AS-STU2026034-HW06,STU2026034,ALG1-A,HW06,,Missing,20,0,Yes,No
AS-STU2026034-HW07,STU2026034,ALG1-A,HW07,,Missing,10,0,Yes,No
AS-STU2026034-HW08,STU2026034,ALG1-A,HW08,2026-10-01,Submitted,20,18.1,No,No
AS-STU2026034-HW09,STU2026034,ALG1-A,HW09,2026-10-05,Submitted,20,15.6,No,No
AS-STU2026034-HW10,STU2026034,ALG1-A,HW10,2026-10-07,Submitted,15,15.0,No,No
AS-STU2026034-HW11,STU2026034,ALG1-A,HW11,,Missing,20,0,Yes,No
AS-STU2026034-HW12,STU2026034,ALG1-A,HW12,2026-10-15,Late,20,13.0,No,Yes
AS-STU2026034-HW13,STU2026034,ALG1-A,HW13,2026-10-15,Submitted,20,20.0,No,No
AS-STU2026034-HW14,STU2026034,ALG1-A,HW14,2026-10-19,Submitted,10,7.6,No,No
AS-STU2026034-HW15,STU2026034,ALG1-A,HW15,2026-10-21,Submitted,20,18.2,No,No
AS-STU2026034-HW16,STU2026034,ALG1-A,HW16,,Missing,20,0,Yes,No
AS-STU2026034-HW17,STU2026034,ALG1-A,HW17,2026-10-27,Submitted,20,18.3,No,No
AS-STU2026034-HW18,STU2026034,ALG1-A,HW18,2026-10-29,Submitted,10,9.2,No,No
AS-STU2026035-HW01,STU2026035,ALG1-A,HW01,,Missing,20,0,Yes,No
AS-STU2026035-HW02,STU2026035,ALG1-A,HW02,2026-09-15,Submitted,10,8.9,No,No
AS-STU2026035-HW03,STU2026035,ALG1-A,HW03,2026-09-17,Submitted,20,14.7,No,No
AS-STU2026035-HW04,STU2026035,ALG1-A,HW04,,Missing,20,0,Yes,No
AS-STU2026035-HW05,STU2026035,ALG1-A,HW05,2026-09-23,Submitted,20,19.3,No,No
AS-STU2026035-HW06,STU2026035,ALG1-A,HW06,2026-09-25,Submitted,20,14.1,No,No
AS-STU2026035-HW07,STU2026035,ALG1-A,HW07,2026-09-29,Submitted,10,10.0,No,No
AS-STU2026035-HW08,STU2026035,ALG1-A,HW08,2026-10-01,Submitted,20,18.0,No,No
AS-STU2026035-HW09,STU2026035,ALG1-A,HW09,2026-10-05,Submitted,20,18.8,No,No
AS-STU2026035-HW10,STU2026035,ALG1-A,HW10,2026-10-07,Submitted,15,13.5,No,No
AS-STU2026035-HW11,STU2026035,ALG1-A,HW11,2026-10-09,Submitted,20,14.7,No,No
AS-STU2026035-HW12,STU2026035,ALG1-A,HW12,2026-10-13,Submitted,20,19.3,No,No
AS-STU2026035-HW13,STU2026035,ALG1-A,HW13,2026-10-15,Submitted,20,17.2,No,No
AS-STU2026035-HW14,STU2026035,ALG1-A,HW14,2026-10-19,Submitted,10,9.7,No,No
AS-STU2026035-HW15,STU2026035,ALG1-A,HW15,2026-10-21,Submitted,20,16.5,No,No
AS-STU2026035-HW16,STU2026035,ALG1-A,HW16,,Missing,20,0,Yes,No
AS-STU2026035-HW17,STU2026035,ALG1-A,HW17,2026-10-27,Submitted,20,18.8,No,No
AS-STU2026035-HW18,STU2026035,ALG1-A,HW18,,Missing,10,0,Yes,No
AS-STU2026036-HW01,STU2026036,ALG1-A,HW01,2026-09-11,Submitted,20,20.0,No,No
AS-STU2026036-HW02,STU2026036,ALG1-A,HW02,,Missing,10,0,Yes,No
AS-STU2026036-HW03,STU2026036,ALG1-A,HW03,2026-09-17,Submitted,20,17.4,No,No
AS-STU2026036-HW04,STU2026036,ALG1-A,HW04,2026-09-21,Submitted,20,18.0,No,No
AS-STU2026036-HW05,STU2026036,ALG1-A,HW05,2026-09-23,Submitted,20,16.6,No,No
AS-STU2026036-HW06,STU2026036,ALG1-A,HW06,2026-09-25,Submitted,20,15.7,No,No
AS-STU2026036-HW07,STU2026036,ALG1-A,HW07,2026-09-29,Submitted,10,8.7,No,No
AS-STU2026036-HW08,STU2026036,ALG1-A,HW08,2026-10-01,Submitted,20,15.0,No,No
AS-STU2026036-HW09,STU2026036,ALG1-A,HW09,2026-10-05,Submitted,20,17.4,No,No
AS-STU2026036-HW10,STU2026036,ALG1-A,HW10,2026-10-10,Late,15,11.6,No,Yes
AS-STU2026036-HW11,STU2026036,ALG1-A,HW11,2026-10-09,Submitted,20,16.3,No,No
AS-STU2026036-HW12,STU2026036,ALG1-A,HW12,,Missing,20,0,Yes,No
AS-STU2026036-HW13,STU2026036,ALG1-A,HW13,2026-10-15,Submitted,20,17.3,No,No
AS-STU2026036-HW14,STU2026036,ALG1-A,HW14,2026-10-19,Submitted,10,7.9,No,No
AS-STU2026036-HW15,STU2026036,ALG1-A,HW15,2026-10-24,Late,20,11.2,No,Yes
AS-STU2026036-HW16,STU2026036,ALG1-A,HW16,2026-10-23,Submitted,20,20.0,No,No
AS-STU2026036-HW17,STU2026036,ALG1-A,HW17,2026-10-27,Submitted,20,17.0,No,No
AS-STU2026036-HW18,STU2026036,ALG1-A,HW18,2026-10-30,Late,10,6.0,No,Yes
AS-STU2026037-HW01,STU2026037,ALG1-A,HW01,2026-09-11,Submitted,20,14.7,No,No
AS-STU2026037-HW02,STU2026037,ALG1-A,HW02,,Missing,10,0,Yes,No
AS-STU2026037-HW03,STU2026037,ALG1-A,HW03,2026-09-17,Submitted,20,11.9,No,No
AS-STU2026037-HW04,STU2026037,ALG1-A,HW04,2026-09-21,Late,20,17.8,No,Yes
AS-STU2026037-HW05,STU2026037,ALG1-A,HW05,2026-09-25,Late,20,15.8,No,Yes
AS-STU2026037-HW06,STU2026037,ALG1-A,HW06,2026-09-25,Submitted,20,17.1,No,No
AS-STU2026037-HW07,STU2026037,ALG1-A,HW07,2026-09-29,Submitted,10,4.9,No,No
AS-STU2026037-HW08,STU2026037,ALG1-A,HW08,2026-10-01,Submitted,20,16.8,No,No
AS-STU2026037-HW09,STU2026037,ALG1-A,HW09,2026-10-05,Submitted,20,17.2,No,No
AS-STU2026037-HW10,STU2026037,ALG1-A,HW10,2026-10-07,Submitted,15,10.8,No,No
AS-STU2026037-HW11,STU2026037,ALG1-A,HW11,2026-10-09,Submitted,20,16.1,No,No
AS-STU2026037-HW12,STU2026037,ALG1-A,HW12,2026-10-13,Submitted,20,15.2,No,No
AS-STU2026037-HW13,STU2026037,ALG1-A,HW13,2026-10-15,Submitted,20,19.2,No,No
AS-STU2026037-HW14,STU2026037,ALG1-A,HW14,2026-10-19,Submitted,10,9.8,No,No
AS-STU2026037-HW15,STU2026037,ALG1-A,HW15,2026-10-21,Submitted,20,20.0,No,No
AS-STU2026037-HW16,STU2026037,ALG1-A,HW16,2026-10-25,Late,20,15.1,No,Yes
AS-STU2026037-HW17,STU2026037,ALG1-A,HW17,,Missing,20,0,Yes,No
AS-STU2026037-HW18,STU2026037,ALG1-A,HW18,2026-10-29,Submitted,10,8.1,No,No
AS-STU2026038-HW01,STU2026038,ALG1-A,HW01,2026-09-11,Submitted,20,20.0,No,No
AS-STU2026038-HW02,STU2026038,ALG1-A,HW02,2026-09-15,Submitted,10,9.2,No,No
AS-STU2026038-HW03,STU2026038,ALG1-A,HW03,2026-09-17,Submitted,20,18.8,No,No
AS-STU2026038-HW04,STU2026038,ALG1-A,HW04,2026-09-21,Submitted,20,19.7,No,No
AS-STU2026038-HW05,STU2026038,ALG1-A,HW05,2026-09-23,Submitted,20,13.4,No,No
AS-STU2026038-HW06,STU2026038,ALG1-A,HW06,2026-09-25,Submitted,20,14.8,No,No
AS-STU2026038-HW07,STU2026038,ALG1-A,HW07,,Missing,10,0,Yes,No
AS-STU2026038-HW08,STU2026038,ALG1-A,HW08,2026-10-02,Late,20,15.2,No,Yes
AS-STU2026038-HW09,STU2026038,ALG1-A,HW09,2026-10-05,Submitted,20,16.6,No,No
AS-STU2026038-HW10,STU2026038,ALG1-A,HW10,2026-10-07,Submitted,15,13.8,No,No
AS-STU2026038-HW11,STU2026038,ALG1-A,HW11,2026-10-09,Submitted,20,20.0,No,No
AS-STU2026038-HW12,STU2026038,ALG1-A,HW12,2026-10-13,Submitted,20,19.2,No,No
AS-STU2026038-HW13,STU2026038,ALG1-A,HW13,2026-10-15,Submitted,20,17.5,No,No
AS-STU2026038-HW14,STU2026038,ALG1-A,HW14,2026-10-19,Submitted,10,7.9,No,No
AS-STU2026038-HW15,STU2026038,ALG1-A,HW15,2026-10-24,Late,20,17.7,No,Yes
AS-STU2026038-HW16,STU2026038,ALG1-A,HW16,2026-10-26,Late,20,12.3,No,Yes
AS-STU2026038-HW17,STU2026038,ALG1-A,HW17,2026-10-27,Submitted,20,16.6,No,No
AS-STU2026038-HW18,STU2026038,ALG1-A,HW18,,Missing,10,0,Yes,No
AS-STU2026039-HW01,STU2026039,ALG1-A,HW01,2026-09-11,Submitted,20,13.1,No,No
AS-STU2026039-HW02,STU2026039,ALG1-A,HW02,2026-09-15,Submitted,10,8.2,No,No
AS-STU2026039-HW03,STU2026039,ALG1-A,HW03,,Missing,20,0,Yes,No
AS-STU2026039-HW04,STU2026039,ALG1-A,HW04,2026-09-21,Submitted,20,17.2,No,No
AS-STU2026039-HW05,STU2026039,ALG1-A,HW05,2026-09-23,Submitted,20,15.5,No,No
AS-STU2026039-HW06,STU2026039,ALG1-A,HW06,2026-09-25,Submitted,20,18.8,No,No
AS-STU2026039-HW07,STU2026039,ALG1-A,HW07,2026-09-29,Submitted,10,9.1,No,No
AS-STU2026039-HW08,STU2026039,ALG1-A,HW08,2026-10-01,Submitted,20,14.7,No,No
AS-STU2026039-HW09,STU2026039,ALG1-A,HW09,2026-10-05,Submitted,20,15.9,No,No
AS-STU2026039-HW10,STU2026039,ALG1-A,HW10,2026-10-07,Submitted,15,9.2,No,No
AS-STU2026039-HW11,STU2026039,ALG1-A,HW11,2026-10-09,Submitted,20,13.5,No,No
AS-STU2026039-HW12,STU2026039,ALG1-A,HW12,2026-10-13,Submitted,20,16.0,No,No
AS-STU2026039-HW13,STU2026039,ALG1-A,HW13,2026-10-15,Submitted,20,20.0,No,No
AS-STU2026039-HW14,STU2026039,ALG1-A,HW14,2026-10-19,Submitted,10,6.4,No,No
AS-STU2026039-HW15,STU2026039,ALG1-A,HW15,2026-10-21,Submitted,20,17.1,No,No
AS-STU2026039-HW16,STU2026039,ALG1-A,HW16,,Missing,20,0,Yes,No
AS-STU2026039-HW17,STU2026039,ALG1-A,HW17,2026-10-27,Submitted,20,19.6,No,No
AS-STU2026039-HW18,STU2026039,ALG1-A,HW18,2026-10-29,Submitted,10,6.7,No,No
AS-STU2026040-HW01,STU2026040,ALG1-A,HW01,2026-09-11,Submitted,20,14.4,No,No
AS-STU2026040-HW02,STU2026040,ALG1-A,HW02,2026-09-15,Submitted,10,10.0,No,No
AS-STU2026040-HW03,STU2026040,ALG1-A,HW03,,Missing,20,0,Yes,No
AS-STU2026040-HW04,STU2026040,ALG1-A,HW04,2026-09-23,Late,20,14.8,No,Yes
AS-STU2026040-HW05,STU2026040,ALG1-A,HW05,2026-09-23,Submitted,20,17.6,No,No
AS-STU2026040-HW06,STU2026040,ALG1-A,HW06,2026-09-25,Submitted,20,18.8,No,No
AS-STU2026040-HW07,STU2026040,ALG1-A,HW07,2026-10-02,Late,10,6.7,No,Yes
AS-STU2026040-HW08,STU2026040,ALG1-A,HW08,2026-10-01,Submitted,20,18.3,No,No
AS-STU2026040-HW09,STU2026040,ALG1-A,HW09,,Missing,20,0,Yes,No
AS-STU2026040-HW10,STU2026040,ALG1-A,HW10,2026-10-07,Submitted,15,14.6,No,No
AS-STU2026040-HW11,STU2026040,ALG1-A,HW11,2026-10-09,Submitted,20,18.2,No,No
AS-STU2026040-HW12,STU2026040,ALG1-A,HW12,2026-10-13,Submitted,20,19.5,No,No
AS-STU2026040-HW13,STU2026040,ALG1-A,HW13,2026-10-15,Submitted,20,20.0,No,No
AS-STU2026040-HW14,STU2026040,ALG1-A,HW14,2026-10-19,Submitted,10,8.9,No,No
AS-STU2026040-HW15,STU2026040,ALG1-A,HW15,2026-10-21,Submitted,20,20.0,No,No
AS-STU2026040-HW16,STU2026040,ALG1-A,HW16,2026-10-23,Submitted,20,20.0,No,No
AS-STU2026040-HW17,STU2026040,ALG1-A,HW17,2026-10-27,Submitted,20,20.0,No,No
AS-STU2026040-HW18,STU2026040,ALG1-A,HW18,2026-10-29,Submitted,10,10.0,No,No
AS-STU2026041-HW01,STU2026041,ALG1-B,HW01,2026-09-14,Late,20,17.5,No,Yes
AS-STU2026041-HW02,STU2026041,ALG1-B,HW02,2026-09-15,Submitted,10,7.9,No,No
AS-STU2026041-HW03,STU2026041,ALG1-B,HW03,2026-09-17,Submitted,20,17.8,No,No
AS-STU2026041-HW04,STU2026041,ALG1-B,HW04,2026-09-21,Submitted,20,18.3,No,No
AS-STU2026041-HW05,STU2026041,ALG1-B,HW05,2026-09-23,Submitted,20,12.2,No,No
AS-STU2026041-HW06,STU2026041,ALG1-B,HW06,2026-09-25,Submitted,20,13.0,No,No
AS-STU2026041-HW07,STU2026041,ALG1-B,HW07,2026-09-29,Submitted,10,7.6,No,No
AS-STU2026041-HW08,STU2026041,ALG1-B,HW08,,Missing,20,0,Yes,No
AS-STU2026041-HW09,STU2026041,ALG1-B,HW09,2026-10-05,Submitted,20,17.8,No,No
AS-STU2026041-HW10,STU2026041,ALG1-B,HW10,2026-10-07,Submitted,15,12.4,No,No
AS-STU2026041-HW11,STU2026041,ALG1-B,HW11,2026-10-11,Late,20,6.9,No,Yes
AS-STU2026041-HW12,STU2026041,ALG1-B,HW12,,Missing,20,0,Yes,No
AS-STU2026041-HW13,STU2026041,ALG1-B,HW13,2026-10-15,Submitted,20,17.7,No,No
AS-STU2026041-HW14,STU2026041,ALG1-B,HW14,2026-10-19,Submitted,10,8.7,No,No
AS-STU2026041-HW15,STU2026041,ALG1-B,HW15,2026-10-21,Submitted,20,18.9,No,No
AS-STU2026041-HW16,STU2026041,ALG1-B,HW16,2026-10-23,Submitted,20,16.5,No,No
AS-STU2026041-HW17,STU2026041,ALG1-B,HW17,2026-10-27,Submitted,20,19.8,No,No
AS-STU2026041-HW18,STU2026041,ALG1-B,HW18,2026-10-29,Submitted,10,6.2,No,No
AS-STU2026042-HW01,STU2026042,ALG1-B,HW01,2026-09-11,Submitted,20,13.3,No,No
AS-STU2026042-HW02,STU2026042,ALG1-B,HW02,2026-09-15,Submitted,10,10.0,No,No
AS-STU2026042-HW03,STU2026042,ALG1-B,HW03,2026-09-17,Submitted,20,18.7,No,No
AS-STU2026042-HW04,STU2026042,ALG1-B,HW04,2026-09-21,Submitted,20,19.8,No,No
AS-STU2026042-HW05,STU2026042,ALG1-B,HW05,2026-09-23,Submitted,20,15.5,No,No
AS-STU2026042-HW06,STU2026042,ALG1-B,HW06,2026-09-25,Late,20,13.3,No,Yes
AS-STU2026042-HW07,STU2026042,ALG1-B,HW07,2026-09-29,Submitted,10,9.9,No,No
AS-STU2026042-HW08,STU2026042,ALG1-B,HW08,2026-10-01,Submitted,20,12.0,No,No
AS-STU2026042-HW09,STU2026042,ALG1-B,HW09,2026-10-05,Submitted,20,20.0,No,No
AS-STU2026042-HW10,STU2026042,ALG1-B,HW10,2026-10-07,Submitted,15,12.2,No,No
AS-STU2026042-HW11,STU2026042,ALG1-B,HW11,2026-10-09,Submitted,20,20.0,No,No
AS-STU2026042-HW12,STU2026042,ALG1-B,HW12,2026-10-13,Submitted,20,20.0,No,No
AS-STU2026042-HW13,STU2026042,ALG1-B,HW13,2026-10-17,Late,20,14.1,No,Yes
AS-STU2026042-HW14,STU2026042,ALG1-B,HW14,2026-10-19,Submitted,10,8.6,No,No
AS-STU2026042-HW15,STU2026042,ALG1-B,HW15,2026-10-21,Submitted,20,18.7,No,No
AS-STU2026042-HW16,STU2026042,ALG1-B,HW16,2026-10-23,Submitted,20,15.1,No,No
AS-STU2026042-HW17,STU2026042,ALG1-B,HW17,2026-10-27,Submitted,20,11.0,No,No
AS-STU2026042-HW18,STU2026042,ALG1-B,HW18,2026-10-29,Submitted,10,8.9,No,No
AS-STU2026043-HW01,STU2026043,ALG1-B,HW01,2026-09-11,Submitted,20,13.8,No,No
AS-STU2026043-HW02,STU2026043,ALG1-B,HW02,,Missing,10,0,Yes,No
AS-STU2026043-HW03,STU2026043,ALG1-B,HW03,2026-09-17,Submitted,20,18.1,No,No
AS-STU2026043-HW04,STU2026043,ALG1-B,HW04,,Missing,20,0,Yes,No
AS-STU2026043-HW05,STU2026043,ALG1-B,HW05,2026-09-23,Submitted,20,16.4,No,No
AS-STU2026043-HW06,STU2026043,ALG1-B,HW06,2026-09-25,Submitted,20,20.0,No,No
AS-STU2026043-HW07,STU2026043,ALG1-B,HW07,2026-09-29,Submitted,10,9.9,No,No
AS-STU2026043-HW08,STU2026043,ALG1-B,HW08,2026-10-01,Submitted,20,16.2,No,No
AS-STU2026043-HW09,STU2026043,ALG1-B,HW09,2026-10-05,Submitted,20,15.8,No,No
AS-STU2026043-HW10,STU2026043,ALG1-B,HW10,2026-10-07,Submitted,15,9.1,No,No
AS-STU2026043-HW11,STU2026043,ALG1-B,HW11,2026-10-09,Submitted,20,16.2,No,No
AS-STU2026043-HW12,STU2026043,ALG1-B,HW12,2026-10-13,Submitted,20,19.6,No,No
AS-STU2026043-HW13,STU2026043,ALG1-B,HW13,2026-10-15,Submitted,20,14.8,No,No
AS-STU2026043-HW14,STU2026043,ALG1-B,HW14,2026-10-19,Submitted,10,8.5,No,No
AS-STU2026043-HW15,STU2026043,ALG1-B,HW15,2026-10-21,Submitted,20,19.6,No,No
AS-STU2026043-HW16,STU2026043,ALG1-B,HW16,2026-10-25,Late,20,16.8,No,Yes
AS-STU2026043-HW17,STU2026043,ALG1-B,HW17,2026-10-27,Submitted,20,17.2,No,No
AS-STU2026043-HW18,STU2026043,ALG1-B,HW18,2026-10-29,Submitted,10,6.5,No,No
AS-STU2026044-HW01,STU2026044,ALG1-B,HW01,2026-09-11,Submitted,20,12.5,No,No
AS-STU2026044-HW02,STU2026044,ALG1-B,HW02,2026-09-15,Submitted,10,7.4,No,No
AS-STU2026044-HW03,STU2026044,ALG1-B,HW03,,Missing,20,0,Yes,No
AS-STU2026044-HW04,STU2026044,ALG1-B,HW04,2026-09-21,Submitted,20,11.4,No,No
AS-STU2026044-HW05,STU2026044,ALG1-B,HW05,2026-09-23,Submitted,20,15.1,No,No
AS-STU2026044-HW06,STU2026044,ALG1-B,HW06,2026-09-25,Submitted,20,17.6,No,No
AS-STU2026044-HW07,STU2026044,ALG1-B,HW07,2026-09-29,Submitted,10,8.2,No,No
AS-STU2026044-HW08,STU2026044,ALG1-B,HW08,2026-10-01,Submitted,20,14.8,No,No
AS-STU2026044-HW09,STU2026044,ALG1-B,HW09,2026-10-05,Submitted,20,14.5,No,No
AS-STU2026044-HW10,STU2026044,ALG1-B,HW10,,Missing,15,0,Yes,No
AS-STU2026044-HW11,STU2026044,ALG1-B,HW11,2026-10-09,Submitted,20,15.0,No,No
AS-STU2026044-HW12,STU2026044,ALG1-B,HW12,2026-10-13,Submitted,20,20.0,No,No
AS-STU2026044-HW13,STU2026044,ALG1-B,HW13,2026-10-16,Late,20,17.0,No,Yes
AS-STU2026044-HW14,STU2026044,ALG1-B,HW14,2026-10-19,Submitted,10,8.9,No,No
AS-STU2026044-HW15,STU2026044,ALG1-B,HW15,2026-10-22,Late,20,8.6,No,Yes
AS-STU2026044-HW16,STU2026044,ALG1-B,HW16,2026-10-23,Submitted,20,13.6,No,No
AS-STU2026044-HW17,STU2026044,ALG1-B,HW17,2026-10-27,Submitted,20,12.1,No,No
AS-STU2026044-HW18,STU2026044,ALG1-B,HW18,,Missing,10,0,Yes,No
AS-STU2026045-HW01,STU2026045,ALG1-B,HW01,2026-09-11,Submitted,20,12.6,No,No
AS-STU2026045-HW02,STU2026045,ALG1-B,HW02,2026-09-17,Late,10,6.8,No,Yes
AS-STU2026045-HW03,STU2026045,ALG1-B,HW03,2026-09-17,Submitted,20,10.2,No,No
AS-STU2026045-HW04,STU2026045,ALG1-B,HW04,2026-09-21,Submitted,20,12.4,No,No
AS-STU2026045-HW05,STU2026045,ALG1-B,HW05,2026-09-23,Submitted,20,10.1,No,No
AS-STU2026045-HW06,STU2026045,ALG1-B,HW06,,Missing,20,0,Yes,No
AS-STU2026045-HW07,STU2026045,ALG1-B,HW07,2026-09-29,Submitted,10,4.2,No,No
AS-STU2026045-HW08,STU2026045,ALG1-B,HW08,2026-10-01,Submitted,20,11.6,No,No
AS-STU2026045-HW09,STU2026045,ALG1-B,HW09,2026-10-05,Submitted,20,8.8,No,No
AS-STU2026045-HW10,STU2026045,ALG1-B,HW10,2026-10-07,Submitted,15,7.3,No,No
AS-STU2026045-HW11,STU2026045,ALG1-B,HW11,2026-10-09,Submitted,20,15.4,No,No
AS-STU2026045-HW12,STU2026045,ALG1-B,HW12,2026-10-13,Submitted,20,10.8,No,No
AS-STU2026045-HW13,STU2026045,ALG1-B,HW13,2026-10-15,Submitted,20,13.6,No,No
AS-STU2026045-HW14,STU2026045,ALG1-B,HW14,2026-10-19,Submitted,10,5.6,No,No
AS-STU2026045-HW15,STU2026045,ALG1-B,HW15,2026-10-21,Submitted,20,15.0,No,No
AS-STU2026045-HW16,STU2026045,ALG1-B,HW16,,Missing,20,0,Yes,No
AS-STU2026045-HW17,STU2026045,ALG1-B,HW17,2026-10-27,Submitted,20,12.2,No,No
AS-STU2026045-HW18,STU2026045,ALG1-B,HW18,2026-10-29,Submitted,10,4.5,No,No
AS-STU2026046-HW01,STU2026046,ALG1-B,HW01,2026-09-11,Submitted,20,8.9,No,No
AS-STU2026046-HW02,STU2026046,ALG1-B,HW02,2026-09-15,Submitted,10,7.0,No,No
AS-STU2026046-HW03,STU2026046,ALG1-B,HW03,2026-09-17,Submitted,20,9.2,No,No
AS-STU2026046-HW04,STU2026046,ALG1-B,HW04,2026-09-21,Submitted,20,8.1,No,No
AS-STU2026046-HW05,STU2026046,ALG1-B,HW05,2026-09-23,Submitted,20,10.0,No,No
AS-STU2026046-HW06,STU2026046,ALG1-B,HW06,2026-09-25,Submitted,20,8.0,No,No
AS-STU2026046-HW07,STU2026046,ALG1-B,HW07,2026-09-29,Submitted,10,6.2,No,No
AS-STU2026046-HW08,STU2026046,ALG1-B,HW08,2026-10-01,Submitted,20,7.0,No,No
AS-STU2026046-HW09,STU2026046,ALG1-B,HW09,2026-10-05,Submitted,20,13.2,No,No
AS-STU2026046-HW10,STU2026046,ALG1-B,HW10,2026-10-08,Late,15,6.9,No,Yes
AS-STU2026046-HW11,STU2026046,ALG1-B,HW11,,Missing,20,0,Yes,No
AS-STU2026046-HW12,STU2026046,ALG1-B,HW12,2026-10-13,Submitted,20,11.7,No,No
AS-STU2026046-HW13,STU2026046,ALG1-B,HW13,2026-10-15,Submitted,20,9.5,No,No
AS-STU2026046-HW14,STU2026046,ALG1-B,HW14,,Missing,10,0,Yes,No
AS-STU2026046-HW15,STU2026046,ALG1-B,HW15,2026-10-22,Late,20,7.2,No,Yes
AS-STU2026046-HW16,STU2026046,ALG1-B,HW16,2026-10-23,Submitted,20,12.6,No,No
AS-STU2026046-HW17,STU2026046,ALG1-B,HW17,,Missing,20,0,Yes,No
AS-STU2026046-HW18,STU2026046,ALG1-B,HW18,2026-10-29,Submitted,10,5.9,No,No
AS-STU2026047-HW01,STU2026047,ALG1-B,HW01,,Missing,20,0,Yes,No
AS-STU2026047-HW02,STU2026047,ALG1-B,HW02,,Missing,10,0,Yes,No
AS-STU2026047-HW03,STU2026047,ALG1-B,HW03,2026-09-19,Late,20,18.0,No,Yes
AS-STU2026047-HW04,STU2026047,ALG1-B,HW04,2026-09-21,Submitted,20,11.0,No,No
AS-STU2026047-HW05,STU2026047,ALG1-B,HW05,2026-09-23,Submitted,20,9.5,No,No
AS-STU2026047-HW06,STU2026047,ALG1-B,HW06,,Missing,20,0,Yes,No
AS-STU2026047-HW07,STU2026047,ALG1-B,HW07,2026-09-29,Submitted,10,7.6,No,No
AS-STU2026047-HW08,STU2026047,ALG1-B,HW08,2026-10-01,Submitted,20,14.6,No,No
AS-STU2026047-HW09,STU2026047,ALG1-B,HW09,,Missing,20,0,Yes,No
AS-STU2026047-HW10,STU2026047,ALG1-B,HW10,2026-10-07,Submitted,15,13.6,No,No
AS-STU2026047-HW11,STU2026047,ALG1-B,HW11,,Missing,20,0,Yes,No
AS-STU2026047-HW12,STU2026047,ALG1-B,HW12,2026-10-15,Late,20,16.7,No,Yes
AS-STU2026047-HW13,STU2026047,ALG1-B,HW13,2026-10-15,Submitted,20,12.0,No,No
AS-STU2026047-HW14,STU2026047,ALG1-B,HW14,,Missing,10,0,Yes,No
AS-STU2026047-HW15,STU2026047,ALG1-B,HW15,,Missing,20,0,Yes,No
AS-STU2026047-HW16,STU2026047,ALG1-B,HW16,2026-10-23,Submitted,20,11.1,No,No
AS-STU2026047-HW17,STU2026047,ALG1-B,HW17,,Missing,20,0,Yes,No
AS-STU2026047-HW18,STU2026047,ALG1-B,HW18,2026-10-29,Submitted,10,8.2,No,No
AS-STU2026048-HW01,STU2026048,ALG1-B,HW01,2026-09-11,Submitted,20,17.3,No,No
AS-STU2026048-HW02,STU2026048,ALG1-B,HW02,2026-09-15,Submitted,10,9.8,No,No
AS-STU2026048-HW03,STU2026048,ALG1-B,HW03,,Missing,20,0,Yes,No
AS-STU2026048-HW04,STU2026048,ALG1-B,HW04,2026-09-21,Submitted,20,20.0,No,No
AS-STU2026048-HW05,STU2026048,ALG1-B,HW05,2026-09-23,Submitted,20,15.3,No,No
AS-STU2026048-HW06,STU2026048,ALG1-B,HW06,,Missing,20,0,Yes,No
AS-STU2026048-HW07,STU2026048,ALG1-B,HW07,2026-09-29,Submitted,10,9.2,No,No
AS-STU2026048-HW08,STU2026048,ALG1-B,HW08,2026-10-04,Late,20,18.0,No,Yes
AS-STU2026048-HW09,STU2026048,ALG1-B,HW09,2026-10-05,Submitted,20,19.0,No,No
AS-STU2026048-HW10,STU2026048,ALG1-B,HW10,2026-10-07,Submitted,15,13.9,No,No
AS-STU2026048-HW11,STU2026048,ALG1-B,HW11,2026-10-09,Submitted,20,18.0,No,No
AS-STU2026048-HW12,STU2026048,ALG1-B,HW12,2026-10-13,Submitted,20,20.0,No,No
AS-STU2026048-HW13,STU2026048,ALG1-B,HW13,2026-10-15,Submitted,20,17.4,No,No
AS-STU2026048-HW14,STU2026048,ALG1-B,HW14,,Missing,10,0,Yes,No
AS-STU2026048-HW15,STU2026048,ALG1-B,HW15,2026-10-21,Submitted,20,20.0,No,No
AS-STU2026048-HW16,STU2026048,ALG1-B,HW16,2026-10-23,Submitted,20,18.8,No,No
AS-STU2026048-HW17,STU2026048,ALG1-B,HW17,2026-10-27,Submitted,20,17.1,No,No
AS-STU2026048-HW18,STU2026048,ALG1-B,HW18,2026-10-29,Submitted,10,9.8,No,No
AS-STU2026049-HW01,STU2026049,ALG1-B,HW01,,Missing,20,0,Yes,No
AS-STU2026049-HW02,STU2026049,ALG1-B,HW02,,Missing,10,0,Yes,No
AS-STU2026049-HW03,STU2026049,ALG1-B,HW03,,Missing,20,0,Yes,No
AS-STU2026049-HW04,STU2026049,ALG1-B,HW04,2026-09-21,Submitted,20,14.5,No,No
AS-STU2026049-HW05,STU2026049,ALG1-B,HW05,2026-09-23,Submitted,20,12.2,No,No
AS-STU2026049-HW06,STU2026049,ALG1-B,HW06,2026-09-25,Submitted,20,13.5,No,No
AS-STU2026049-HW07,STU2026049,ALG1-B,HW07,,Missing,10,0,Yes,No
AS-STU2026049-HW08,STU2026049,ALG1-B,HW08,2026-10-01,Submitted,20,9.1,No,No
AS-STU2026049-HW09,STU2026049,ALG1-B,HW09,2026-10-05,Submitted,20,13.3,No,No
AS-STU2026049-HW10,STU2026049,ALG1-B,HW10,2026-10-07,Submitted,15,9.6,No,No
AS-STU2026049-HW11,STU2026049,ALG1-B,HW11,,Missing,20,0,Yes,No
AS-STU2026049-HW12,STU2026049,ALG1-B,HW12,2026-10-13,Submitted,20,8.1,No,No
AS-STU2026049-HW13,STU2026049,ALG1-B,HW13,2026-10-15,Submitted,20,13.3,No,No
AS-STU2026049-HW14,STU2026049,ALG1-B,HW14,2026-10-19,Submitted,10,7.1,No,No
AS-STU2026049-HW15,STU2026049,ALG1-B,HW15,,Missing,20,0,Yes,No
AS-STU2026049-HW16,STU2026049,ALG1-B,HW16,2026-10-23,Submitted,20,12.1,No,No
AS-STU2026049-HW17,STU2026049,ALG1-B,HW17,2026-10-27,Submitted,20,11.2,No,No
AS-STU2026049-HW18,STU2026049,ALG1-B,HW18,2026-10-29,Submitted,10,5.2,No,No
AS-STU2026050-HW01,STU2026050,ALG1-B,HW01,2026-09-11,Submitted,20,19.4,No,No
AS-STU2026050-HW02,STU2026050,ALG1-B,HW02,2026-09-15,Submitted,10,8.8,No,No
AS-STU2026050-HW03,STU2026050,ALG1-B,HW03,2026-09-17,Submitted,20,13.2,No,No
AS-STU2026050-HW04,STU2026050,ALG1-B,HW04,2026-09-21,Submitted,20,16.8,No,No
AS-STU2026050-HW05,STU2026050,ALG1-B,HW05,2026-09-23,Late,20,14.5,No,Yes
AS-STU2026050-HW06,STU2026050,ALG1-B,HW06,2026-09-25,Submitted,20,12.6,No,No
AS-STU2026050-HW07,STU2026050,ALG1-B,HW07,2026-09-29,Submitted,10,8.8,No,No
AS-STU2026050-HW08,STU2026050,ALG1-B,HW08,2026-10-01,Submitted,20,18.9,No,No
AS-STU2026050-HW09,STU2026050,ALG1-B,HW09,2026-10-05,Submitted,20,18.5,No,No
AS-STU2026050-HW10,STU2026050,ALG1-B,HW10,2026-10-07,Submitted,15,14.4,No,No
AS-STU2026050-HW11,STU2026050,ALG1-B,HW11,2026-10-09,Submitted,20,19.8,No,No
AS-STU2026050-HW12,STU2026050,ALG1-B,HW12,2026-10-15,Late,20,18.0,No,Yes
AS-STU2026050-HW13,STU2026050,ALG1-B,HW13,2026-10-17,Late,20,17.4,No,Yes
AS-STU2026050-HW14,STU2026050,ALG1-B,HW14,2026-10-19,Submitted,10,7.1,No,No
AS-STU2026050-HW15,STU2026050,ALG1-B,HW15,2026-10-22,Late,20,16.8,No,Yes
AS-STU2026050-HW16,STU2026050,ALG1-B,HW16,2026-10-23,Submitted,20,20.0,No,No
AS-STU2026050-HW17,STU2026050,ALG1-B,HW17,2026-10-27,Submitted,20,19.0,No,No
AS-STU2026050-HW18,STU2026050,ALG1-B,HW18,2026-10-29,Submitted,10,6.3,No,No
AS-STU2026051-HW01,STU2026051,ALG1-B,HW01,2026-09-11,Submitted,20,16.5,No,No
AS-STU2026051-HW02,STU2026051,ALG1-B,HW02,,Missing,10,0,Yes,No
AS-STU2026051-HW03,STU2026051,ALG1-B,HW03,2026-09-17,Submitted,20,9.6,No,No
AS-STU2026051-HW04,STU2026051,ALG1-B,HW04,2026-09-21,Submitted,20,15.2,No,No
AS-STU2026051-HW05,STU2026051,ALG1-B,HW05,2026-09-23,Submitted,20,11.8,No,No
AS-STU2026051-HW06,STU2026051,ALG1-B,HW06,2026-09-25,Submitted,20,14.4,No,No
AS-STU2026051-HW07,STU2026051,ALG1-B,HW07,2026-09-29,Submitted,10,8.4,No,No
AS-STU2026051-HW08,STU2026051,ALG1-B,HW08,2026-10-01,Submitted,20,12.8,No,No
AS-STU2026051-HW09,STU2026051,ALG1-B,HW09,2026-10-05,Late,20,14.1,No,Yes
AS-STU2026051-HW10,STU2026051,ALG1-B,HW10,2026-10-07,Submitted,15,15.0,No,No
AS-STU2026051-HW11,STU2026051,ALG1-B,HW11,2026-10-09,Submitted,20,17.1,No,No
AS-STU2026051-HW12,STU2026051,ALG1-B,HW12,2026-10-14,Late,20,16.3,No,Yes
AS-STU2026051-HW13,STU2026051,ALG1-B,HW13,2026-10-15,Submitted,20,17.3,No,No
AS-STU2026051-HW14,STU2026051,ALG1-B,HW14,2026-10-19,Submitted,10,6.1,No,No
AS-STU2026051-HW15,STU2026051,ALG1-B,HW15,2026-10-23,Late,20,13.3,No,Yes
AS-STU2026051-HW16,STU2026051,ALG1-B,HW16,2026-10-23,Submitted,20,8.7,No,No
AS-STU2026051-HW17,STU2026051,ALG1-B,HW17,2026-10-29,Late,20,12.5,No,Yes
AS-STU2026051-HW18,STU2026051,ALG1-B,HW18,2026-10-29,Submitted,10,6.6,No,No
AS-STU2026052-HW01,STU2026052,ALG1-B,HW01,2026-09-11,Submitted,20,18.9,No,No
AS-STU2026052-HW02,STU2026052,ALG1-B,HW02,2026-09-15,Submitted,10,6.5,No,No
AS-STU2026052-HW03,STU2026052,ALG1-B,HW03,2026-09-17,Submitted,20,16.7,No,No
AS-STU2026052-HW04,STU2026052,ALG1-B,HW04,2026-09-21,Submitted,20,14.4,No,No
AS-STU2026052-HW05,STU2026052,ALG1-B,HW05,2026-09-23,Submitted,20,10.3,No,No
AS-STU2026052-HW06,STU2026052,ALG1-B,HW06,2026-09-25,Submitted,20,14.0,No,No
AS-STU2026052-HW07,STU2026052,ALG1-B,HW07,2026-09-29,Submitted,10,7.6,No,No
AS-STU2026052-HW08,STU2026052,ALG1-B,HW08,2026-10-01,Submitted,20,12.2,No,No
AS-STU2026052-HW09,STU2026052,ALG1-B,HW09,2026-10-05,Submitted,20,12.0,No,No
AS-STU2026052-HW10,STU2026052,ALG1-B,HW10,2026-10-08,Late,15,8.1,No,Yes
AS-STU2026052-HW11,STU2026052,ALG1-B,HW11,2026-10-09,Submitted,20,14.3,No,No
AS-STU2026052-HW12,STU2026052,ALG1-B,HW12,,Missing,20,0,Yes,No
AS-STU2026052-HW13,STU2026052,ALG1-B,HW13,2026-10-15,Submitted,20,12.4,No,No
AS-STU2026052-HW14,STU2026052,ALG1-B,HW14,2026-10-19,Submitted,10,4.2,No,No
AS-STU2026052-HW15,STU2026052,ALG1-B,HW15,2026-10-21,Submitted,20,7.0,No,No
AS-STU2026052-HW16,STU2026052,ALG1-B,HW16,,Missing,20,0,Yes,No
AS-STU2026052-HW17,STU2026052,ALG1-B,HW17,2026-10-27,Submitted,20,10.6,No,No
AS-STU2026052-HW18,STU2026052,ALG1-B,HW18,,Missing,10,0,Yes,No
AS-STU2026053-HW01,STU2026053,ALG1-B,HW01,2026-09-11,Submitted,20,11.3,No,No
AS-STU2026053-HW02,STU2026053,ALG1-B,HW02,,Missing,10,0,Yes,No
AS-STU2026053-HW03,STU2026053,ALG1-B,HW03,2026-09-17,Submitted,20,14.4,No,No
AS-STU2026053-HW04,STU2026053,ALG1-B,HW04,2026-09-21,Submitted,20,12.6,No,No
AS-STU2026053-HW05,STU2026053,ALG1-B,HW05,2026-09-23,Submitted,20,13.8,No,No
AS-STU2026053-HW06,STU2026053,ALG1-B,HW06,2026-09-25,Submitted,20,15.8,No,No
AS-STU2026053-HW07,STU2026053,ALG1-B,HW07,2026-09-29,Submitted,10,7.5,No,No
AS-STU2026053-HW08,STU2026053,ALG1-B,HW08,2026-10-01,Submitted,20,13.0,No,No
AS-STU2026053-HW09,STU2026053,ALG1-B,HW09,2026-10-05,Submitted,20,16.6,No,No
AS-STU2026053-HW10,STU2026053,ALG1-B,HW10,2026-10-07,Submitted,15,10.3,No,No
AS-STU2026053-HW11,STU2026053,ALG1-B,HW11,,Missing,20,0,Yes,No
AS-STU2026053-HW12,STU2026053,ALG1-B,HW12,2026-10-13,Submitted,20,14.4,No,No
AS-STU2026053-HW13,STU2026053,ALG1-B,HW13,,Missing,20,0,Yes,No
AS-STU2026053-HW14,STU2026053,ALG1-B,HW14,2026-10-19,Submitted,10,7.4,No,No
AS-STU2026053-HW15,STU2026053,ALG1-B,HW15,2026-10-21,Submitted,20,14.8,No,No
AS-STU2026053-HW16,STU2026053,ALG1-B,HW16,2026-10-23,Submitted,20,14.1,No,No
AS-STU2026053-HW17,STU2026053,ALG1-B,HW17,2026-10-27,Submitted,20,14.8,No,No
AS-STU2026053-HW18,STU2026053,ALG1-B,HW18,2026-10-29,Submitted,10,7.1,No,No
AS-STU2026054-HW01,STU2026054,ALG1-B,HW01,2026-09-11,Submitted,20,10.5,No,No
AS-STU2026054-HW02,STU2026054,ALG1-B,HW02,,Missing,10,0,Yes,No
AS-STU2026054-HW03,STU2026054,ALG1-B,HW03,2026-09-17,Submitted,20,8.2,No,No
AS-STU2026054-HW04,STU2026054,ALG1-B,HW04,2026-09-21,Submitted,20,15.5,No,No
AS-STU2026054-HW05,STU2026054,ALG1-B,HW05,2026-09-23,Submitted,20,14.6,No,No
AS-STU2026054-HW06,STU2026054,ALG1-B,HW06,,Missing,20,0,Yes,No
AS-STU2026054-HW07,STU2026054,ALG1-B,HW07,2026-09-29,Submitted,10,6.9,No,No
AS-STU2026054-HW08,STU2026054,ALG1-B,HW08,2026-10-04,Late,20,8.6,No,Yes
AS-STU2026054-HW09,STU2026054,ALG1-B,HW09,2026-10-07,Late,20,10.2,No,Yes
AS-STU2026054-HW10,STU2026054,ALG1-B,HW10,2026-10-09,Late,15,7.8,No,Yes
AS-STU2026054-HW11,STU2026054,ALG1-B,HW11,2026-10-09,Submitted,20,13.7,No,No
AS-STU2026054-HW12,STU2026054,ALG1-B,HW12,2026-10-13,Submitted,20,14.9,No,No
AS-STU2026054-HW13,STU2026054,ALG1-B,HW13,,Missing,20,0,Yes,No
AS-STU2026054-HW14,STU2026054,ALG1-B,HW14,2026-10-19,Submitted,10,6.1,No,No
AS-STU2026054-HW15,STU2026054,ALG1-B,HW15,2026-10-21,Submitted,20,12.4,No,No
AS-STU2026054-HW16,STU2026054,ALG1-B,HW16,2026-10-26,Late,20,11.8,No,Yes
AS-STU2026054-HW17,STU2026054,ALG1-B,HW17,2026-10-27,Submitted,20,12.6,No,No
AS-STU2026054-HW18,STU2026054,ALG1-B,HW18,,Missing,10,0,Yes,No
AS-STU2026055-HW01,STU2026055,ALG1-B,HW01,2026-09-11,Submitted,20,17.6,No,No
AS-STU2026055-HW02,STU2026055,ALG1-B,HW02,2026-09-15,Submitted,10,9.3,No,No
AS-STU2026055-HW03,STU2026055,ALG1-B,HW03,2026-09-17,Submitted,20,17.7,No,No
AS-STU2026055-HW04,STU2026055,ALG1-B,HW04,2026-09-21,Submitted,20,13.9,No,No
AS-STU2026055-HW05,STU2026055,ALG1-B,HW05,2026-09-23,Submitted,20,20.0,No,No
AS-STU2026055-HW06,STU2026055,ALG1-B,HW06,2026-09-25,Submitted,20,20.0,No,No
AS-STU2026055-HW07,STU2026055,ALG1-B,HW07,2026-09-29,Submitted,10,10.0,No,No
AS-STU2026055-HW08,STU2026055,ALG1-B,HW08,2026-10-01,Submitted,20,19.7,No,No
AS-STU2026055-HW09,STU2026055,ALG1-B,HW09,,Missing,20,0,Yes,No
AS-STU2026055-HW10,STU2026055,ALG1-B,HW10,2026-10-07,Submitted,15,14.0,No,No
AS-STU2026055-HW11,STU2026055,ALG1-B,HW11,2026-10-09,Submitted,20,20.0,No,No
AS-STU2026055-HW12,STU2026055,ALG1-B,HW12,2026-10-13,Submitted,20,19.0,No,No
AS-STU2026055-HW13,STU2026055,ALG1-B,HW13,2026-10-15,Submitted,20,14.8,No,No
AS-STU2026055-HW14,STU2026055,ALG1-B,HW14,2026-10-19,Submitted,10,8.8,No,No
AS-STU2026055-HW15,STU2026055,ALG1-B,HW15,2026-10-21,Submitted,20,19.8,No,No
AS-STU2026055-HW16,STU2026055,ALG1-B,HW16,2026-10-23,Submitted,20,19.6,No,No
AS-STU2026055-HW17,STU2026055,ALG1-B,HW17,2026-10-27,Submitted,20,19.9,No,No
AS-STU2026055-HW18,STU2026055,ALG1-B,HW18,2026-10-29,Submitted,10,7.5,No,No
AS-STU2026056-HW01,STU2026056,ALG1-B,HW01,2026-09-11,Submitted,20,14.0,No,No
AS-STU2026056-HW02,STU2026056,ALG1-B,HW02,2026-09-15,Late,10,4.5,No,Yes
AS-STU2026056-HW03,STU2026056,ALG1-B,HW03,2026-09-17,Submitted,20,14.0,No,No
AS-STU2026056-HW04,STU2026056,ALG1-B,HW04,,Missing,20,0,Yes,No
AS-STU2026056-HW05,STU2026056,ALG1-B,HW05,2026-09-23,Submitted,20,11.3,No,No
AS-STU2026056-HW06,STU2026056,ALG1-B,HW06,2026-09-25,Submitted,20,20.0,No,No
AS-STU2026056-HW07,STU2026056,ALG1-B,HW07,,Missing,10,0,Yes,No
AS-STU2026056-HW08,STU2026056,ALG1-B,HW08,2026-10-01,Submitted,20,15.8,No,No
AS-STU2026056-HW09,STU2026056,ALG1-B,HW09,2026-10-05,Submitted,20,14.3,No,No
AS-STU2026056-HW10,STU2026056,ALG1-B,HW10,2026-10-07,Submitted,15,10.7,No,No
AS-STU2026056-HW11,STU2026056,ALG1-B,HW11,2026-10-09,Submitted,20,13.7,No,No
AS-STU2026056-HW12,STU2026056,ALG1-B,HW12,2026-10-13,Submitted,20,7.1,No,No
AS-STU2026056-HW13,STU2026056,ALG1-B,HW13,2026-10-15,Submitted,20,12.4,No,No
AS-STU2026056-HW14,STU2026056,ALG1-B,HW14,2026-10-19,Submitted,10,6.9,No,No
AS-STU2026056-HW15,STU2026056,ALG1-B,HW15,2026-10-21,Submitted,20,13.3,No,No
AS-STU2026056-HW16,STU2026056,ALG1-B,HW16,2026-10-23,Submitted,20,17.4,No,No
AS-STU2026056-HW17,STU2026056,ALG1-B,HW17,,Missing,20,0,Yes,No
AS-STU2026056-HW18,STU2026056,ALG1-B,HW18,,Missing,10,0,Yes,No
AS-STU2026057-HW01,STU2026057,ALG1-B,HW01,2026-09-11,Submitted,20,10.7,No,No
AS-STU2026057-HW02,STU2026057,ALG1-B,HW02,2026-09-15,Late,10,3.7,No,Yes
AS-STU2026057-HW03,STU2026057,ALG1-B,HW03,2026-09-17,Submitted,20,14.3,No,No
AS-STU2026057-HW04,STU2026057,ALG1-B,HW04,,Missing,20,0,Yes,No
AS-STU2026057-HW05,STU2026057,ALG1-B,HW05,2026-09-23,Submitted,20,10.0,No,No
AS-STU2026057-HW06,STU2026057,ALG1-B,HW06,2026-09-25,Submitted,20,10.4,No,No
AS-STU2026057-HW07,STU2026057,ALG1-B,HW07,2026-10-01,Late,10,7.8,No,Yes
AS-STU2026057-HW08,STU2026057,ALG1-B,HW08,2026-10-01,Submitted,20,12.9,No,No
AS-STU2026057-HW09,STU2026057,ALG1-B,HW09,2026-10-05,Submitted,20,10.8,No,No
AS-STU2026057-HW10,STU2026057,ALG1-B,HW10,2026-10-07,Submitted,15,10.8,No,No
AS-STU2026057-HW11,STU2026057,ALG1-B,HW11,,Missing,20,0,Yes,No
AS-STU2026057-HW12,STU2026057,ALG1-B,HW12,,Missing,20,0,Yes,No
AS-STU2026057-HW13,STU2026057,ALG1-B,HW13,2026-10-15,Submitted,20,7.1,No,No
AS-STU2026057-HW14,STU2026057,ALG1-B,HW14,2026-10-19,Submitted,10,5.0,No,No
AS-STU2026057-HW15,STU2026057,ALG1-B,HW15,2026-10-21,Submitted,20,14.0,No,No
AS-STU2026057-HW16,STU2026057,ALG1-B,HW16,2026-10-23,Submitted,20,13.9,No,No
AS-STU2026057-HW17,STU2026057,ALG1-B,HW17,2026-10-27,Submitted,20,12.8,No,No
AS-STU2026057-HW18,STU2026057,ALG1-B,HW18,2026-10-29,Submitted,10,5.2,No,No
AS-STU2026058-HW01,STU2026058,ALG1-B,HW01,2026-09-13,Late,20,15.6,No,Yes
AS-STU2026058-HW02,STU2026058,ALG1-B,HW02,2026-09-15,Submitted,10,7.1,No,No
AS-STU2026058-HW03,STU2026058,ALG1-B,HW03,,Missing,20,0,Yes,No
AS-STU2026058-HW04,STU2026058,ALG1-B,HW04,2026-09-21,Late,20,17.9,No,Yes
AS-STU2026058-HW05,STU2026058,ALG1-B,HW05,2026-09-23,Submitted,20,17.2,No,No
AS-STU2026058-HW06,STU2026058,ALG1-B,HW06,2026-09-25,Submitted,20,20.0,No,No
AS-STU2026058-HW07,STU2026058,ALG1-B,HW07,2026-09-29,Submitted,10,10.0,No,No
AS-STU2026058-HW08,STU2026058,ALG1-B,HW08,2026-10-01,Submitted,20,16.7,No,No
AS-STU2026058-HW09,STU2026058,ALG1-B,HW09,2026-10-07,Late,20,15.0,No,Yes
AS-STU2026058-HW10,STU2026058,ALG1-B,HW10,2026-10-07,Submitted,15,13.9,No,No
AS-STU2026058-HW11,STU2026058,ALG1-B,HW11,,Missing,20,0,Yes,No
AS-STU2026058-HW12,STU2026058,ALG1-B,HW12,2026-10-13,Submitted,20,16.3,No,No
AS-STU2026058-HW13,STU2026058,ALG1-B,HW13,2026-10-15,Submitted,20,17.3,No,No
AS-STU2026058-HW14,STU2026058,ALG1-B,HW14,2026-10-19,Submitted,10,6.5,No,No
AS-STU2026058-HW15,STU2026058,ALG1-B,HW15,2026-10-21,Submitted,20,18.8,No,No
AS-STU2026058-HW16,STU2026058,ALG1-B,HW16,2026-10-23,Submitted,20,14.5,No,No
AS-STU2026058-HW17,STU2026058,ALG1-B,HW17,2026-10-30,Late,20,13.6,No,Yes
AS-STU2026058-HW18,STU2026058,ALG1-B,HW18,2026-10-29,Submitted,10,8.3,No,No
AS-STU2026059-HW01,STU2026059,ALG1-B,HW01,2026-09-11,Submitted,20,16.9,No,No
AS-STU2026059-HW02,STU2026059,ALG1-B,HW02,,Missing,10,0,Yes,No
AS-STU2026059-HW03,STU2026059,ALG1-B,HW03,2026-09-17,Submitted,20,15.6,No,No
AS-STU2026059-HW04,STU2026059,ALG1-B,HW04,2026-09-21,Submitted,20,12.8,No,No
AS-STU2026059-HW05,STU2026059,ALG1-B,HW05,,Missing,20,0,Yes,No
AS-STU2026059-HW06,STU2026059,ALG1-B,HW06,2026-09-25,Submitted,20,13.3,No,No
AS-STU2026059-HW07,STU2026059,ALG1-B,HW07,,Missing,10,0,Yes,No
AS-STU2026059-HW08,STU2026059,ALG1-B,HW08,2026-10-01,Submitted,20,15.3,No,No
AS-STU2026059-HW09,STU2026059,ALG1-B,HW09,2026-10-05,Submitted,20,15.9,No,No
AS-STU2026059-HW10,STU2026059,ALG1-B,HW10,2026-10-07,Submitted,15,12.0,No,No
AS-STU2026059-HW11,STU2026059,ALG1-B,HW11,2026-10-09,Submitted,20,16.1,No,No
AS-STU2026059-HW12,STU2026059,ALG1-B,HW12,2026-10-13,Submitted,20,11.4,No,No
AS-STU2026059-HW13,STU2026059,ALG1-B,HW13,2026-10-15,Submitted,20,14.1,No,No
AS-STU2026059-HW14,STU2026059,ALG1-B,HW14,2026-10-19,Submitted,10,7.4,No,No
AS-STU2026059-HW15,STU2026059,ALG1-B,HW15,2026-10-21,Submitted,20,17.1,No,No
AS-STU2026059-HW16,STU2026059,ALG1-B,HW16,2026-10-23,Submitted,20,14.9,No,No
AS-STU2026059-HW17,STU2026059,ALG1-B,HW17,2026-10-27,Submitted,20,17.5,No,No
AS-STU2026059-HW18,STU2026059,ALG1-B,HW18,2026-10-29,Submitted,10,7.5,No,No
AS-STU2026060-HW01,STU2026060,ALG1-B,HW01,2026-09-14,Late,20,16.9,No,Yes
AS-STU2026060-HW02,STU2026060,ALG1-B,HW02,2026-09-15,Submitted,10,6.8,No,No
AS-STU2026060-HW03,STU2026060,ALG1-B,HW03,2026-09-17,Submitted,20,8.4,No,No
AS-STU2026060-HW04,STU2026060,ALG1-B,HW04,2026-09-21,Submitted,20,14.6,No,No
AS-STU2026060-HW05,STU2026060,ALG1-B,HW05,2026-09-23,Submitted,20,13.6,No,No
AS-STU2026060-HW06,STU2026060,ALG1-B,HW06,2026-09-25,Submitted,20,7.0,No,No
AS-STU2026060-HW07,STU2026060,ALG1-B,HW07,2026-09-29,Submitted,10,8.7,No,No
AS-STU2026060-HW08,STU2026060,ALG1-B,HW08,2026-10-01,Submitted,20,10.1,No,No
AS-STU2026060-HW09,STU2026060,ALG1-B,HW09,,Missing,20,0,Yes,No
AS-STU2026060-HW10,STU2026060,ALG1-B,HW10,2026-10-07,Submitted,15,11.3,No,No
AS-STU2026060-HW11,STU2026060,ALG1-B,HW11,2026-10-09,Submitted,20,7.0,No,No
AS-STU2026060-HW12,STU2026060,ALG1-B,HW12,2026-10-13,Late,20,15.1,No,Yes
AS-STU2026060-HW13,STU2026060,ALG1-B,HW13,2026-10-15,Submitted,20,16.3,No,No
AS-STU2026060-HW14,STU2026060,ALG1-B,HW14,2026-10-19,Submitted,10,6.3,No,No
AS-STU2026060-HW15,STU2026060,ALG1-B,HW15,2026-10-21,Submitted,20,14.0,No,No
AS-STU2026060-HW16,STU2026060,ALG1-B,HW16,,Missing,20,0,Yes,No
AS-STU2026060-HW17,STU2026060,ALG1-B,HW17,,Missing,20,0,Yes,No
AS-STU2026060-HW18,STU2026060,ALG1-B,HW18,,Missing,10,0,Yes,No
AS-STU2026061-HW01,STU2026061,ALG1-B,HW01,2026-09-11,Submitted,20,13.9,No,No
AS-STU2026061-HW02,STU2026061,ALG1-B,HW02,2026-09-15,Submitted,10,10.0,No,No
AS-STU2026061-HW03,STU2026061,ALG1-B,HW03,2026-09-17,Submitted,20,16.6,No,No
AS-STU2026061-HW04,STU2026061,ALG1-B,HW04,2026-09-21,Submitted,20,17.2,No,No
AS-STU2026061-HW05,STU2026061,ALG1-B,HW05,2026-09-23,Submitted,20,17.5,No,No
AS-STU2026061-HW06,STU2026061,ALG1-B,HW06,2026-09-25,Submitted,20,10.1,No,No
AS-STU2026061-HW07,STU2026061,ALG1-B,HW07,2026-09-29,Submitted,10,7.7,No,No
AS-STU2026061-HW08,STU2026061,ALG1-B,HW08,2026-10-01,Submitted,20,13.8,No,No
AS-STU2026061-HW09,STU2026061,ALG1-B,HW09,2026-10-05,Submitted,20,15.0,No,No
AS-STU2026061-HW10,STU2026061,ALG1-B,HW10,2026-10-07,Submitted,15,10.0,No,No
AS-STU2026061-HW11,STU2026061,ALG1-B,HW11,2026-10-09,Submitted,20,13.5,No,No
AS-STU2026061-HW12,STU2026061,ALG1-B,HW12,2026-10-13,Submitted,20,14.5,No,No
AS-STU2026061-HW13,STU2026061,ALG1-B,HW13,,Missing,20,0,Yes,No
AS-STU2026061-HW14,STU2026061,ALG1-B,HW14,2026-10-19,Submitted,10,6.4,No,No
AS-STU2026061-HW15,STU2026061,ALG1-B,HW15,2026-10-21,Submitted,20,10.3,No,No
AS-STU2026061-HW16,STU2026061,ALG1-B,HW16,2026-10-23,Submitted,20,12.1,No,No
AS-STU2026061-HW17,STU2026061,ALG1-B,HW17,2026-10-27,Submitted,20,11.2,No,No
AS-STU2026061-HW18,STU2026061,ALG1-B,HW18,2026-10-29,Submitted,10,6.4,No,No
AS-STU2026062-HW01,STU2026062,ALG1-B,HW01,2026-09-11,Submitted,20,14.2,No,No
AS-STU2026062-HW02,STU2026062,ALG1-B,HW02,2026-09-15,Submitted,10,6.9,No,No
AS-STU2026062-HW03,STU2026062,ALG1-B,HW03,2026-09-17,Submitted,20,14.3,No,No
AS-STU2026062-HW04,STU2026062,ALG1-B,HW04,2026-09-21,Submitted,20,14.8,No,No
AS-STU2026062-HW05,STU2026062,ALG1-B,HW05,2026-09-23,Submitted,20,20.0,No,No
AS-STU2026062-HW06,STU2026062,ALG1-B,HW06,,Missing,20,0,Yes,No
AS-STU2026062-HW07,STU2026062,ALG1-B,HW07,,Missing,10,0,Yes,No
AS-STU2026062-HW08,STU2026062,ALG1-B,HW08,2026-10-01,Submitted,20,11.9,No,No
AS-STU2026062-HW09,STU2026062,ALG1-B,HW09,,Missing,20,0,Yes,No
AS-STU2026062-HW10,STU2026062,ALG1-B,HW10,2026-10-10,Late,15,9.8,No,Yes
AS-STU2026062-HW11,STU2026062,ALG1-B,HW11,,Missing,20,0,Yes,No
AS-STU2026062-HW12,STU2026062,ALG1-B,HW12,2026-10-13,Submitted,20,15.0,No,No
AS-STU2026062-HW13,STU2026062,ALG1-B,HW13,2026-10-15,Submitted,20,19.5,No,No
AS-STU2026062-HW14,STU2026062,ALG1-B,HW14,2026-10-19,Submitted,10,6.5,No,No
AS-STU2026062-HW15,STU2026062,ALG1-B,HW15,2026-10-21,Submitted,20,17.3,No,No
AS-STU2026062-HW16,STU2026062,ALG1-B,HW16,2026-10-23,Submitted,20,20.0,No,No
AS-STU2026062-HW17,STU2026062,ALG1-B,HW17,2026-10-27,Submitted,20,18.3,No,No
AS-STU2026062-HW18,STU2026062,ALG1-B,HW18,2026-10-29,Submitted,10,5.3,No,No
AS-STU2026063-HW01,STU2026063,ALG1-B,HW01,2026-09-11,Submitted,20,11.2,No,No
AS-STU2026063-HW02,STU2026063,ALG1-B,HW02,2026-09-15,Submitted,10,3.5,No,No
AS-STU2026063-HW03,STU2026063,ALG1-B,HW03,2026-09-17,Submitted,20,9.6,No,No
AS-STU2026063-HW04,STU2026063,ALG1-B,HW04,2026-09-21,Submitted,20,13.1,No,No
AS-STU2026063-HW05,STU2026063,ALG1-B,HW05,,Missing,20,0,Yes,No
AS-STU2026063-HW06,STU2026063,ALG1-B,HW06,2026-09-25,Submitted,20,8.9,No,No
AS-STU2026063-HW07,STU2026063,ALG1-B,HW07,2026-09-29,Submitted,10,3.5,No,No
AS-STU2026063-HW08,STU2026063,ALG1-B,HW08,2026-10-01,Submitted,20,7.9,No,No
AS-STU2026063-HW09,STU2026063,ALG1-B,HW09,2026-10-05,Submitted,20,7.0,No,No
AS-STU2026063-HW10,STU2026063,ALG1-B,HW10,2026-10-10,Late,15,4.7,No,Yes
AS-STU2026063-HW11,STU2026063,ALG1-B,HW11,2026-10-09,Submitted,20,9.6,No,No
AS-STU2026063-HW12,STU2026063,ALG1-B,HW12,,Missing,20,0,Yes,No
AS-STU2026063-HW13,STU2026063,ALG1-B,HW13,,Missing,20,0,Yes,No
AS-STU2026063-HW14,STU2026063,ALG1-B,HW14,2026-10-19,Submitted,10,6.1,No,No
AS-STU2026063-HW15,STU2026063,ALG1-B,HW15,,Missing,20,0,Yes,No
AS-STU2026063-HW16,STU2026063,ALG1-B,HW16,,Missing,20,0,Yes,No
AS-STU2026063-HW17,STU2026063,ALG1-B,HW17,2026-10-27,Submitted,20,10.9,No,No
AS-STU2026063-HW18,STU2026063,ALG1-B,HW18,2026-10-29,Submitted,10,5.1,No,No
AS-STU2026064-HW01,STU2026064,ALG1-B,HW01,2026-09-11,Submitted,20,16.7,No,No
AS-STU2026064-HW02,STU2026064,ALG1-B,HW02,2026-09-15,Submitted,10,10.0,No,No
AS-STU2026064-HW03,STU2026064,ALG1-B,HW03,2026-09-17,Submitted,20,20.0,No,No
AS-STU2026064-HW04,STU2026064,ALG1-B,HW04,,Missing,20,0,Yes,No
AS-STU2026064-HW05,STU2026064,ALG1-B,HW05,2026-09-23,Submitted,20,16.3,No,No
AS-STU2026064-HW06,STU2026064,ALG1-B,HW06,2026-09-27,Late,20,18.0,No,Yes
AS-STU2026064-HW07,STU2026064,ALG1-B,HW07,2026-09-29,Submitted,10,9.2,No,No
AS-STU2026064-HW08,STU2026064,ALG1-B,HW08,2026-10-01,Submitted,20,20.0,No,No
AS-STU2026064-HW09,STU2026064,ALG1-B,HW09,2026-10-05,Submitted,20,20.0,No,No
AS-STU2026064-HW10,STU2026064,ALG1-B,HW10,2026-10-07,Submitted,15,15.0,No,No
AS-STU2026064-HW11,STU2026064,ALG1-B,HW11,2026-10-09,Late,20,18.0,No,Yes
AS-STU2026064-HW12,STU2026064,ALG1-B,HW12,2026-10-13,Submitted,20,20.0,No,No
AS-STU2026064-HW13,STU2026064,ALG1-B,HW13,2026-10-15,Submitted,20,20.0,No,No
AS-STU2026064-HW14,STU2026064,ALG1-B,HW14,2026-10-19,Submitted,10,6.2,No,No
AS-STU2026064-HW15,STU2026064,ALG1-B,HW15,2026-10-21,Submitted,20,20.0,No,No
AS-STU2026064-HW16,STU2026064,ALG1-B,HW16,2026-10-23,Submitted,20,14.5,No,No
AS-STU2026064-HW17,STU2026064,ALG1-B,HW17,2026-10-27,Submitted,20,20.0,No,No
AS-STU2026064-HW18,STU2026064,ALG1-B,HW18,2026-10-29,Submitted,10,9.8,No,No
AS-STU2026065-HW01,STU2026065,ALG1-B,HW01,2026-09-11,Submitted,20,17.3,No,No
AS-STU2026065-HW02,STU2026065,ALG1-B,HW02,2026-09-15,Submitted,10,10.0,No,No
AS-STU2026065-HW03,STU2026065,ALG1-B,HW03,2026-09-17,Submitted,20,15.4,No,No
AS-STU2026065-HW04,STU2026065,ALG1-B,HW04,2026-09-21,Submitted,20,17.6,No,No
AS-STU2026065-HW05,STU2026065,ALG1-B,HW05,2026-09-23,Submitted,20,17.9,No,No
AS-STU2026065-HW06,STU2026065,ALG1-B,HW06,2026-09-25,Submitted,20,20.0,No,No
AS-STU2026065-HW07,STU2026065,ALG1-B,HW07,2026-09-29,Submitted,10,8.1,No,No
AS-STU2026065-HW08,STU2026065,ALG1-B,HW08,2026-10-01,Submitted,20,20.0,No,No
AS-STU2026065-HW09,STU2026065,ALG1-B,HW09,2026-10-05,Late,20,16.8,No,Yes
AS-STU2026065-HW10,STU2026065,ALG1-B,HW10,2026-10-09,Late,15,11.4,No,Yes
AS-STU2026065-HW11,STU2026065,ALG1-B,HW11,2026-10-09,Submitted,20,20.0,No,No
AS-STU2026065-HW12,STU2026065,ALG1-B,HW12,2026-10-15,Late,20,18.0,No,Yes
AS-STU2026065-HW13,STU2026065,ALG1-B,HW13,,Missing,20,0,Yes,No
AS-STU2026065-HW14,STU2026065,ALG1-B,HW14,2026-10-19,Submitted,10,8.9,No,No
AS-STU2026065-HW15,STU2026065,ALG1-B,HW15,2026-10-21,Submitted,20,18.5,No,No
AS-STU2026065-HW16,STU2026065,ALG1-B,HW16,2026-10-23,Submitted,20,20.0,No,No
AS-STU2026065-HW17,STU2026065,ALG1-B,HW17,2026-10-27,Submitted,20,20.0,No,No
AS-STU2026065-HW18,STU2026065,ALG1-B,HW18,2026-10-29,Submitted,10,10.0,No,No
AS-STU2026066-HW01,STU2026066,ALG1-B,HW01,,Missing,20,0,Yes,No
AS-STU2026066-HW02,STU2026066,ALG1-B,HW02,2026-09-15,Submitted,10,7.5,No,No
AS-STU2026066-HW03,STU2026066,ALG1-B,HW03,2026-09-17,Submitted,20,16.4,No,No
AS-STU2026066-HW04,STU2026066,ALG1-B,HW04,,Missing,20,0,Yes,No
AS-STU2026066-HW05,STU2026066,ALG1-B,HW05,2026-09-23,Submitted,20,9.8,No,No
AS-STU2026066-HW06,STU2026066,ALG1-B,HW06,2026-09-25,Submitted,20,14.8,No,No
AS-STU2026066-HW07,STU2026066,ALG1-B,HW07,,Missing,10,0,Yes,No
AS-STU2026066-HW08,STU2026066,ALG1-B,HW08,2026-10-01,Submitted,20,15.3,No,No
AS-STU2026066-HW09,STU2026066,ALG1-B,HW09,2026-10-05,Submitted,20,12.3,No,No
AS-STU2026066-HW10,STU2026066,ALG1-B,HW10,2026-10-07,Submitted,15,12.2,No,No
AS-STU2026066-HW11,STU2026066,ALG1-B,HW11,2026-10-09,Submitted,20,13.4,No,No
AS-STU2026066-HW12,STU2026066,ALG1-B,HW12,2026-10-13,Submitted,20,14.4,No,No
AS-STU2026066-HW13,STU2026066,ALG1-B,HW13,2026-10-15,Submitted,20,13.1,No,No
AS-STU2026066-HW14,STU2026066,ALG1-B,HW14,2026-10-19,Late,10,3.3,No,Yes
AS-STU2026066-HW15,STU2026066,ALG1-B,HW15,2026-10-21,Submitted,20,13.5,No,No
AS-STU2026066-HW16,STU2026066,ALG1-B,HW16,,Missing,20,0,Yes,No
AS-STU2026066-HW17,STU2026066,ALG1-B,HW17,2026-10-27,Submitted,20,15.8,No,No
AS-STU2026066-HW18,STU2026066,ALG1-B,HW18,2026-10-29,Late,10,4.8,No,Yes
AS-STU2026067-HW01,STU2026067,ALG1-B,HW01,2026-09-11,Submitted,20,17.3,No,No
AS-STU2026067-HW02,STU2026067,ALG1-B,HW02,2026-09-15,Submitted,10,10.0,No,No
AS-STU2026067-HW03,STU2026067,ALG1-B,HW03,2026-09-17,Submitted,20,14.1,No,No
AS-STU2026067-HW04,STU2026067,ALG1-B,HW04,,Missing,20,0,Yes,No
AS-STU2026067-HW05,STU2026067,ALG1-B,HW05,2026-09-23,Submitted,20,12.5,No,No
AS-STU2026067-HW06,STU2026067,ALG1-B,HW06,,Missing,20,0,Yes,No
AS-STU2026067-HW07,STU2026067,ALG1-B,HW07,2026-09-29,Submitted,10,9.8,No,No
AS-STU2026067-HW08,STU2026067,ALG1-B,HW08,2026-10-01,Submitted,20,17.3,No,No
AS-STU2026067-HW09,STU2026067,ALG1-B,HW09,2026-10-05,Submitted,20,15.4,No,No
AS-STU2026067-HW10,STU2026067,ALG1-B,HW10,2026-10-07,Submitted,15,15.0,No,No
AS-STU2026067-HW11,STU2026067,ALG1-B,HW11,,Missing,20,0,Yes,No
AS-STU2026067-HW12,STU2026067,ALG1-B,HW12,2026-10-13,Submitted,20,16.8,No,No
AS-STU2026067-HW13,STU2026067,ALG1-B,HW13,2026-10-15,Submitted,20,18.6,No,No
AS-STU2026067-HW14,STU2026067,ALG1-B,HW14,,Missing,10,0,Yes,No
AS-STU2026067-HW15,STU2026067,ALG1-B,HW15,2026-10-21,Submitted,20,14.6,No,No
AS-STU2026067-HW16,STU2026067,ALG1-B,HW16,2026-10-26,Late,20,15.3,No,Yes
AS-STU2026067-HW17,STU2026067,ALG1-B,HW17,2026-10-27,Submitted,20,12.5,No,No
AS-STU2026067-HW18,STU2026067,ALG1-B,HW18,2026-10-29,Submitted,10,7.0,No,No
AS-STU2026068-HW01,STU2026068,ALG1-B,HW01,2026-09-11,Submitted,20,19.5,No,No
AS-STU2026068-HW02,STU2026068,ALG1-B,HW02,,Missing,10,0,Yes,No
AS-STU2026068-HW03,STU2026068,ALG1-B,HW03,2026-09-17,Submitted,20,20.0,No,No
AS-STU2026068-HW04,STU2026068,ALG1-B,HW04,2026-09-21,Late,20,16.9,No,Yes
AS-STU2026068-HW05,STU2026068,ALG1-B,HW05,2026-09-23,Submitted,20,20.0,No,No
AS-STU2026068-HW06,STU2026068,ALG1-B,HW06,2026-09-25,Submitted,20,16.2,No,No
AS-STU2026068-HW07,STU2026068,ALG1-B,HW07,2026-09-29,Submitted,10,8.2,No,No
AS-STU2026068-HW08,STU2026068,ALG1-B,HW08,2026-10-01,Submitted,20,16.8,No,No
AS-STU2026068-HW09,STU2026068,ALG1-B,HW09,2026-10-06,Late,20,14.0,No,Yes
AS-STU2026068-HW10,STU2026068,ALG1-B,HW10,2026-10-07,Submitted,15,10.6,No,No
AS-STU2026068-HW11,STU2026068,ALG1-B,HW11,2026-10-09,Submitted,20,15.4,No,No
AS-STU2026068-HW12,STU2026068,ALG1-B,HW12,2026-10-13,Submitted,20,16.6,No,No
AS-STU2026068-HW13,STU2026068,ALG1-B,HW13,2026-10-16,Late,20,15.6,No,Yes
AS-STU2026068-HW14,STU2026068,ALG1-B,HW14,2026-10-19,Submitted,10,7.8,No,No
AS-STU2026068-HW15,STU2026068,ALG1-B,HW15,2026-10-21,Submitted,20,19.8,No,No
AS-STU2026068-HW16,STU2026068,ALG1-B,HW16,2026-10-23,Submitted,20,17.5,No,No
AS-STU2026068-HW17,STU2026068,ALG1-B,HW17,2026-10-29,Late,20,18.0,No,Yes
AS-STU2026068-HW18,STU2026068,ALG1-B,HW18,2026-10-29,Submitted,10,9.2,No,No
AS-STU2026069-HW01,STU2026069,ALG1-B,HW01,2026-09-11,Submitted,20,18.2,No,No
AS-STU2026069-HW02,STU2026069,ALG1-B,HW02,2026-09-15,Late,10,5.8,No,Yes
AS-STU2026069-HW03,STU2026069,ALG1-B,HW03,,Missing,20,0,Yes,No
AS-STU2026069-HW04,STU2026069,ALG1-B,HW04,2026-09-21,Submitted,20,17.4,No,No
AS-STU2026069-HW05,STU2026069,ALG1-B,HW05,2026-09-26,Late,20,16.7,No,Yes
AS-STU2026069-HW06,STU2026069,ALG1-B,HW06,2026-09-25,Late,20,9.6,No,Yes
AS-STU2026069-HW07,STU2026069,ALG1-B,HW07,2026-09-29,Submitted,10,3.7,No,No
AS-STU2026069-HW08,STU2026069,ALG1-B,HW08,2026-10-01,Submitted,20,14.0,No,No
AS-STU2026069-HW09,STU2026069,ALG1-B,HW09,,Missing,20,0,Yes,No
AS-STU2026069-HW10,STU2026069,ALG1-B,HW10,2026-10-07,Submitted,15,9.7,No,No
AS-STU2026069-HW11,STU2026069,ALG1-B,HW11,2026-10-09,Submitted,20,9.6,No,No
AS-STU2026069-HW12,STU2026069,ALG1-B,HW12,,Missing,20,0,Yes,No
AS-STU2026069-HW13,STU2026069,ALG1-B,HW13,2026-10-15,Submitted,20,14.6,No,No
AS-STU2026069-HW14,STU2026069,ALG1-B,HW14,2026-10-19,Submitted,10,5.2,No,No
AS-STU2026069-HW15,STU2026069,ALG1-B,HW15,2026-10-21,Submitted,20,14.2,No,No
AS-STU2026069-HW16,STU2026069,ALG1-B,HW16,,Missing,20,0,Yes,No
AS-STU2026069-HW17,STU2026069,ALG1-B,HW17,,Missing,20,0,Yes,No
AS-STU2026069-HW18,STU2026069,ALG1-B,HW18,,Missing,10,0,Yes,No
AS-STU2026070-HW01,STU2026070,ALG1-B,HW01,2026-09-11,Submitted,20,16.7,No,No
AS-STU2026070-HW02,STU2026070,ALG1-B,HW02,,Missing,10,0,Yes,No
AS-STU2026070-HW03,STU2026070,ALG1-B,HW03,2026-09-17,Submitted,20,13.6,No,No
AS-STU2026070-HW04,STU2026070,ALG1-B,HW04,2026-09-21,Submitted,20,10.6,No,No
AS-STU2026070-HW05,STU2026070,ALG1-B,HW05,,Missing,20,0,Yes,No
AS-STU2026070-HW06,STU2026070,ALG1-B,HW06,2026-09-25,Submitted,20,13.5,No,No
AS-STU2026070-HW07,STU2026070,ALG1-B,HW07,2026-09-29,Submitted,10,7.1,No,No
AS-STU2026070-HW08,STU2026070,ALG1-B,HW08,2026-10-01,Submitted,20,12.5,No,No
AS-STU2026070-HW09,STU2026070,ALG1-B,HW09,,Missing,20,0,Yes,No
AS-STU2026070-HW10,STU2026070,ALG1-B,HW10,2026-10-07,Submitted,15,13.1,No,No
AS-STU2026070-HW11,STU2026070,ALG1-B,HW11,2026-10-09,Submitted,20,15.1,No,No
AS-STU2026070-HW12,STU2026070,ALG1-B,HW12,2026-10-13,Submitted,20,16.6,No,No
AS-STU2026070-HW13,STU2026070,ALG1-B,HW13,2026-10-15,Submitted,20,20.0,No,No
AS-STU2026070-HW14,STU2026070,ALG1-B,HW14,2026-10-19,Submitted,10,9.6,No,No
AS-STU2026070-HW15,STU2026070,ALG1-B,HW15,2026-10-21,Submitted,20,19.1,No,No
AS-STU2026070-HW16,STU2026070,ALG1-B,HW16,,Missing,20,0,Yes,No
AS-STU2026070-HW17,STU2026070,ALG1-B,HW17,2026-10-28,Late,20,11.1,No,Yes
AS-STU2026070-HW18,STU2026070,ALG1-B,HW18,2026-11-01,Late,10,7.7,No,Yes
AS-STU2026071-HW01,STU2026071,ALG1-B,HW01,2026-09-11,Submitted,20,13.8,No,No
AS-STU2026071-HW02,STU2026071,ALG1-B,HW02,2026-09-15,Submitted,10,6.0,No,No
AS-STU2026071-HW03,STU2026071,ALG1-B,HW03,2026-09-17,Submitted,20,16.4,No,No
AS-STU2026071-HW04,STU2026071,ALG1-B,HW04,2026-09-21,Submitted,20,15.7,No,No
AS-STU2026071-HW05,STU2026071,ALG1-B,HW05,2026-09-23,Submitted,20,16.1,No,No
AS-STU2026071-HW06,STU2026071,ALG1-B,HW06,2026-09-25,Submitted,20,14.0,No,No
AS-STU2026071-HW07,STU2026071,ALG1-B,HW07,2026-09-29,Submitted,10,8.8,No,No
AS-STU2026071-HW08,STU2026071,ALG1-B,HW08,2026-10-01,Submitted,20,18.0,No,No
AS-STU2026071-HW09,STU2026071,ALG1-B,HW09,2026-10-05,Submitted,20,17.5,No,No
AS-STU2026071-HW10,STU2026071,ALG1-B,HW10,2026-10-07,Submitted,15,13.1,No,No
AS-STU2026071-HW11,STU2026071,ALG1-B,HW11,2026-10-09,Submitted,20,10.8,No,No
AS-STU2026071-HW12,STU2026071,ALG1-B,HW12,2026-10-13,Submitted,20,20.0,No,No
AS-STU2026071-HW13,STU2026071,ALG1-B,HW13,2026-10-15,Submitted,20,15.4,No,No
AS-STU2026071-HW14,STU2026071,ALG1-B,HW14,2026-10-19,Submitted,10,5.8,No,No
AS-STU2026071-HW15,STU2026071,ALG1-B,HW15,2026-10-21,Submitted,20,14.6,No,No
AS-STU2026071-HW16,STU2026071,ALG1-B,HW16,2026-10-23,Submitted,20,13.2,No,No
AS-STU2026071-HW17,STU2026071,ALG1-B,HW17,2026-10-27,Submitted,20,9.7,No,No
AS-STU2026071-HW18,STU2026071,ALG1-B,HW18,,Missing,10,0,Yes,No
AS-STU2026072-HW01,STU2026072,ALG1-B,HW01,2026-09-11,Submitted,20,17.8,No,No
AS-STU2026072-HW02,STU2026072,ALG1-B,HW02,2026-09-15,Submitted,10,6.9,No,No
AS-STU2026072-HW03,STU2026072,ALG1-B,HW03,2026-09-19,Late,20,13.9,No,Yes
AS-STU2026072-HW04,STU2026072,ALG1-B,HW04,,Missing,20,0,Yes,No
AS-STU2026072-HW05,STU2026072,ALG1-B,HW05,,Missing,20,0,Yes,No
AS-STU2026072-HW06,STU2026072,ALG1-B,HW06,2026-09-25,Submitted,20,13.9,No,No
AS-STU2026072-HW07,STU2026072,ALG1-B,HW07,,Missing,10,0,Yes,No
AS-STU2026072-HW08,STU2026072,ALG1-B,HW08,2026-10-01,Submitted,20,12.4,No,No
AS-STU2026072-HW09,STU2026072,ALG1-B,HW09,2026-10-05,Submitted,20,17.0,No,No
AS-STU2026072-HW10,STU2026072,ALG1-B,HW10,,Missing,15,0,Yes,No
AS-STU2026072-HW11,STU2026072,ALG1-B,HW11,,Missing,20,0,Yes,No
AS-STU2026072-HW12,STU2026072,ALG1-B,HW12,2026-10-13,Submitted,20,12.7,No,No
AS-STU2026072-HW13,STU2026072,ALG1-B,HW13,2026-10-15,Submitted,20,14.5,No,No
AS-STU2026072-HW14,STU2026072,ALG1-B,HW14,2026-10-19,Submitted,10,7.8,No,No
AS-STU2026072-HW15,STU2026072,ALG1-B,HW15,2026-10-21,Submitted,20,15.4,No,No
AS-STU2026072-HW16,STU2026072,ALG1-B,HW16,,Missing,20,0,Yes,No
AS-STU2026072-HW17,STU2026072,ALG1-B,HW17,2026-10-27,Late,20,14.8,No,Yes
AS-STU2026072-HW18,STU2026072,ALG1-B,HW18,2026-10-29,Submitted,10,7.3,No,No
AS-STU2026073-HW01,STU2026073,ALG1-B,HW01,2026-09-11,Submitted,20,19.6,No,No
AS-STU2026073-HW02,STU2026073,ALG1-B,HW02,,Missing,10,0,Yes,No
AS-STU2026073-HW03,STU2026073,ALG1-B,HW03,2026-09-17,Submitted,20,15.7,No,No
AS-STU2026073-HW04,STU2026073,ALG1-B,HW04,2026-09-21,Submitted,20,20.0,No,No
AS-STU2026073-HW05,STU2026073,ALG1-B,HW05,2026-09-23,Submitted,20,12.9,No,No
AS-STU2026073-HW06,STU2026073,ALG1-B,HW06,2026-09-25,Submitted,20,12.6,No,No
AS-STU2026073-HW07,STU2026073,ALG1-B,HW07,2026-09-29,Submitted,10,9.0,No,No
AS-STU2026073-HW08,STU2026073,ALG1-B,HW08,2026-10-01,Submitted,20,15.8,No,No
AS-STU2026073-HW09,STU2026073,ALG1-B,HW09,2026-10-05,Submitted,20,15.6,No,No
AS-STU2026073-HW10,STU2026073,ALG1-B,HW10,2026-10-08,Late,15,10.8,No,Yes
AS-STU2026073-HW11,STU2026073,ALG1-B,HW11,2026-10-09,Submitted,20,19.3,No,No
AS-STU2026073-HW12,STU2026073,ALG1-B,HW12,2026-10-13,Submitted,20,16.0,No,No
AS-STU2026073-HW13,STU2026073,ALG1-B,HW13,2026-10-15,Submitted,20,13.6,No,No
AS-STU2026073-HW14,STU2026073,ALG1-B,HW14,,Missing,10,0,Yes,No
AS-STU2026073-HW15,STU2026073,ALG1-B,HW15,2026-10-21,Submitted,20,20.0,No,No
AS-STU2026073-HW16,STU2026073,ALG1-B,HW16,2026-10-23,Late,20,15.4,No,Yes
AS-STU2026073-HW17,STU2026073,ALG1-B,HW17,2026-10-27,Submitted,20,15.4,No,No
AS-STU2026073-HW18,STU2026073,ALG1-B,HW18,2026-10-29,Submitted,10,10.0,No,No
AS-STU2026074-HW01,STU2026074,ALG1-B,HW01,2026-09-11,Submitted,20,8.4,No,No
AS-STU2026074-HW02,STU2026074,ALG1-B,HW02,2026-09-16,Late,10,5.4,No,Yes
AS-STU2026074-HW03,STU2026074,ALG1-B,HW03,2026-09-19,Late,20,11.0,No,Yes
AS-STU2026074-HW04,STU2026074,ALG1-B,HW04,2026-09-21,Submitted,20,11.7,No,No
AS-STU2026074-HW05,STU2026074,ALG1-B,HW05,2026-09-24,Late,20,10.6,No,Yes
AS-STU2026074-HW06,STU2026074,ALG1-B,HW06,2026-09-25,Submitted,20,14.1,No,No
AS-STU2026074-HW07,STU2026074,ALG1-B,HW07,2026-09-29,Submitted,10,7.1,No,No
AS-STU2026074-HW08,STU2026074,ALG1-B,HW08,2026-10-01,Submitted,20,18.0,No,No
AS-STU2026074-HW09,STU2026074,ALG1-B,HW09,2026-10-05,Submitted,20,10.8,No,No
AS-STU2026074-HW10,STU2026074,ALG1-B,HW10,2026-10-07,Submitted,15,10.5,No,No
AS-STU2026074-HW11,STU2026074,ALG1-B,HW11,2026-10-09,Submitted,20,11.0,No,No
AS-STU2026074-HW12,STU2026074,ALG1-B,HW12,2026-10-13,Submitted,20,14.1,No,No
AS-STU2026074-HW13,STU2026074,ALG1-B,HW13,2026-10-15,Submitted,20,15.3,No,No
AS-STU2026074-HW14,STU2026074,ALG1-B,HW14,2026-10-19,Submitted,10,6.1,No,No
AS-STU2026074-HW15,STU2026074,ALG1-B,HW15,2026-10-21,Submitted,20,16.2,No,No
AS-STU2026074-HW16,STU2026074,ALG1-B,HW16,2026-10-23,Submitted,20,11.7,No,No
AS-STU2026074-HW17,STU2026074,ALG1-B,HW17,2026-10-27,Submitted,20,16.4,No,No
AS-STU2026074-HW18,STU2026074,ALG1-B,HW18,2026-10-29,Submitted,10,6.5,No,No
AS-STU2026075-HW01,STU2026075,ALG1-B,HW01,2026-09-11,Submitted,20,17.8,No,No
AS-STU2026075-HW02,STU2026075,ALG1-B,HW02,2026-09-15,Late,10,8.6,No,Yes
AS-STU2026075-HW03,STU2026075,ALG1-B,HW03,,Missing,20,0,Yes,No
AS-STU2026075-HW04,STU2026075,ALG1-B,HW04,2026-09-21,Submitted,20,14.7,No,No
AS-STU2026075-HW05,STU2026075,ALG1-B,HW05,,Missing,20,0,Yes,No
AS-STU2026075-HW06,STU2026075,ALG1-B,HW06,2026-09-25,Submitted,20,18.8,No,No
AS-STU2026075-HW07,STU2026075,ALG1-B,HW07,2026-09-29,Submitted,10,9.9,No,No
AS-STU2026075-HW08,STU2026075,ALG1-B,HW08,2026-10-01,Submitted,20,13.7,No,No
AS-STU2026075-HW09,STU2026075,ALG1-B,HW09,2026-10-05,Submitted,20,17.8,No,No
AS-STU2026075-HW10,STU2026075,ALG1-B,HW10,2026-10-09,Late,15,13.5,No,Yes
AS-STU2026075-HW11,STU2026075,ALG1-B,HW11,2026-10-09,Submitted,20,17.2,No,No
AS-STU2026075-HW12,STU2026075,ALG1-B,HW12,2026-10-13,Submitted,20,18.9,No,No
AS-STU2026075-HW13,STU2026075,ALG1-B,HW13,2026-10-15,Submitted,20,20.0,No,No
AS-STU2026075-HW14,STU2026075,ALG1-B,HW14,2026-10-19,Submitted,10,9.6,No,No
AS-STU2026075-HW15,STU2026075,ALG1-B,HW15,2026-10-21,Submitted,20,17.9,No,No
AS-STU2026075-HW16,STU2026075,ALG1-B,HW16,2026-10-24,Late,20,11.9,No,Yes
AS-STU2026075-HW17,STU2026075,ALG1-B,HW17,,Missing,20,0,Yes,No
AS-STU2026075-HW18,STU2026075,ALG1-B,HW18,,Missing,10,0,Yes,No
AS-STU2026076-HW01,STU2026076,ALG1-B,HW01,2026-09-12,Late,20,18.0,No,Yes
AS-STU2026076-HW02,STU2026076,ALG1-B,HW02,2026-09-15,Submitted,10,10.0,No,No
AS-STU2026076-HW03,STU2026076,ALG1-B,HW03,2026-09-17,Submitted,20,18.2,No,No
AS-STU2026076-HW04,STU2026076,ALG1-B,HW04,2026-09-21,Submitted,20,17.5,No,No
AS-STU2026076-HW05,STU2026076,ALG1-B,HW05,,Missing,20,0,Yes,No
AS-STU2026076-HW06,STU2026076,ALG1-B,HW06,2026-09-25,Submitted,20,17.0,No,No
AS-STU2026076-HW07,STU2026076,ALG1-B,HW07,2026-09-29,Submitted,10,7.1,No,No
AS-STU2026076-HW08,STU2026076,ALG1-B,HW08,2026-10-01,Submitted,20,20.0,No,No
AS-STU2026076-HW09,STU2026076,ALG1-B,HW09,2026-10-05,Submitted,20,17.4,No,No
AS-STU2026076-HW10,STU2026076,ALG1-B,HW10,2026-10-07,Submitted,15,15.0,No,No
AS-STU2026076-HW11,STU2026076,ALG1-B,HW11,2026-10-09,Late,20,18.0,No,Yes
AS-STU2026076-HW12,STU2026076,ALG1-B,HW12,2026-10-13,Submitted,20,17.5,No,No
AS-STU2026076-HW13,STU2026076,ALG1-B,HW13,2026-10-15,Submitted,20,14.8,No,No
AS-STU2026076-HW14,STU2026076,ALG1-B,HW14,2026-10-19,Submitted,10,9.8,No,No
AS-STU2026076-HW15,STU2026076,ALG1-B,HW15,2026-10-21,Submitted,20,20.0,No,No
AS-STU2026076-HW16,STU2026076,ALG1-B,HW16,2026-10-23,Submitted,20,20.0,No,No
AS-STU2026076-HW17,STU2026076,ALG1-B,HW17,2026-10-27,Submitted,20,16.3,No,No
AS-STU2026076-HW18,STU2026076,ALG1-B,HW18,2026-10-29,Submitted,10,8.5,No,No
AS-STU2026077-HW01,STU2026077,ALG1-B,HW01,2026-09-11,Submitted,20,17.5,No,No
AS-STU2026077-HW02,STU2026077,ALG1-B,HW02,2026-09-15,Submitted,10,7.2,No,No
AS-STU2026077-HW03,STU2026077,ALG1-B,HW03,2026-09-17,Submitted,20,17.0,No,No
AS-STU2026077-HW04,STU2026077,ALG1-B,HW04,2026-09-21,Submitted,20,19.1,No,No
AS-STU2026077-HW05,STU2026077,ALG1-B,HW05,2026-09-24,Late,20,17.4,No,Yes
AS-STU2026077-HW06,STU2026077,ALG1-B,HW06,2026-09-25,Submitted,20,18.5,No,No
AS-STU2026077-HW07,STU2026077,ALG1-B,HW07,2026-09-29,Submitted,10,8.9,No,No
AS-STU2026077-HW08,STU2026077,ALG1-B,HW08,2026-10-01,Submitted,20,12.4,No,No
AS-STU2026077-HW09,STU2026077,ALG1-B,HW09,2026-10-05,Submitted,20,16.7,No,No
AS-STU2026077-HW10,STU2026077,ALG1-B,HW10,2026-10-07,Submitted,15,13.4,No,No
AS-STU2026077-HW11,STU2026077,ALG1-B,HW11,2026-10-10,Late,20,12.3,No,Yes
AS-STU2026077-HW12,STU2026077,ALG1-B,HW12,2026-10-13,Submitted,20,15.6,No,No
AS-STU2026077-HW13,STU2026077,ALG1-B,HW13,2026-10-15,Submitted,20,14.9,No,No
AS-STU2026077-HW14,STU2026077,ALG1-B,HW14,2026-10-19,Late,10,5.6,No,Yes
AS-STU2026077-HW15,STU2026077,ALG1-B,HW15,2026-10-21,Submitted,20,15.3,No,No
AS-STU2026077-HW16,STU2026077,ALG1-B,HW16,2026-10-23,Submitted,20,16.4,No,No
AS-STU2026077-HW17,STU2026077,ALG1-B,HW17,,Missing,20,0,Yes,No
AS-STU2026077-HW18,STU2026077,ALG1-B,HW18,2026-10-29,Submitted,10,8.9,No,No
AS-STU2026078-HW01,STU2026078,ALG1-B,HW01,2026-09-11,Submitted,20,17.3,No,No
AS-STU2026078-HW02,STU2026078,ALG1-B,HW02,2026-09-15,Submitted,10,8.9,No,No
AS-STU2026078-HW03,STU2026078,ALG1-B,HW03,2026-09-17,Submitted,20,19.7,No,No
AS-STU2026078-HW04,STU2026078,ALG1-B,HW04,2026-09-21,Submitted,20,20.0,No,No
AS-STU2026078-HW05,STU2026078,ALG1-B,HW05,2026-09-23,Submitted,20,20.0,No,No
AS-STU2026078-HW06,STU2026078,ALG1-B,HW06,2026-09-25,Submitted,20,15.3,No,No
AS-STU2026078-HW07,STU2026078,ALG1-B,HW07,2026-09-29,Submitted,10,7.0,No,No
AS-STU2026078-HW08,STU2026078,ALG1-B,HW08,2026-10-01,Submitted,20,15.0,No,No
AS-STU2026078-HW09,STU2026078,ALG1-B,HW09,2026-10-05,Submitted,20,20.0,No,No
AS-STU2026078-HW10,STU2026078,ALG1-B,HW10,2026-10-07,Submitted,15,14.9,No,No
AS-STU2026078-HW11,STU2026078,ALG1-B,HW11,,Missing,20,0,Yes,No
AS-STU2026078-HW12,STU2026078,ALG1-B,HW12,2026-10-13,Submitted,20,16.4,No,No
AS-STU2026078-HW13,STU2026078,ALG1-B,HW13,2026-10-15,Submitted,20,19.4,No,No
AS-STU2026078-HW14,STU2026078,ALG1-B,HW14,2026-10-19,Submitted,10,8.5,No,No
AS-STU2026078-HW15,STU2026078,ALG1-B,HW15,2026-10-21,Submitted,20,13.7,No,No
AS-STU2026078-HW16,STU2026078,ALG1-B,HW16,2026-10-23,Submitted,20,20.0,No,No
AS-STU2026078-HW17,STU2026078,ALG1-B,HW17,2026-10-27,Submitted,20,20.0,No,No
AS-STU2026078-HW18,STU2026078,ALG1-B,HW18,2026-10-29,Submitted,10,9.6,No,No
AS-STU2026079-HW01,STU2026079,ALG1-B,HW01,2026-09-11,Submitted,20,14.2,No,No
AS-STU2026079-HW02,STU2026079,ALG1-B,HW02,2026-09-15,Submitted,10,9.2,No,No
AS-STU2026079-HW03,STU2026079,ALG1-B,HW03,2026-09-17,Late,20,9.2,No,Yes
AS-STU2026079-HW04,STU2026079,ALG1-B,HW04,2026-09-21,Submitted,20,15.7,No,No
AS-STU2026079-HW05,STU2026079,ALG1-B,HW05,2026-09-23,Submitted,20,20.0,No,No
AS-STU2026079-HW06,STU2026079,ALG1-B,HW06,2026-09-25,Submitted,20,17.1,No,No
AS-STU2026079-HW07,STU2026079,ALG1-B,HW07,2026-09-29,Submitted,10,10.0,No,No
AS-STU2026079-HW08,STU2026079,ALG1-B,HW08,2026-10-02,Late,20,16.3,No,Yes
AS-STU2026079-HW09,STU2026079,ALG1-B,HW09,2026-10-08,Late,20,16.8,No,Yes
AS-STU2026079-HW10,STU2026079,ALG1-B,HW10,2026-10-07,Submitted,15,13.0,No,No
AS-STU2026079-HW11,STU2026079,ALG1-B,HW11,2026-10-12,Late,20,14.8,No,Yes
AS-STU2026079-HW12,STU2026079,ALG1-B,HW12,2026-10-16,Late,20,16.8,No,Yes
AS-STU2026079-HW13,STU2026079,ALG1-B,HW13,2026-10-15,Submitted,20,18.6,No,No
AS-STU2026079-HW14,STU2026079,ALG1-B,HW14,2026-10-19,Submitted,10,9.9,No,No
AS-STU2026079-HW15,STU2026079,ALG1-B,HW15,2026-10-21,Submitted,20,20.0,No,No
AS-STU2026079-HW16,STU2026079,ALG1-B,HW16,2026-10-23,Submitted,20,20.0,No,No
AS-STU2026079-HW17,STU2026079,ALG1-B,HW17,2026-10-27,Submitted,20,19.1,No,No
AS-STU2026079-HW18,STU2026079,ALG1-B,HW18,2026-10-29,Submitted,10,7.7,No,No
AS-STU2026080-HW01,STU2026080,ALG1-B,HW01,2026-09-11,Submitted,20,13.0,No,No
AS-STU2026080-HW02,STU2026080,ALG1-B,HW02,,Missing,10,0,Yes,No
AS-STU2026080-HW03,STU2026080,ALG1-B,HW03,2026-09-17,Submitted,20,18.0,No,No
AS-STU2026080-HW04,STU2026080,ALG1-B,HW04,2026-09-21,Submitted,20,12.8,No,No
AS-STU2026080-HW05,STU2026080,ALG1-B,HW05,2026-09-23,Submitted,20,18.0,No,No
AS-STU2026080-HW06,STU2026080,ALG1-B,HW06,2026-09-25,Submitted,20,17.0,No,No
AS-STU2026080-HW07,STU2026080,ALG1-B,HW07,2026-09-29,Submitted,10,10.0,No,No
AS-STU2026080-HW08,STU2026080,ALG1-B,HW08,2026-10-01,Submitted,20,14.0,No,No
AS-STU2026080-HW09,STU2026080,ALG1-B,HW09,2026-10-05,Submitted,20,13.6,No,No
AS-STU2026080-HW10,STU2026080,ALG1-B,HW10,2026-10-07,Submitted,15,13.4,No,No
AS-STU2026080-HW11,STU2026080,ALG1-B,HW11,2026-10-09,Submitted,20,15.8,No,No
AS-STU2026080-HW12,STU2026080,ALG1-B,HW12,2026-10-13,Submitted,20,13.4,No,No
AS-STU2026080-HW13,STU2026080,ALG1-B,HW13,2026-10-15,Submitted,20,16.1,No,No
AS-STU2026080-HW14,STU2026080,ALG1-B,HW14,2026-10-19,Submitted,10,4.4,No,No
AS-STU2026080-HW15,STU2026080,ALG1-B,HW15,2026-10-21,Submitted,20,16.6,No,No
AS-STU2026080-HW16,STU2026080,ALG1-B,HW16,2026-10-23,Submitted,20,14.7,No,No
AS-STU2026080-HW17,STU2026080,ALG1-B,HW17,2026-10-29,Late,20,13.2,No,Yes
AS-STU2026080-HW18,STU2026080,ALG1-B,HW18,2026-10-29,Submitted,10,7.8,No,No
AS-STU2026081-HW01,STU2026081,ALG1-C,HW01,2026-09-11,Submitted,20,9.8,No,No
AS-STU2026081-HW02,STU2026081,ALG1-C,HW02,2026-09-15,Submitted,10,5.2,No,No
AS-STU2026081-HW03,STU2026081,ALG1-C,HW03,2026-09-17,Submitted,20,11.3,No,No
AS-STU2026081-HW04,STU2026081,ALG1-C,HW04,,Missing,20,0,Yes,No
AS-STU2026081-HW05,STU2026081,ALG1-C,HW05,2026-09-23,Submitted,20,16.7,No,No
AS-STU2026081-HW06,STU2026081,ALG1-C,HW06,2026-09-27,Late,20,13.8,No,Yes
AS-STU2026081-HW07,STU2026081,ALG1-C,HW07,2026-10-02,Late,10,4.4,No,Yes
AS-STU2026081-HW08,STU2026081,ALG1-C,HW08,,Missing,20,0,Yes,No
AS-STU2026081-HW09,STU2026081,ALG1-C,HW09,,Missing,20,0,Yes,No
AS-STU2026081-HW10,STU2026081,ALG1-C,HW10,2026-10-07,Submitted,15,5.4,No,No
AS-STU2026081-HW11,STU2026081,ALG1-C,HW11,2026-10-09,Submitted,20,12.0,No,No
AS-STU2026081-HW12,STU2026081,ALG1-C,HW12,2026-10-13,Submitted,20,14.3,No,No
AS-STU2026081-HW13,STU2026081,ALG1-C,HW13,2026-10-15,Submitted,20,12.9,No,No
AS-STU2026081-HW14,STU2026081,ALG1-C,HW14,,Missing,10,0,Yes,No
AS-STU2026081-HW15,STU2026081,ALG1-C,HW15,2026-10-21,Submitted,20,12.3,No,No
AS-STU2026081-HW16,STU2026081,ALG1-C,HW16,2026-10-23,Submitted,20,9.6,No,No
AS-STU2026081-HW17,STU2026081,ALG1-C,HW17,,Missing,20,0,Yes,No
AS-STU2026081-HW18,STU2026081,ALG1-C,HW18,2026-10-29,Submitted,10,3.9,No,No
AS-STU2026082-HW01,STU2026082,ALG1-C,HW01,2026-09-11,Submitted,20,14.7,No,No
AS-STU2026082-HW02,STU2026082,ALG1-C,HW02,2026-09-15,Submitted,10,9.2,No,No
AS-STU2026082-HW03,STU2026082,ALG1-C,HW03,2026-09-17,Submitted,20,20.0,No,No
AS-STU2026082-HW04,STU2026082,ALG1-C,HW04,2026-09-21,Submitted,20,20.0,No,No
AS-STU2026082-HW05,STU2026082,ALG1-C,HW05,2026-09-23,Submitted,20,19.1,No,No
AS-STU2026082-HW06,STU2026082,ALG1-C,HW06,2026-09-25,Submitted,20,20.0,No,No
AS-STU2026082-HW07,STU2026082,ALG1-C,HW07,2026-09-30,Late,10,9.0,No,Yes
AS-STU2026082-HW08,STU2026082,ALG1-C,HW08,2026-10-01,Submitted,20,16.7,No,No
AS-STU2026082-HW09,STU2026082,ALG1-C,HW09,2026-10-05,Submitted,20,15.5,No,No
AS-STU2026082-HW10,STU2026082,ALG1-C,HW10,2026-10-07,Submitted,15,13.6,No,No
AS-STU2026082-HW11,STU2026082,ALG1-C,HW11,2026-10-09,Submitted,20,20.0,No,No
AS-STU2026082-HW12,STU2026082,ALG1-C,HW12,2026-10-13,Submitted,20,16.7,No,No
AS-STU2026082-HW13,STU2026082,ALG1-C,HW13,2026-10-15,Submitted,20,14.7,No,No
AS-STU2026082-HW14,STU2026082,ALG1-C,HW14,2026-10-19,Submitted,10,8.9,No,No
AS-STU2026082-HW15,STU2026082,ALG1-C,HW15,2026-10-21,Submitted,20,16.7,No,No
AS-STU2026082-HW16,STU2026082,ALG1-C,HW16,2026-10-23,Submitted,20,17.8,No,No
AS-STU2026082-HW17,STU2026082,ALG1-C,HW17,2026-10-27,Submitted,20,18.2,No,No
AS-STU2026082-HW18,STU2026082,ALG1-C,HW18,,Missing,10,0,Yes,No
AS-STU2026083-HW01,STU2026083,ALG1-C,HW01,2026-09-11,Submitted,20,14.1,No,No
AS-STU2026083-HW02,STU2026083,ALG1-C,HW02,2026-09-15,Submitted,10,5.9,No,No
AS-STU2026083-HW03,STU2026083,ALG1-C,HW03,2026-09-17,Submitted,20,16.2,No,No
AS-STU2026083-HW04,STU2026083,ALG1-C,HW04,2026-09-21,Submitted,20,17.3,No,No
AS-STU2026083-HW05,STU2026083,ALG1-C,HW05,2026-09-23,Submitted,20,14.9,No,No
AS-STU2026083-HW06,STU2026083,ALG1-C,HW06,2026-09-25,Submitted,20,17.0,No,No
AS-STU2026083-HW07,STU2026083,ALG1-C,HW07,2026-09-29,Submitted,10,8.1,No,No
AS-STU2026083-HW08,STU2026083,ALG1-C,HW08,,Missing,20,0,Yes,No
AS-STU2026083-HW09,STU2026083,ALG1-C,HW09,2026-10-05,Submitted,20,14.0,No,No
AS-STU2026083-HW10,STU2026083,ALG1-C,HW10,2026-10-07,Submitted,15,11.4,No,No
AS-STU2026083-HW11,STU2026083,ALG1-C,HW11,2026-10-09,Submitted,20,20.0,No,No
AS-STU2026083-HW12,STU2026083,ALG1-C,HW12,2026-10-13,Submitted,20,18.5,No,No
AS-STU2026083-HW13,STU2026083,ALG1-C,HW13,,Missing,20,0,Yes,No
AS-STU2026083-HW14,STU2026083,ALG1-C,HW14,2026-10-19,Submitted,10,6.9,No,No
AS-STU2026083-HW15,STU2026083,ALG1-C,HW15,2026-10-23,Late,20,13.1,No,Yes
AS-STU2026083-HW16,STU2026083,ALG1-C,HW16,2026-10-23,Submitted,20,20.0,No,No
AS-STU2026083-HW17,STU2026083,ALG1-C,HW17,2026-10-27,Submitted,20,15.3,No,No
AS-STU2026083-HW18,STU2026083,ALG1-C,HW18,2026-10-29,Submitted,10,8.5,No,No
AS-STU2026084-HW01,STU2026084,ALG1-C,HW01,2026-09-13,Late,20,9.1,No,Yes
AS-STU2026084-HW02,STU2026084,ALG1-C,HW02,2026-09-15,Submitted,10,6.2,No,No
AS-STU2026084-HW03,STU2026084,ALG1-C,HW03,2026-09-17,Submitted,20,11.7,No,No
AS-STU2026084-HW04,STU2026084,ALG1-C,HW04,,Missing,20,0,Yes,No
AS-STU2026084-HW05,STU2026084,ALG1-C,HW05,2026-09-23,Submitted,20,12.4,No,No
AS-STU2026084-HW06,STU2026084,ALG1-C,HW06,2026-09-25,Submitted,20,8.5,No,No
AS-STU2026084-HW07,STU2026084,ALG1-C,HW07,2026-09-29,Submitted,10,7.7,No,No
AS-STU2026084-HW08,STU2026084,ALG1-C,HW08,,Missing,20,0,Yes,No
AS-STU2026084-HW09,STU2026084,ALG1-C,HW09,2026-10-05,Submitted,20,10.0,No,No
AS-STU2026084-HW10,STU2026084,ALG1-C,HW10,,Missing,15,0,Yes,No
AS-STU2026084-HW11,STU2026084,ALG1-C,HW11,2026-10-09,Submitted,20,11.5,No,No
AS-STU2026084-HW12,STU2026084,ALG1-C,HW12,2026-10-13,Submitted,20,12.0,No,No
AS-STU2026084-HW13,STU2026084,ALG1-C,HW13,,Missing,20,0,Yes,No
AS-STU2026084-HW14,STU2026084,ALG1-C,HW14,2026-10-19,Submitted,10,6.8,No,No
AS-STU2026084-HW15,STU2026084,ALG1-C,HW15,2026-10-21,Submitted,20,15.1,No,No
AS-STU2026084-HW16,STU2026084,ALG1-C,HW16,,Missing,20,0,Yes,No
AS-STU2026084-HW17,STU2026084,ALG1-C,HW17,2026-10-27,Submitted,20,10.7,No,No
AS-STU2026084-HW18,STU2026084,ALG1-C,HW18,2026-10-29,Submitted,10,7.7,No,No
AS-STU2026085-HW01,STU2026085,ALG1-C,HW01,2026-09-11,Submitted,20,11.7,No,No
AS-STU2026085-HW02,STU2026085,ALG1-C,HW02,2026-09-15,Submitted,10,7.1,No,No
AS-STU2026085-HW03,STU2026085,ALG1-C,HW03,2026-09-17,Submitted,20,17.2,No,No
AS-STU2026085-HW04,STU2026085,ALG1-C,HW04,2026-09-21,Submitted,20,8.2,No,No
AS-STU2026085-HW05,STU2026085,ALG1-C,HW05,2026-09-23,Submitted,20,14.2,No,No
AS-STU2026085-HW06,STU2026085,ALG1-C,HW06,2026-09-26,Late,20,12.8,No,Yes
AS-STU2026085-HW07,STU2026085,ALG1-C,HW07,2026-09-29,Submitted,10,4.7,No,No
AS-STU2026085-HW08,STU2026085,ALG1-C,HW08,2026-10-01,Submitted,20,17.1,No,No
AS-STU2026085-HW09,STU2026085,ALG1-C,HW09,2026-10-05,Submitted,20,16.4,No,No
AS-STU2026085-HW10,STU2026085,ALG1-C,HW10,2026-10-07,Submitted,15,7.3,No,No
AS-STU2026085-HW11,STU2026085,ALG1-C,HW11,2026-10-09,Submitted,20,15.0,No,No
AS-STU2026085-HW12,STU2026085,ALG1-C,HW12,2026-10-13,Submitted,20,14.8,No,No
AS-STU2026085-HW13,STU2026085,ALG1-C,HW13,2026-10-15,Submitted,20,13.2,No,No
AS-STU2026085-HW14,STU2026085,ALG1-C,HW14,2026-10-19,Submitted,10,9.3,No,No
AS-STU2026085-HW15,STU2026085,ALG1-C,HW15,2026-10-21,Submitted,20,17.3,No,No
AS-STU2026085-HW16,STU2026085,ALG1-C,HW16,2026-10-23,Submitted,20,16.3,No,No
AS-STU2026085-HW17,STU2026085,ALG1-C,HW17,2026-10-27,Submitted,20,13.4,No,No
AS-STU2026085-HW18,STU2026085,ALG1-C,HW18,2026-10-29,Submitted,10,7.5,No,No
AS-STU2026086-HW01,STU2026086,ALG1-C,HW01,2026-09-11,Submitted,20,10.5,No,No
AS-STU2026086-HW02,STU2026086,ALG1-C,HW02,,Missing,10,0,Yes,No
AS-STU2026086-HW03,STU2026086,ALG1-C,HW03,2026-09-17,Submitted,20,14.0,No,No
AS-STU2026086-HW04,STU2026086,ALG1-C,HW04,2026-09-21,Submitted,20,14.7,No,No
AS-STU2026086-HW05,STU2026086,ALG1-C,HW05,2026-09-23,Submitted,20,16.6,No,No
AS-STU2026086-HW06,STU2026086,ALG1-C,HW06,,Missing,20,0,Yes,No
AS-STU2026086-HW07,STU2026086,ALG1-C,HW07,2026-09-29,Submitted,10,6.6,No,No
AS-STU2026086-HW08,STU2026086,ALG1-C,HW08,2026-10-01,Submitted,20,13.8,No,No
AS-STU2026086-HW09,STU2026086,ALG1-C,HW09,2026-10-05,Submitted,20,15.1,No,No
AS-STU2026086-HW10,STU2026086,ALG1-C,HW10,,Missing,15,0,Yes,No
AS-STU2026086-HW11,STU2026086,ALG1-C,HW11,2026-10-09,Submitted,20,18.8,No,No
AS-STU2026086-HW12,STU2026086,ALG1-C,HW12,,Missing,20,0,Yes,No
AS-STU2026086-HW13,STU2026086,ALG1-C,HW13,2026-10-16,Late,20,14.5,No,Yes
AS-STU2026086-HW14,STU2026086,ALG1-C,HW14,2026-10-19,Submitted,10,6.7,No,No
AS-STU2026086-HW15,STU2026086,ALG1-C,HW15,2026-10-21,Submitted,20,11.5,No,No
AS-STU2026086-HW16,STU2026086,ALG1-C,HW16,2026-10-23,Submitted,20,11.2,No,No
AS-STU2026086-HW17,STU2026086,ALG1-C,HW17,2026-10-27,Submitted,20,15.3,No,No
AS-STU2026086-HW18,STU2026086,ALG1-C,HW18,2026-10-29,Submitted,10,6.2,No,No
AS-STU2026087-HW01,STU2026087,ALG1-C,HW01,2026-09-12,Late,20,17.2,No,Yes
AS-STU2026087-HW02,STU2026087,ALG1-C,HW02,2026-09-15,Submitted,10,8.8,No,No
AS-STU2026087-HW03,STU2026087,ALG1-C,HW03,2026-09-17,Submitted,20,20.0,No,No
AS-STU2026087-HW04,STU2026087,ALG1-C,HW04,2026-09-21,Submitted,20,16.3,No,No
AS-STU2026087-HW05,STU2026087,ALG1-C,HW05,2026-09-23,Submitted,20,12.9,No,No
AS-STU2026087-HW06,STU2026087,ALG1-C,HW06,2026-09-27,Late,20,11.7,No,Yes
AS-STU2026087-HW07,STU2026087,ALG1-C,HW07,2026-09-29,Submitted,10,8.6,No,No
AS-STU2026087-HW08,STU2026087,ALG1-C,HW08,2026-10-01,Submitted,20,14.9,No,No
AS-STU2026087-HW09,STU2026087,ALG1-C,HW09,2026-10-05,Submitted,20,18.8,No,No
AS-STU2026087-HW10,STU2026087,ALG1-C,HW10,2026-10-07,Submitted,15,12.1,No,No
AS-STU2026087-HW11,STU2026087,ALG1-C,HW11,2026-10-09,Submitted,20,17.6,No,No
AS-STU2026087-HW12,STU2026087,ALG1-C,HW12,,Missing,20,0,Yes,No
AS-STU2026087-HW13,STU2026087,ALG1-C,HW13,2026-10-15,Submitted,20,17.6,No,No
AS-STU2026087-HW14,STU2026087,ALG1-C,HW14,2026-10-19,Submitted,10,8.5,No,No
AS-STU2026087-HW15,STU2026087,ALG1-C,HW15,2026-10-21,Submitted,20,16.2,No,No
AS-STU2026087-HW16,STU2026087,ALG1-C,HW16,,Missing,20,0,Yes,No
AS-STU2026087-HW17,STU2026087,ALG1-C,HW17,2026-10-27,Submitted,20,14.9,No,No
AS-STU2026087-HW18,STU2026087,ALG1-C,HW18,2026-10-29,Submitted,10,10.0,No,No
AS-STU2026088-HW01,STU2026088,ALG1-C,HW01,,Missing,20,0,Yes,No
AS-STU2026088-HW02,STU2026088,ALG1-C,HW02,2026-09-15,Submitted,10,8.7,No,No
AS-STU2026088-HW03,STU2026088,ALG1-C,HW03,2026-09-17,Submitted,20,17.3,No,No
AS-STU2026088-HW04,STU2026088,ALG1-C,HW04,2026-09-21,Submitted,20,14.8,No,No
AS-STU2026088-HW05,STU2026088,ALG1-C,HW05,2026-09-23,Submitted,20,14.0,No,No
AS-STU2026088-HW06,STU2026088,ALG1-C,HW06,2026-09-25,Submitted,20,14.6,No,No
AS-STU2026088-HW07,STU2026088,ALG1-C,HW07,2026-09-29,Submitted,10,6.5,No,No
AS-STU2026088-HW08,STU2026088,ALG1-C,HW08,,Missing,20,0,Yes,No
AS-STU2026088-HW09,STU2026088,ALG1-C,HW09,2026-10-05,Submitted,20,14.6,No,No
AS-STU2026088-HW10,STU2026088,ALG1-C,HW10,2026-10-07,Submitted,15,11.1,No,No
AS-STU2026088-HW11,STU2026088,ALG1-C,HW11,2026-10-09,Late,20,14.2,No,Yes
AS-STU2026088-HW12,STU2026088,ALG1-C,HW12,2026-10-13,Submitted,20,14.1,No,No
AS-STU2026088-HW13,STU2026088,ALG1-C,HW13,2026-10-15,Submitted,20,8.0,No,No
AS-STU2026088-HW14,STU2026088,ALG1-C,HW14,2026-10-19,Submitted,10,6.2,No,No
AS-STU2026088-HW15,STU2026088,ALG1-C,HW15,2026-10-21,Submitted,20,12.0,No,No
AS-STU2026088-HW16,STU2026088,ALG1-C,HW16,2026-10-23,Submitted,20,11.9,No,No
AS-STU2026088-HW17,STU2026088,ALG1-C,HW17,2026-10-27,Submitted,20,13.8,No,No
AS-STU2026088-HW18,STU2026088,ALG1-C,HW18,2026-10-31,Late,10,8.2,No,Yes
AS-STU2026089-HW01,STU2026089,ALG1-C,HW01,2026-09-11,Submitted,20,14.2,No,No
AS-STU2026089-HW02,STU2026089,ALG1-C,HW02,2026-09-15,Submitted,10,7.4,No,No
AS-STU2026089-HW03,STU2026089,ALG1-C,HW03,2026-09-17,Submitted,20,14.9,No,No
AS-STU2026089-HW04,STU2026089,ALG1-C,HW04,2026-09-21,Submitted,20,13.5,No,No
AS-STU2026089-HW05,STU2026089,ALG1-C,HW05,2026-09-23,Submitted,20,14.1,No,No
AS-STU2026089-HW06,STU2026089,ALG1-C,HW06,2026-09-25,Submitted,20,13.8,No,No
AS-STU2026089-HW07,STU2026089,ALG1-C,HW07,2026-09-29,Submitted,10,7.4,No,No
AS-STU2026089-HW08,STU2026089,ALG1-C,HW08,2026-10-01,Submitted,20,20.0,No,No
AS-STU2026089-HW09,STU2026089,ALG1-C,HW09,,Missing,20,0,Yes,No
AS-STU2026089-HW10,STU2026089,ALG1-C,HW10,,Missing,15,0,Yes,No
AS-STU2026089-HW11,STU2026089,ALG1-C,HW11,2026-10-09,Submitted,20,12.2,No,No
AS-STU2026089-HW12,STU2026089,ALG1-C,HW12,2026-10-13,Submitted,20,12.4,No,No
AS-STU2026089-HW13,STU2026089,ALG1-C,HW13,2026-10-15,Submitted,20,13.9,No,No
AS-STU2026089-HW14,STU2026089,ALG1-C,HW14,2026-10-19,Submitted,10,6.7,No,No
AS-STU2026089-HW15,STU2026089,ALG1-C,HW15,2026-10-21,Submitted,20,13.8,No,No
AS-STU2026089-HW16,STU2026089,ALG1-C,HW16,2026-10-23,Submitted,20,17.0,No,No
AS-STU2026089-HW17,STU2026089,ALG1-C,HW17,2026-10-27,Submitted,20,16.0,No,No
AS-STU2026089-HW18,STU2026089,ALG1-C,HW18,2026-10-29,Submitted,10,7.9,No,No
AS-STU2026090-HW01,STU2026090,ALG1-C,HW01,2026-09-11,Submitted,20,18.4,No,No
AS-STU2026090-HW02,STU2026090,ALG1-C,HW02,2026-09-16,Late,10,6.1,No,Yes
AS-STU2026090-HW03,STU2026090,ALG1-C,HW03,2026-09-17,Submitted,20,16.6,No,No
AS-STU2026090-HW04,STU2026090,ALG1-C,HW04,,Missing,20,0,Yes,No
AS-STU2026090-HW05,STU2026090,ALG1-C,HW05,2026-09-23,Submitted,20,15.1,No,No
AS-STU2026090-HW06,STU2026090,ALG1-C,HW06,2026-09-25,Submitted,20,16.5,No,No
AS-STU2026090-HW07,STU2026090,ALG1-C,HW07,2026-09-29,Submitted,10,8.6,No,No
AS-STU2026090-HW08,STU2026090,ALG1-C,HW08,2026-10-01,Submitted,20,14.0,No,No
AS-STU2026090-HW09,STU2026090,ALG1-C,HW09,2026-10-05,Submitted,20,12.2,No,No
AS-STU2026090-HW10,STU2026090,ALG1-C,HW10,,Missing,15,0,Yes,No
AS-STU2026090-HW11,STU2026090,ALG1-C,HW11,2026-10-09,Submitted,20,15.2,No,No
AS-STU2026090-HW12,STU2026090,ALG1-C,HW12,2026-10-13,Submitted,20,14.8,No,No
AS-STU2026090-HW13,STU2026090,ALG1-C,HW13,2026-10-15,Submitted,20,20.0,No,No
AS-STU2026090-HW14,STU2026090,ALG1-C,HW14,2026-10-19,Submitted,10,7.4,No,No
AS-STU2026090-HW15,STU2026090,ALG1-C,HW15,2026-10-21,Submitted,20,19.4,No,No
AS-STU2026090-HW16,STU2026090,ALG1-C,HW16,2026-10-23,Submitted,20,16.5,No,No
AS-STU2026090-HW17,STU2026090,ALG1-C,HW17,2026-10-27,Submitted,20,11.2,No,No
AS-STU2026090-HW18,STU2026090,ALG1-C,HW18,2026-10-29,Submitted,10,7.4,No,No
AS-STU2026091-HW01,STU2026091,ALG1-C,HW01,2026-09-11,Submitted,20,10.6,No,No
AS-STU2026091-HW02,STU2026091,ALG1-C,HW02,2026-09-15,Submitted,10,9.3,No,No
AS-STU2026091-HW03,STU2026091,ALG1-C,HW03,2026-09-17,Submitted,20,17.9,No,No
AS-STU2026091-HW04,STU2026091,ALG1-C,HW04,2026-09-21,Submitted,20,18.8,No,No
AS-STU2026091-HW05,STU2026091,ALG1-C,HW05,2026-09-23,Submitted,20,18.1,No,No
AS-STU2026091-HW06,STU2026091,ALG1-C,HW06,2026-09-27,Late,20,12.0,No,Yes
AS-STU2026091-HW07,STU2026091,ALG1-C,HW07,2026-09-29,Submitted,10,9.2,No,No
AS-STU2026091-HW08,STU2026091,ALG1-C,HW08,2026-10-01,Submitted,20,14.0,No,No
AS-STU2026091-HW09,STU2026091,ALG1-C,HW09,2026-10-05,Submitted,20,14.2,No,No
AS-STU2026091-HW10,STU2026091,ALG1-C,HW10,2026-10-07,Submitted,15,9.6,No,No
AS-STU2026091-HW11,STU2026091,ALG1-C,HW11,2026-10-09,Submitted,20,16.6,No,No
AS-STU2026091-HW12,STU2026091,ALG1-C,HW12,2026-10-13,Submitted,20,13.7,No,No
AS-STU2026091-HW13,STU2026091,ALG1-C,HW13,2026-10-15,Submitted,20,16.5,No,No
AS-STU2026091-HW14,STU2026091,ALG1-C,HW14,2026-10-19,Submitted,10,9.1,No,No
AS-STU2026091-HW15,STU2026091,ALG1-C,HW15,2026-10-21,Submitted,20,13.5,No,No
AS-STU2026091-HW16,STU2026091,ALG1-C,HW16,2026-10-23,Submitted,20,15.0,No,No
AS-STU2026091-HW17,STU2026091,ALG1-C,HW17,2026-10-27,Submitted,20,17.6,No,No
AS-STU2026091-HW18,STU2026091,ALG1-C,HW18,2026-10-29,Submitted,10,8.7,No,No
AS-STU2026092-HW01,STU2026092,ALG1-C,HW01,2026-09-11,Submitted,20,17.2,No,No
AS-STU2026092-HW02,STU2026092,ALG1-C,HW02,2026-09-15,Submitted,10,8.7,No,No
AS-STU2026092-HW03,STU2026092,ALG1-C,HW03,2026-09-17,Submitted,20,15.0,No,No
AS-STU2026092-HW04,STU2026092,ALG1-C,HW04,2026-09-21,Submitted,20,16.9,No,No
AS-STU2026092-HW05,STU2026092,ALG1-C,HW05,2026-09-24,Late,20,18.0,No,Yes
AS-STU2026092-HW06,STU2026092,ALG1-C,HW06,2026-09-25,Submitted,20,13.1,No,No
AS-STU2026092-HW07,STU2026092,ALG1-C,HW07,2026-09-29,Submitted,10,7.1,No,No
AS-STU2026092-HW08,STU2026092,ALG1-C,HW08,2026-10-01,Submitted,20,12.0,No,No
AS-STU2026092-HW09,STU2026092,ALG1-C,HW09,2026-10-05,Submitted,20,12.6,No,No
AS-STU2026092-HW10,STU2026092,ALG1-C,HW10,,Missing,15,0,Yes,No
AS-STU2026092-HW11,STU2026092,ALG1-C,HW11,2026-10-09,Submitted,20,11.5,No,No
AS-STU2026092-HW12,STU2026092,ALG1-C,HW12,2026-10-13,Submitted,20,12.8,No,No
AS-STU2026092-HW13,STU2026092,ALG1-C,HW13,2026-10-15,Submitted,20,17.5,No,No
AS-STU2026092-HW14,STU2026092,ALG1-C,HW14,2026-10-19,Submitted,10,5.8,No,No
AS-STU2026092-HW15,STU2026092,ALG1-C,HW15,,Missing,20,0,Yes,No
AS-STU2026092-HW16,STU2026092,ALG1-C,HW16,2026-10-23,Submitted,20,15.1,No,No
AS-STU2026092-HW17,STU2026092,ALG1-C,HW17,2026-10-27,Late,20,12.5,No,Yes
AS-STU2026092-HW18,STU2026092,ALG1-C,HW18,2026-10-29,Submitted,10,6.7,No,No
AS-STU2026093-HW01,STU2026093,ALG1-C,HW01,2026-09-11,Submitted,20,15.0,No,No
AS-STU2026093-HW02,STU2026093,ALG1-C,HW02,2026-09-15,Submitted,10,8.8,No,No
AS-STU2026093-HW03,STU2026093,ALG1-C,HW03,2026-09-17,Submitted,20,17.4,No,No
AS-STU2026093-HW04,STU2026093,ALG1-C,HW04,2026-09-21,Submitted,20,19.1,No,No
AS-STU2026093-HW05,STU2026093,ALG1-C,HW05,2026-09-23,Late,20,13.9,No,Yes
AS-STU2026093-HW06,STU2026093,ALG1-C,HW06,,Missing,20,0,Yes,No
AS-STU2026093-HW07,STU2026093,ALG1-C,HW07,2026-09-29,Submitted,10,7.8,No,No
AS-STU2026093-HW08,STU2026093,ALG1-C,HW08,2026-10-01,Submitted,20,7.7,No,No
AS-STU2026093-HW09,STU2026093,ALG1-C,HW09,2026-10-05,Submitted,20,11.1,No,No
AS-STU2026093-HW10,STU2026093,ALG1-C,HW10,2026-10-07,Submitted,15,11.3,No,No
AS-STU2026093-HW11,STU2026093,ALG1-C,HW11,2026-10-09,Submitted,20,14.2,No,No
AS-STU2026093-HW12,STU2026093,ALG1-C,HW12,,Missing,20,0,Yes,No
AS-STU2026093-HW13,STU2026093,ALG1-C,HW13,,Missing,20,0,Yes,No
AS-STU2026093-HW14,STU2026093,ALG1-C,HW14,2026-10-19,Submitted,10,5.7,No,No
AS-STU2026093-HW15,STU2026093,ALG1-C,HW15,2026-10-21,Submitted,20,15.2,No,No
AS-STU2026093-HW16,STU2026093,ALG1-C,HW16,2026-10-23,Submitted,20,16.7,No,No
AS-STU2026093-HW17,STU2026093,ALG1-C,HW17,2026-10-27,Submitted,20,18.4,No,No
AS-STU2026093-HW18,STU2026093,ALG1-C,HW18,2026-10-29,Submitted,10,5.5,No,No
AS-STU2026094-HW01,STU2026094,ALG1-C,HW01,2026-09-11,Submitted,20,19.9,No,No
AS-STU2026094-HW02,STU2026094,ALG1-C,HW02,2026-09-15,Submitted,10,8.5,No,No
AS-STU2026094-HW03,STU2026094,ALG1-C,HW03,,Missing,20,0,Yes,No
AS-STU2026094-HW04,STU2026094,ALG1-C,HW04,2026-09-21,Submitted,20,15.3,No,No
AS-STU2026094-HW05,STU2026094,ALG1-C,HW05,2026-09-23,Late,20,17.0,No,Yes
AS-STU2026094-HW06,STU2026094,ALG1-C,HW06,2026-09-25,Submitted,20,17.9,No,No
AS-STU2026094-HW07,STU2026094,ALG1-C,HW07,2026-09-29,Submitted,10,7.5,No,No
AS-STU2026094-HW08,STU2026094,ALG1-C,HW08,2026-10-01,Submitted,20,18.1,No,No
AS-STU2026094-HW09,STU2026094,ALG1-C,HW09,,Missing,20,0,Yes,No
AS-STU2026094-HW10,STU2026094,ALG1-C,HW10,2026-10-07,Submitted,15,13.5,No,No
AS-STU2026094-HW11,STU2026094,ALG1-C,HW11,2026-10-11,Late,20,11.8,No,Yes
AS-STU2026094-HW12,STU2026094,ALG1-C,HW12,2026-10-13,Submitted,20,17.4,No,No
AS-STU2026094-HW13,STU2026094,ALG1-C,HW13,2026-10-15,Submitted,20,18.4,No,No
AS-STU2026094-HW14,STU2026094,ALG1-C,HW14,2026-10-19,Submitted,10,6.3,No,No
AS-STU2026094-HW15,STU2026094,ALG1-C,HW15,2026-10-21,Submitted,20,18.4,No,No
AS-STU2026094-HW16,STU2026094,ALG1-C,HW16,,Missing,20,0,Yes,No
AS-STU2026094-HW17,STU2026094,ALG1-C,HW17,2026-10-27,Submitted,20,16.2,No,No
AS-STU2026094-HW18,STU2026094,ALG1-C,HW18,2026-10-29,Submitted,10,8.9,No,No
AS-STU2026095-HW01,STU2026095,ALG1-C,HW01,,Missing,20,0,Yes,No
AS-STU2026095-HW02,STU2026095,ALG1-C,HW02,2026-09-15,Submitted,10,9.6,No,No
AS-STU2026095-HW03,STU2026095,ALG1-C,HW03,2026-09-17,Submitted,20,14.9,No,No
AS-STU2026095-HW04,STU2026095,ALG1-C,HW04,2026-09-21,Submitted,20,20.0,No,No
AS-STU2026095-HW05,STU2026095,ALG1-C,HW05,2026-09-23,Submitted,20,18.8,No,No
AS-STU2026095-HW06,STU2026095,ALG1-C,HW06,2026-09-25,Submitted,20,16.9,No,No
AS-STU2026095-HW07,STU2026095,ALG1-C,HW07,2026-09-29,Submitted,10,9.3,No,No
AS-STU2026095-HW08,STU2026095,ALG1-C,HW08,2026-10-01,Submitted,20,13.2,No,No
AS-STU2026095-HW09,STU2026095,ALG1-C,HW09,2026-10-05,Submitted,20,16.6,No,No
AS-STU2026095-HW10,STU2026095,ALG1-C,HW10,2026-10-07,Submitted,15,13.2,No,No
AS-STU2026095-HW11,STU2026095,ALG1-C,HW11,2026-10-09,Submitted,20,20.0,No,No
AS-STU2026095-HW12,STU2026095,ALG1-C,HW12,2026-10-13,Submitted,20,20.0,No,No
AS-STU2026095-HW13,STU2026095,ALG1-C,HW13,2026-10-15,Submitted,20,18.6,No,No
AS-STU2026095-HW14,STU2026095,ALG1-C,HW14,2026-10-19,Submitted,10,10.0,No,No
AS-STU2026095-HW15,STU2026095,ALG1-C,HW15,2026-10-21,Submitted,20,16.6,No,No
AS-STU2026095-HW16,STU2026095,ALG1-C,HW16,2026-10-23,Submitted,20,12.2,No,No
AS-STU2026095-HW17,STU2026095,ALG1-C,HW17,2026-10-28,Late,20,14.2,No,Yes
AS-STU2026095-HW18,STU2026095,ALG1-C,HW18,2026-10-29,Submitted,10,10.0,No,No
AS-STU2026096-HW01,STU2026096,ALG1-C,HW01,2026-09-11,Submitted,20,19.4,No,No
AS-STU2026096-HW02,STU2026096,ALG1-C,HW02,2026-09-15,Submitted,10,10.0,No,No
AS-STU2026096-HW03,STU2026096,ALG1-C,HW03,2026-09-17,Submitted,20,17.0,No,No
AS-STU2026096-HW04,STU2026096,ALG1-C,HW04,2026-09-21,Submitted,20,14.1,No,No
AS-STU2026096-HW05,STU2026096,ALG1-C,HW05,2026-09-23,Submitted,20,19.2,No,No
AS-STU2026096-HW06,STU2026096,ALG1-C,HW06,2026-09-25,Submitted,20,15.6,No,No
AS-STU2026096-HW07,STU2026096,ALG1-C,HW07,,Missing,10,0,Yes,No
AS-STU2026096-HW08,STU2026096,ALG1-C,HW08,2026-10-01,Submitted,20,14.1,No,No
AS-STU2026096-HW09,STU2026096,ALG1-C,HW09,2026-10-05,Submitted,20,14.1,No,No
AS-STU2026096-HW10,STU2026096,ALG1-C,HW10,2026-10-07,Submitted,15,10.7,No,No
AS-STU2026096-HW11,STU2026096,ALG1-C,HW11,2026-10-09,Submitted,20,20.0,No,No
AS-STU2026096-HW12,STU2026096,ALG1-C,HW12,2026-10-13,Submitted,20,17.8,No,No
AS-STU2026096-HW13,STU2026096,ALG1-C,HW13,2026-10-15,Submitted,20,17.3,No,No
AS-STU2026096-HW14,STU2026096,ALG1-C,HW14,2026-10-19,Submitted,10,10.0,No,No
AS-STU2026096-HW15,STU2026096,ALG1-C,HW15,2026-10-21,Submitted,20,16.3,No,No
AS-STU2026096-HW16,STU2026096,ALG1-C,HW16,2026-10-23,Submitted,20,20.0,No,No
AS-STU2026096-HW17,STU2026096,ALG1-C,HW17,2026-10-28,Late,20,13.4,No,Yes
AS-STU2026096-HW18,STU2026096,ALG1-C,HW18,2026-10-29,Submitted,10,7.1,No,No
AS-STU2026097-HW01,STU2026097,ALG1-C,HW01,2026-09-11,Submitted,20,11.8,No,No
AS-STU2026097-HW02,STU2026097,ALG1-C,HW02,2026-09-15,Submitted,10,7.5,No,No
AS-STU2026097-HW03,STU2026097,ALG1-C,HW03,2026-09-17,Submitted,20,13.1,No,No
AS-STU2026097-HW04,STU2026097,ALG1-C,HW04,2026-09-21,Submitted,20,13.1,No,No
AS-STU2026097-HW05,STU2026097,ALG1-C,HW05,2026-09-23,Submitted,20,10.6,No,No
AS-STU2026097-HW06,STU2026097,ALG1-C,HW06,2026-09-25,Submitted,20,12.1,No,No
AS-STU2026097-HW07,STU2026097,ALG1-C,HW07,,Missing,10,0,Yes,No
AS-STU2026097-HW08,STU2026097,ALG1-C,HW08,2026-10-02,Late,20,13.9,No,Yes
AS-STU2026097-HW09,STU2026097,ALG1-C,HW09,2026-10-06,Late,20,9.6,No,Yes
AS-STU2026097-HW10,STU2026097,ALG1-C,HW10,,Missing,15,0,Yes,No
AS-STU2026097-HW11,STU2026097,ALG1-C,HW11,2026-10-09,Submitted,20,10.0,No,No
AS-STU2026097-HW12,STU2026097,ALG1-C,HW12,2026-10-13,Submitted,20,12.4,No,No
AS-STU2026097-HW13,STU2026097,ALG1-C,HW13,2026-10-15,Submitted,20,9.1,No,No
AS-STU2026097-HW14,STU2026097,ALG1-C,HW14,2026-10-19,Submitted,10,7.1,No,No
AS-STU2026097-HW15,STU2026097,ALG1-C,HW15,,Missing,20,0,Yes,No
AS-STU2026097-HW16,STU2026097,ALG1-C,HW16,2026-10-23,Submitted,20,17.8,No,No
AS-STU2026097-HW17,STU2026097,ALG1-C,HW17,2026-10-27,Submitted,20,13.6,No,No
AS-STU2026097-HW18,STU2026097,ALG1-C,HW18,2026-10-29,Submitted,10,7.6,No,No
AS-STU2026098-HW01,STU2026098,ALG1-C,HW01,2026-09-11,Submitted,20,10.6,No,No
AS-STU2026098-HW02,STU2026098,ALG1-C,HW02,2026-09-15,Submitted,10,4.1,No,No
AS-STU2026098-HW03,STU2026098,ALG1-C,HW03,2026-09-17,Submitted,20,8.8,No,No
AS-STU2026098-HW04,STU2026098,ALG1-C,HW04,2026-09-21,Submitted,20,9.3,No,No
AS-STU2026098-HW05,STU2026098,ALG1-C,HW05,2026-09-23,Submitted,20,7.0,No,No
AS-STU2026098-HW06,STU2026098,ALG1-C,HW06,,Missing,20,0,Yes,No
AS-STU2026098-HW07,STU2026098,ALG1-C,HW07,2026-10-01,Late,10,3.5,No,Yes
AS-STU2026098-HW08,STU2026098,ALG1-C,HW08,2026-10-01,Submitted,20,15.5,No,No
AS-STU2026098-HW09,STU2026098,ALG1-C,HW09,2026-10-05,Submitted,20,11.4,No,No
AS-STU2026098-HW10,STU2026098,ALG1-C,HW10,2026-10-07,Submitted,15,6.6,No,No
AS-STU2026098-HW11,STU2026098,ALG1-C,HW11,,Missing,20,0,Yes,No
AS-STU2026098-HW12,STU2026098,ALG1-C,HW12,2026-10-15,Late,20,9.7,No,Yes
AS-STU2026098-HW13,STU2026098,ALG1-C,HW13,2026-10-15,Submitted,20,7.6,No,No
AS-STU2026098-HW14,STU2026098,ALG1-C,HW14,2026-10-19,Submitted,10,3.6,No,No
AS-STU2026098-HW15,STU2026098,ALG1-C,HW15,2026-10-21,Submitted,20,7.0,No,No
AS-STU2026098-HW16,STU2026098,ALG1-C,HW16,2026-10-23,Submitted,20,7.0,No,No
AS-STU2026098-HW17,STU2026098,ALG1-C,HW17,2026-10-30,Late,20,6.3,No,Yes
AS-STU2026098-HW18,STU2026098,ALG1-C,HW18,,Missing,10,0,Yes,No
AS-STU2026099-HW01,STU2026099,ALG1-C,HW01,,Missing,20,0,Yes,No
AS-STU2026099-HW02,STU2026099,ALG1-C,HW02,2026-09-15,Submitted,10,7.8,No,No
AS-STU2026099-HW03,STU2026099,ALG1-C,HW03,2026-09-17,Submitted,20,15.3,No,No
AS-STU2026099-HW04,STU2026099,ALG1-C,HW04,2026-09-21,Submitted,20,12.5,No,No
AS-STU2026099-HW05,STU2026099,ALG1-C,HW05,2026-09-25,Late,20,13.2,No,Yes
AS-STU2026099-HW06,STU2026099,ALG1-C,HW06,2026-09-25,Late,20,10.5,No,Yes
AS-STU2026099-HW07,STU2026099,ALG1-C,HW07,2026-09-29,Submitted,10,5.0,No,No
AS-STU2026099-HW08,STU2026099,ALG1-C,HW08,2026-10-01,Submitted,20,8.9,No,No
AS-STU2026099-HW09,STU2026099,ALG1-C,HW09,2026-10-05,Submitted,20,10.5,No,No
AS-STU2026099-HW10,STU2026099,ALG1-C,HW10,2026-10-07,Submitted,15,13.2,No,No
AS-STU2026099-HW11,STU2026099,ALG1-C,HW11,2026-10-09,Submitted,20,15.8,No,No
AS-STU2026099-HW12,STU2026099,ALG1-C,HW12,2026-10-13,Submitted,20,16.1,No,No
AS-STU2026099-HW13,STU2026099,ALG1-C,HW13,,Missing,20,0,Yes,No
AS-STU2026099-HW14,STU2026099,ALG1-C,HW14,2026-10-19,Submitted,10,7.4,No,No
AS-STU2026099-HW15,STU2026099,ALG1-C,HW15,2026-10-21,Submitted,20,10.0,No,No
AS-STU2026099-HW16,STU2026099,ALG1-C,HW16,2026-10-23,Submitted,20,14.1,No,No
AS-STU2026099-HW17,STU2026099,ALG1-C,HW17,2026-10-27,Submitted,20,13.5,No,No
AS-STU2026099-HW18,STU2026099,ALG1-C,HW18,2026-10-29,Submitted,10,10.0,No,No
AS-STU2026100-HW01,STU2026100,ALG1-C,HW01,2026-09-11,Submitted,20,20.0,No,No
AS-STU2026100-HW02,STU2026100,ALG1-C,HW02,2026-09-15,Submitted,10,6.5,No,No
AS-STU2026100-HW03,STU2026100,ALG1-C,HW03,2026-09-17,Submitted,20,15.4,No,No
AS-STU2026100-HW04,STU2026100,ALG1-C,HW04,2026-09-23,Late,20,14.5,No,Yes
AS-STU2026100-HW05,STU2026100,ALG1-C,HW05,,Missing,20,0,Yes,No
AS-STU2026100-HW06,STU2026100,ALG1-C,HW06,,Missing,20,0,Yes,No
AS-STU2026100-HW07,STU2026100,ALG1-C,HW07,2026-09-29,Submitted,10,5.8,No,No
AS-STU2026100-HW08,STU2026100,ALG1-C,HW08,2026-10-01,Submitted,20,12.5,No,No
AS-STU2026100-HW09,STU2026100,ALG1-C,HW09,2026-10-05,Submitted,20,10.3,No,No
AS-STU2026100-HW10,STU2026100,ALG1-C,HW10,2026-10-09,Late,15,8.6,No,Yes
AS-STU2026100-HW11,STU2026100,ALG1-C,HW11,2026-10-09,Submitted,20,17.8,No,No
AS-STU2026100-HW12,STU2026100,ALG1-C,HW12,2026-10-13,Submitted,20,19.1,No,No
AS-STU2026100-HW13,STU2026100,ALG1-C,HW13,2026-10-15,Submitted,20,15.9,No,No
AS-STU2026100-HW14,STU2026100,ALG1-C,HW14,2026-10-21,Late,10,6.5,No,Yes
AS-STU2026100-HW15,STU2026100,ALG1-C,HW15,2026-10-21,Submitted,20,14.6,No,No
AS-STU2026100-HW16,STU2026100,ALG1-C,HW16,2026-10-23,Submitted,20,12.0,No,No
AS-STU2026100-HW17,STU2026100,ALG1-C,HW17,2026-10-27,Submitted,20,16.9,No,No
AS-STU2026100-HW18,STU2026100,ALG1-C,HW18,2026-10-29,Submitted,10,5.3,No,No
AS-STU2026101-HW01,STU2026101,ALG1-C,HW01,2026-09-11,Submitted,20,20.0,No,No
AS-STU2026101-HW02,STU2026101,ALG1-C,HW02,2026-09-18,Late,10,7.1,No,Yes
AS-STU2026101-HW03,STU2026101,ALG1-C,HW03,2026-09-17,Submitted,20,19.1,No,No
AS-STU2026101-HW04,STU2026101,ALG1-C,HW04,2026-09-21,Submitted,20,20.0,No,No
AS-STU2026101-HW05,STU2026101,ALG1-C,HW05,2026-09-23,Submitted,20,18.1,No,No
AS-STU2026101-HW06,STU2026101,ALG1-C,HW06,2026-09-25,Submitted,20,20.0,No,No
AS-STU2026101-HW07,STU2026101,ALG1-C,HW07,2026-10-01,Late,10,8.4,No,Yes
AS-STU2026101-HW08,STU2026101,ALG1-C,HW08,2026-10-01,Submitted,20,18.5,No,No
AS-STU2026101-HW09,STU2026101,ALG1-C,HW09,2026-10-05,Submitted,20,18.4,No,No
AS-STU2026101-HW10,STU2026101,ALG1-C,HW10,2026-10-07,Submitted,15,12.9,No,No
AS-STU2026101-HW11,STU2026101,ALG1-C,HW11,2026-10-09,Submitted,20,18.9,No,No
AS-STU2026101-HW12,STU2026101,ALG1-C,HW12,2026-10-13,Submitted,20,20.0,No,No
AS-STU2026101-HW13,STU2026101,ALG1-C,HW13,2026-10-15,Submitted,20,20.0,No,No
AS-STU2026101-HW14,STU2026101,ALG1-C,HW14,2026-10-19,Submitted,10,10.0,No,No
AS-STU2026101-HW15,STU2026101,ALG1-C,HW15,2026-10-21,Submitted,20,20.0,No,No
AS-STU2026101-HW16,STU2026101,ALG1-C,HW16,2026-10-23,Submitted,20,18.6,No,No
AS-STU2026101-HW17,STU2026101,ALG1-C,HW17,2026-10-27,Submitted,20,20.0,No,No
AS-STU2026101-HW18,STU2026101,ALG1-C,HW18,2026-10-29,Submitted,10,10.0,No,No
AS-STU2026102-HW01,STU2026102,ALG1-C,HW01,2026-09-11,Submitted,20,7.0,No,No
AS-STU2026102-HW02,STU2026102,ALG1-C,HW02,,Missing,10,0,Yes,No
AS-STU2026102-HW03,STU2026102,ALG1-C,HW03,,Missing,20,0,Yes,No
AS-STU2026102-HW04,STU2026102,ALG1-C,HW04,,Missing,20,0,Yes,No
AS-STU2026102-HW05,STU2026102,ALG1-C,HW05,2026-09-23,Submitted,20,9.4,No,No
AS-STU2026102-HW06,STU2026102,ALG1-C,HW06,2026-09-25,Submitted,20,10.0,No,No
AS-STU2026102-HW07,STU2026102,ALG1-C,HW07,2026-09-29,Submitted,10,3.5,No,No
AS-STU2026102-HW08,STU2026102,ALG1-C,HW08,2026-10-01,Submitted,20,8.6,No,No
AS-STU2026102-HW09,STU2026102,ALG1-C,HW09,2026-10-08,Late,20,6.3,No,Yes
AS-STU2026102-HW10,STU2026102,ALG1-C,HW10,2026-10-07,Submitted,15,5.9,No,No
AS-STU2026102-HW11,STU2026102,ALG1-C,HW11,,Missing,20,0,Yes,No
AS-STU2026102-HW12,STU2026102,ALG1-C,HW12,2026-10-13,Submitted,20,8.9,No,No
AS-STU2026102-HW13,STU2026102,ALG1-C,HW13,2026-10-15,Submitted,20,7.5,No,No
AS-STU2026102-HW14,STU2026102,ALG1-C,HW14,2026-10-19,Submitted,10,3.5,No,No
AS-STU2026102-HW15,STU2026102,ALG1-C,HW15,2026-10-21,Submitted,20,11.8,No,No
AS-STU2026102-HW16,STU2026102,ALG1-C,HW16,2026-10-23,Submitted,20,9.8,No,No
AS-STU2026102-HW17,STU2026102,ALG1-C,HW17,2026-10-27,Submitted,20,7.0,No,No
AS-STU2026102-HW18,STU2026102,ALG1-C,HW18,2026-10-30,Late,10,5.2,No,Yes
AS-STU2026103-HW01,STU2026103,ALG1-C,HW01,2026-09-11,Submitted,20,8.4,No,No
AS-STU2026103-HW02,STU2026103,ALG1-C,HW02,2026-09-15,Submitted,10,5.7,No,No
AS-STU2026103-HW03,STU2026103,ALG1-C,HW03,2026-09-20,Late,20,6.5,No,Yes
AS-STU2026103-HW04,STU2026103,ALG1-C,HW04,,Missing,20,0,Yes,No
AS-STU2026103-HW05,STU2026103,ALG1-C,HW05,2026-09-23,Submitted,20,13.3,No,No
AS-STU2026103-HW06,STU2026103,ALG1-C,HW06,,Missing,20,0,Yes,No
AS-STU2026103-HW07,STU2026103,ALG1-C,HW07,2026-09-29,Submitted,10,6.7,No,No
AS-STU2026103-HW08,STU2026103,ALG1-C,HW08,,Missing,20,0,Yes,No
AS-STU2026103-HW09,STU2026103,ALG1-C,HW09,,Missing,20,0,Yes,No
AS-STU2026103-HW10,STU2026103,ALG1-C,HW10,2026-10-10,Late,15,8.1,No,Yes
AS-STU2026103-HW11,STU2026103,ALG1-C,HW11,2026-10-09,Submitted,20,10.9,No,No
AS-STU2026103-HW12,STU2026103,ALG1-C,HW12,2026-10-13,Submitted,20,12.1,No,No
AS-STU2026103-HW13,STU2026103,ALG1-C,HW13,,Missing,20,0,Yes,No
AS-STU2026103-HW14,STU2026103,ALG1-C,HW14,2026-10-19,Submitted,10,5.8,No,No
AS-STU2026103-HW15,STU2026103,ALG1-C,HW15,2026-10-21,Submitted,20,16.1,No,No
AS-STU2026103-HW16,STU2026103,ALG1-C,HW16,2026-10-23,Submitted,20,11.2,No,No
AS-STU2026103-HW17,STU2026103,ALG1-C,HW17,2026-10-27,Submitted,20,10.0,No,No
AS-STU2026103-HW18,STU2026103,ALG1-C,HW18,2026-10-29,Submitted,10,6.0,No,No
AS-STU2026104-HW01,STU2026104,ALG1-C,HW01,,Missing,20,0,Yes,No
AS-STU2026104-HW02,STU2026104,ALG1-C,HW02,2026-09-15,Submitted,10,6.1,No,No
AS-STU2026104-HW03,STU2026104,ALG1-C,HW03,2026-09-17,Submitted,20,13.0,No,No
AS-STU2026104-HW04,STU2026104,ALG1-C,HW04,2026-09-21,Submitted,20,9.2,No,No
AS-STU2026104-HW05,STU2026104,ALG1-C,HW05,2026-09-23,Submitted,20,14.0,No,No
AS-STU2026104-HW06,STU2026104,ALG1-C,HW06,,Missing,20,0,Yes,No
AS-STU2026104-HW07,STU2026104,ALG1-C,HW07,2026-09-29,Submitted,10,4.9,No,No
AS-STU2026104-HW08,STU2026104,ALG1-C,HW08,2026-10-01,Submitted,20,15.6,No,No
AS-STU2026104-HW09,STU2026104,ALG1-C,HW09,,Missing,20,0,Yes,No
AS-STU2026104-HW10,STU2026104,ALG1-C,HW10,2026-10-09,Late,15,9.2,No,Yes
AS-STU2026104-HW11,STU2026104,ALG1-C,HW11,,Missing,20,0,Yes,No
AS-STU2026104-HW12,STU2026104,ALG1-C,HW12,2026-10-13,Submitted,20,8.2,No,No
AS-STU2026104-HW13,STU2026104,ALG1-C,HW13,2026-10-17,Late,20,12.3,No,Yes
AS-STU2026104-HW14,STU2026104,ALG1-C,HW14,,Missing,10,0,Yes,No
AS-STU2026104-HW15,STU2026104,ALG1-C,HW15,2026-10-24,Late,20,15.6,No,Yes
AS-STU2026104-HW16,STU2026104,ALG1-C,HW16,2026-10-25,Late,20,10.0,No,Yes
AS-STU2026104-HW17,STU2026104,ALG1-C,HW17,2026-10-27,Submitted,20,10.4,No,No
AS-STU2026104-HW18,STU2026104,ALG1-C,HW18,,Missing,10,0,Yes,No
AS-STU2026105-HW01,STU2026105,ALG1-C,HW01,2026-09-11,Submitted,20,19.6,No,No
AS-STU2026105-HW02,STU2026105,ALG1-C,HW02,2026-09-15,Submitted,10,8.8,No,No
AS-STU2026105-HW03,STU2026105,ALG1-C,HW03,2026-09-17,Submitted,20,17.2,No,No
AS-STU2026105-HW04,STU2026105,ALG1-C,HW04,2026-09-21,Submitted,20,15.0,No,No
AS-STU2026105-HW05,STU2026105,ALG1-C,HW05,2026-09-23,Submitted,20,19.2,No,No
AS-STU2026105-HW06,STU2026105,ALG1-C,HW06,2026-09-25,Submitted,20,20.0,No,No
AS-STU2026105-HW07,STU2026105,ALG1-C,HW07,2026-09-29,Submitted,10,8.2,No,No
AS-STU2026105-HW08,STU2026105,ALG1-C,HW08,2026-10-01,Submitted,20,19.8,No,No
AS-STU2026105-HW09,STU2026105,ALG1-C,HW09,2026-10-05,Submitted,20,18.6,No,No
AS-STU2026105-HW10,STU2026105,ALG1-C,HW10,2026-10-07,Submitted,15,14.6,No,No
AS-STU2026105-HW11,STU2026105,ALG1-C,HW11,2026-10-09,Submitted,20,20.0,No,No
AS-STU2026105-HW12,STU2026105,ALG1-C,HW12,2026-10-13,Submitted,20,20.0,No,No
AS-STU2026105-HW13,STU2026105,ALG1-C,HW13,2026-10-15,Submitted,20,20.0,No,No
AS-STU2026105-HW14,STU2026105,ALG1-C,HW14,2026-10-19,Submitted,10,9.0,No,No
AS-STU2026105-HW15,STU2026105,ALG1-C,HW15,2026-10-21,Submitted,20,18.4,No,No
AS-STU2026105-HW16,STU2026105,ALG1-C,HW16,2026-10-23,Submitted,20,16.4,No,No
AS-STU2026105-HW17,STU2026105,ALG1-C,HW17,2026-10-27,Submitted,20,20.0,No,No
AS-STU2026105-HW18,STU2026105,ALG1-C,HW18,2026-10-29,Submitted,10,10.0,No,No
AS-STU2026106-HW01,STU2026106,ALG1-C,HW01,2026-09-11,Submitted,20,15.1,No,No
AS-STU2026106-HW02,STU2026106,ALG1-C,HW02,2026-09-15,Submitted,10,6.0,No,No
AS-STU2026106-HW03,STU2026106,ALG1-C,HW03,2026-09-17,Submitted,20,16.4,No,No
AS-STU2026106-HW04,STU2026106,ALG1-C,HW04,2026-09-21,Submitted,20,13.6,No,No
AS-STU2026106-HW05,STU2026106,ALG1-C,HW05,2026-09-23,Submitted,20,16.6,No,No
AS-STU2026106-HW06,STU2026106,ALG1-C,HW06,2026-09-25,Submitted,20,17.0,No,No
AS-STU2026106-HW07,STU2026106,ALG1-C,HW07,2026-09-29,Submitted,10,6.5,No,No
AS-STU2026106-HW08,STU2026106,ALG1-C,HW08,2026-10-01,Submitted,20,14.6,No,No
AS-STU2026106-HW09,STU2026106,ALG1-C,HW09,2026-10-05,Submitted,20,16.1,No,No
AS-STU2026106-HW10,STU2026106,ALG1-C,HW10,2026-10-07,Submitted,15,8.4,No,No
AS-STU2026106-HW11,STU2026106,ALG1-C,HW11,2026-10-10,Late,20,10.1,No,Yes
AS-STU2026106-HW12,STU2026106,ALG1-C,HW12,,Missing,20,0,Yes,No
AS-STU2026106-HW13,STU2026106,ALG1-C,HW13,,Missing,20,0,Yes,No
AS-STU2026106-HW14,STU2026106,ALG1-C,HW14,2026-10-19,Submitted,10,7.4,No,No
AS-STU2026106-HW15,STU2026106,ALG1-C,HW15,2026-10-21,Submitted,20,18.2,No,No
AS-STU2026106-HW16,STU2026106,ALG1-C,HW16,2026-10-23,Submitted,20,14.0,No,No
AS-STU2026106-HW17,STU2026106,ALG1-C,HW17,2026-10-27,Submitted,20,17.9,No,No
AS-STU2026106-HW18,STU2026106,ALG1-C,HW18,2026-10-29,Submitted,10,7.5,No,No
AS-STU2026107-HW01,STU2026107,ALG1-C,HW01,2026-09-11,Submitted,20,7.0,No,No
AS-STU2026107-HW02,STU2026107,ALG1-C,HW02,2026-09-15,Submitted,10,3.5,No,No
AS-STU2026107-HW03,STU2026107,ALG1-C,HW03,,Missing,20,0,Yes,No
AS-STU2026107-HW04,STU2026107,ALG1-C,HW04,2026-09-21,Submitted,20,10.3,No,No
AS-STU2026107-HW05,STU2026107,ALG1-C,HW05,2026-09-23,Submitted,20,10.3,No,No
AS-STU2026107-HW06,STU2026107,ALG1-C,HW06,2026-09-25,Submitted,20,7.0,No,No
AS-STU2026107-HW07,STU2026107,ALG1-C,HW07,2026-09-29,Submitted,10,5.5,No,No
AS-STU2026107-HW08,STU2026107,ALG1-C,HW08,,Missing,20,0,Yes,No
AS-STU2026107-HW09,STU2026107,ALG1-C,HW09,,Missing,20,0,Yes,No
AS-STU2026107-HW10,STU2026107,ALG1-C,HW10,,Missing,15,0,Yes,No
AS-STU2026107-HW11,STU2026107,ALG1-C,HW11,2026-10-09,Submitted,20,9.7,No,No
AS-STU2026107-HW12,STU2026107,ALG1-C,HW12,2026-10-13,Submitted,20,7.2,No,No
AS-STU2026107-HW13,STU2026107,ALG1-C,HW13,,Missing,20,0,Yes,No
AS-STU2026107-HW14,STU2026107,ALG1-C,HW14,2026-10-19,Submitted,10,5.2,No,No
AS-STU2026107-HW15,STU2026107,ALG1-C,HW15,,Missing,20,0,Yes,No
AS-STU2026107-HW16,STU2026107,ALG1-C,HW16,2026-10-23,Submitted,20,8.3,No,No
AS-STU2026107-HW17,STU2026107,ALG1-C,HW17,,Missing,20,0,Yes,No
AS-STU2026107-HW18,STU2026107,ALG1-C,HW18,2026-10-30,Late,10,5.3,No,Yes
AS-STU2026108-HW01,STU2026108,ALG1-C,HW01,2026-09-11,Submitted,20,15.0,No,No
AS-STU2026108-HW02,STU2026108,ALG1-C,HW02,2026-09-15,Submitted,10,5.6,No,No
AS-STU2026108-HW03,STU2026108,ALG1-C,HW03,2026-09-17,Submitted,20,8.3,No,No
AS-STU2026108-HW04,STU2026108,ALG1-C,HW04,2026-09-21,Submitted,20,11.9,No,No
AS-STU2026108-HW05,STU2026108,ALG1-C,HW05,2026-09-23,Submitted,20,10.4,No,No
AS-STU2026108-HW06,STU2026108,ALG1-C,HW06,,Missing,20,0,Yes,No
AS-STU2026108-HW07,STU2026108,ALG1-C,HW07,,Missing,10,0,Yes,No
AS-STU2026108-HW08,STU2026108,ALG1-C,HW08,2026-10-01,Submitted,20,10.2,No,No
AS-STU2026108-HW09,STU2026108,ALG1-C,HW09,2026-10-05,Submitted,20,12.8,No,No
AS-STU2026108-HW10,STU2026108,ALG1-C,HW10,2026-10-07,Submitted,15,8.9,No,No
AS-STU2026108-HW11,STU2026108,ALG1-C,HW11,2026-10-09,Submitted,20,9.9,No,No
AS-STU2026108-HW12,STU2026108,ALG1-C,HW12,2026-10-16,Late,20,11.6,No,Yes
AS-STU2026108-HW13,STU2026108,ALG1-C,HW13,2026-10-15,Submitted,20,14.8,No,No
AS-STU2026108-HW14,STU2026108,ALG1-C,HW14,,Missing,10,0,Yes,No
AS-STU2026108-HW15,STU2026108,ALG1-C,HW15,2026-10-21,Submitted,20,12.0,No,No
AS-STU2026108-HW16,STU2026108,ALG1-C,HW16,2026-10-23,Submitted,20,12.3,No,No
AS-STU2026108-HW17,STU2026108,ALG1-C,HW17,2026-10-27,Submitted,20,12.3,No,No
AS-STU2026108-HW18,STU2026108,ALG1-C,HW18,2026-10-29,Submitted,10,6.2,No,No
AS-STU2026109-HW01,STU2026109,ALG1-C,HW01,,Missing,20,0,Yes,No
AS-STU2026109-HW02,STU2026109,ALG1-C,HW02,2026-09-15,Submitted,10,6.9,No,No
AS-STU2026109-HW03,STU2026109,ALG1-C,HW03,2026-09-19,Late,20,13.6,No,Yes
AS-STU2026109-HW04,STU2026109,ALG1-C,HW04,2026-09-21,Submitted,20,19.0,No,No
AS-STU2026109-HW05,STU2026109,ALG1-C,HW05,2026-09-23,Submitted,20,14.5,No,No
AS-STU2026109-HW06,STU2026109,ALG1-C,HW06,2026-09-25,Submitted,20,10.3,No,No
AS-STU2026109-HW07,STU2026109,ALG1-C,HW07,2026-09-29,Submitted,10,7.6,No,No
AS-STU2026109-HW08,STU2026109,ALG1-C,HW08,2026-10-01,Submitted,20,11.8,No,No
AS-STU2026109-HW09,STU2026109,ALG1-C,HW09,2026-10-07,Late,20,12.4,No,Yes
AS-STU2026109-HW10,STU2026109,ALG1-C,HW10,,Missing,15,0,Yes,No
AS-STU2026109-HW11,STU2026109,ALG1-C,HW11,,Missing,20,0,Yes,No
AS-STU2026109-HW12,STU2026109,ALG1-C,HW12,2026-10-13,Submitted,20,12.7,No,No
AS-STU2026109-HW13,STU2026109,ALG1-C,HW13,2026-10-15,Submitted,20,12.9,No,No
AS-STU2026109-HW14,STU2026109,ALG1-C,HW14,2026-10-19,Submitted,10,6.2,No,No
AS-STU2026109-HW15,STU2026109,ALG1-C,HW15,2026-10-21,Submitted,20,11.2,No,No
AS-STU2026109-HW16,STU2026109,ALG1-C,HW16,2026-10-23,Submitted,20,15.4,No,No
AS-STU2026109-HW17,STU2026109,ALG1-C,HW17,2026-10-27,Submitted,20,18.8,No,No
AS-STU2026109-HW18,STU2026109,ALG1-C,HW18,2026-10-29,Submitted,10,8.7,No,No
AS-STU2026110-HW01,STU2026110,ALG1-C,HW01,2026-09-11,Submitted,20,14.2,No,No
AS-STU2026110-HW02,STU2026110,ALG1-C,HW02,2026-09-15,Submitted,10,6.6,No,No
AS-STU2026110-HW03,STU2026110,ALG1-C,HW03,2026-09-17,Submitted,20,18.1,No,No
AS-STU2026110-HW04,STU2026110,ALG1-C,HW04,,Missing,20,0,Yes,No
AS-STU2026110-HW05,STU2026110,ALG1-C,HW05,2026-09-26,Late,20,13.1,No,Yes
AS-STU2026110-HW06,STU2026110,ALG1-C,HW06,,Missing,20,0,Yes,No
AS-STU2026110-HW07,STU2026110,ALG1-C,HW07,2026-09-29,Submitted,10,7.0,No,No
AS-STU2026110-HW08,STU2026110,ALG1-C,HW08,2026-10-01,Submitted,20,11.1,No,No
AS-STU2026110-HW09,STU2026110,ALG1-C,HW09,2026-10-05,Submitted,20,17.7,No,No
AS-STU2026110-HW10,STU2026110,ALG1-C,HW10,2026-10-07,Submitted,15,13.8,No,No
AS-STU2026110-HW11,STU2026110,ALG1-C,HW11,2026-10-09,Submitted,20,16.0,No,No
AS-STU2026110-HW12,STU2026110,ALG1-C,HW12,2026-10-13,Submitted,20,10.3,No,No
AS-STU2026110-HW13,STU2026110,ALG1-C,HW13,2026-10-16,Late,20,14.0,No,Yes
AS-STU2026110-HW14,STU2026110,ALG1-C,HW14,2026-10-20,Late,10,6.7,No,Yes
AS-STU2026110-HW15,STU2026110,ALG1-C,HW15,2026-10-22,Late,20,14.9,No,Yes
AS-STU2026110-HW16,STU2026110,ALG1-C,HW16,2026-10-23,Submitted,20,15.2,No,No
AS-STU2026110-HW17,STU2026110,ALG1-C,HW17,2026-10-27,Submitted,20,11.8,No,No
AS-STU2026110-HW18,STU2026110,ALG1-C,HW18,2026-10-29,Submitted,10,7.2,No,No
AS-STU2026111-HW01,STU2026111,ALG1-C,HW01,2026-09-11,Submitted,20,13.6,No,No
AS-STU2026111-HW02,STU2026111,ALG1-C,HW02,,Missing,10,0,Yes,No
AS-STU2026111-HW03,STU2026111,ALG1-C,HW03,2026-09-17,Late,20,12.8,No,Yes
AS-STU2026111-HW04,STU2026111,ALG1-C,HW04,2026-09-21,Submitted,20,16.1,No,No
AS-STU2026111-HW05,STU2026111,ALG1-C,HW05,2026-09-23,Submitted,20,13.6,No,No
AS-STU2026111-HW06,STU2026111,ALG1-C,HW06,2026-09-25,Late,20,13.4,No,Yes
AS-STU2026111-HW07,STU2026111,ALG1-C,HW07,2026-09-29,Submitted,10,8.1,No,No
AS-STU2026111-HW08,STU2026111,ALG1-C,HW08,2026-10-01,Submitted,20,19.7,No,No
AS-STU2026111-HW09,STU2026111,ALG1-C,HW09,2026-10-05,Submitted,20,13.1,No,No
AS-STU2026111-HW10,STU2026111,ALG1-C,HW10,2026-10-07,Submitted,15,12.5,No,No
AS-STU2026111-HW11,STU2026111,ALG1-C,HW11,2026-10-09,Submitted,20,12.1,No,No
AS-STU2026111-HW12,STU2026111,ALG1-C,HW12,2026-10-13,Submitted,20,19.9,No,No
AS-STU2026111-HW13,STU2026111,ALG1-C,HW13,2026-10-15,Submitted,20,12.5,No,No
AS-STU2026111-HW14,STU2026111,ALG1-C,HW14,2026-10-19,Submitted,10,7.4,No,No
AS-STU2026111-HW15,STU2026111,ALG1-C,HW15,,Missing,20,0,Yes,No
AS-STU2026111-HW16,STU2026111,ALG1-C,HW16,2026-10-23,Submitted,20,17.2,No,No
AS-STU2026111-HW17,STU2026111,ALG1-C,HW17,,Missing,20,0,Yes,No
AS-STU2026111-HW18,STU2026111,ALG1-C,HW18,2026-10-29,Submitted,10,5.8,No,No
AS-STU2026112-HW01,STU2026112,ALG1-C,HW01,2026-09-11,Submitted,20,16.9,No,No
AS-STU2026112-HW02,STU2026112,ALG1-C,HW02,2026-09-15,Submitted,10,9.6,No,No
AS-STU2026112-HW03,STU2026112,ALG1-C,HW03,2026-09-17,Submitted,20,16.6,No,No
AS-STU2026112-HW04,STU2026112,ALG1-C,HW04,2026-09-21,Submitted,20,12.9,No,No
AS-STU2026112-HW05,STU2026112,ALG1-C,HW05,2026-09-23,Submitted,20,18.5,No,No
AS-STU2026112-HW06,STU2026112,ALG1-C,HW06,2026-09-25,Late,20,17.1,No,Yes
AS-STU2026112-HW07,STU2026112,ALG1-C,HW07,2026-09-29,Submitted,10,7.6,No,No
AS-STU2026112-HW08,STU2026112,ALG1-C,HW08,2026-10-04,Late,20,12.9,No,Yes
AS-STU2026112-HW09,STU2026112,ALG1-C,HW09,2026-10-05,Submitted,20,19.1,No,No
AS-STU2026112-HW10,STU2026112,ALG1-C,HW10,2026-10-07,Submitted,15,13.9,No,No
AS-STU2026112-HW11,STU2026112,ALG1-C,HW11,2026-10-09,Submitted,20,16.9,No,No
AS-STU2026112-HW12,STU2026112,ALG1-C,HW12,,Missing,20,0,Yes,No
AS-STU2026112-HW13,STU2026112,ALG1-C,HW13,,Missing,20,0,Yes,No
AS-STU2026112-HW14,STU2026112,ALG1-C,HW14,2026-10-19,Submitted,10,8.7,No,No
AS-STU2026112-HW15,STU2026112,ALG1-C,HW15,2026-10-21,Submitted,20,10.6,No,No
AS-STU2026112-HW16,STU2026112,ALG1-C,HW16,2026-10-23,Submitted,20,14.6,No,No
AS-STU2026112-HW17,STU2026112,ALG1-C,HW17,2026-10-27,Submitted,20,14.5,No,No
AS-STU2026112-HW18,STU2026112,ALG1-C,HW18,2026-10-29,Submitted,10,8.6,No,No
AS-STU2026113-HW01,STU2026113,ALG1-C,HW01,2026-09-11,Submitted,20,18.6,No,No
AS-STU2026113-HW02,STU2026113,ALG1-C,HW02,2026-09-15,Submitted,10,7.8,No,No
AS-STU2026113-HW03,STU2026113,ALG1-C,HW03,2026-09-17,Submitted,20,20.0,No,No
AS-STU2026113-HW04,STU2026113,ALG1-C,HW04,2026-09-21,Submitted,20,20.0,No,No
AS-STU2026113-HW05,STU2026113,ALG1-C,HW05,2026-09-23,Submitted,20,14.8,No,No
AS-STU2026113-HW06,STU2026113,ALG1-C,HW06,2026-09-25,Submitted,20,20.0,No,No
AS-STU2026113-HW07,STU2026113,ALG1-C,HW07,2026-09-29,Submitted,10,7.6,No,No
AS-STU2026113-HW08,STU2026113,ALG1-C,HW08,2026-10-01,Submitted,20,17.0,No,No
AS-STU2026113-HW09,STU2026113,ALG1-C,HW09,2026-10-05,Submitted,20,16.6,No,No
AS-STU2026113-HW10,STU2026113,ALG1-C,HW10,2026-10-07,Submitted,15,12.2,No,No
AS-STU2026113-HW11,STU2026113,ALG1-C,HW11,2026-10-09,Submitted,20,15.6,No,No
AS-STU2026113-HW12,STU2026113,ALG1-C,HW12,,Missing,20,0,Yes,No
AS-STU2026113-HW13,STU2026113,ALG1-C,HW13,2026-10-15,Late,20,15.4,No,Yes
AS-STU2026113-HW14,STU2026113,ALG1-C,HW14,2026-10-19,Submitted,10,10.0,No,No
AS-STU2026113-HW15,STU2026113,ALG1-C,HW15,2026-10-21,Submitted,20,20.0,No,No
AS-STU2026113-HW16,STU2026113,ALG1-C,HW16,2026-10-23,Submitted,20,18.9,No,No
AS-STU2026113-HW17,STU2026113,ALG1-C,HW17,2026-10-27,Submitted,20,18.5,No,No
AS-STU2026113-HW18,STU2026113,ALG1-C,HW18,2026-10-29,Submitted,10,8.7,No,No
AS-STU2026114-HW01,STU2026114,ALG1-C,HW01,2026-09-11,Submitted,20,13.1,No,No
AS-STU2026114-HW02,STU2026114,ALG1-C,HW02,,Missing,10,0,Yes,No
AS-STU2026114-HW03,STU2026114,ALG1-C,HW03,2026-09-17,Submitted,20,14.5,No,No
AS-STU2026114-HW04,STU2026114,ALG1-C,HW04,2026-09-21,Submitted,20,18.3,No,No
AS-STU2026114-HW05,STU2026114,ALG1-C,HW05,2026-09-23,Submitted,20,17.6,No,No
AS-STU2026114-HW06,STU2026114,ALG1-C,HW06,2026-09-25,Submitted,20,14.4,No,No
AS-STU2026114-HW07,STU2026114,ALG1-C,HW07,2026-09-29,Submitted,10,8.0,No,No
AS-STU2026114-HW08,STU2026114,ALG1-C,HW08,,Missing,20,0,Yes,No
AS-STU2026114-HW09,STU2026114,ALG1-C,HW09,,Missing,20,0,Yes,No
AS-STU2026114-HW10,STU2026114,ALG1-C,HW10,2026-10-07,Submitted,15,14.2,No,No
AS-STU2026114-HW11,STU2026114,ALG1-C,HW11,,Missing,20,0,Yes,No
AS-STU2026114-HW12,STU2026114,ALG1-C,HW12,2026-10-13,Submitted,20,15.3,No,No
AS-STU2026114-HW13,STU2026114,ALG1-C,HW13,2026-10-15,Submitted,20,16.6,No,No
AS-STU2026114-HW14,STU2026114,ALG1-C,HW14,2026-10-19,Submitted,10,9.0,No,No
AS-STU2026114-HW15,STU2026114,ALG1-C,HW15,2026-10-21,Submitted,20,17.9,No,No
AS-STU2026114-HW16,STU2026114,ALG1-C,HW16,2026-10-23,Submitted,20,14.9,No,No
AS-STU2026114-HW17,STU2026114,ALG1-C,HW17,2026-10-27,Submitted,20,11.9,No,No
AS-STU2026114-HW18,STU2026114,ALG1-C,HW18,,Missing,10,0,Yes,No
AS-STU2026115-HW01,STU2026115,ALG1-C,HW01,2026-09-11,Submitted,20,12.1,No,No
AS-STU2026115-HW02,STU2026115,ALG1-C,HW02,2026-09-15,Submitted,10,8.8,No,No
AS-STU2026115-HW03,STU2026115,ALG1-C,HW03,2026-09-17,Submitted,20,19.3,No,No
AS-STU2026115-HW04,STU2026115,ALG1-C,HW04,2026-09-21,Submitted,20,12.6,No,No
AS-STU2026115-HW05,STU2026115,ALG1-C,HW05,2026-09-23,Submitted,20,14.8,No,No
AS-STU2026115-HW06,STU2026115,ALG1-C,HW06,2026-09-25,Submitted,20,17.5,No,No
AS-STU2026115-HW07,STU2026115,ALG1-C,HW07,2026-09-29,Submitted,10,10.0,No,No
AS-STU2026115-HW08,STU2026115,ALG1-C,HW08,,Missing,20,0,Yes,No
AS-STU2026115-HW09,STU2026115,ALG1-C,HW09,2026-10-05,Submitted,20,13.3,No,No
AS-STU2026115-HW10,STU2026115,ALG1-C,HW10,2026-10-07,Late,15,9.7,No,Yes
AS-STU2026115-HW11,STU2026115,ALG1-C,HW11,2026-10-09,Submitted,20,17.3,No,No
AS-STU2026115-HW12,STU2026115,ALG1-C,HW12,2026-10-13,Late,20,15.6,No,Yes
AS-STU2026115-HW13,STU2026115,ALG1-C,HW13,2026-10-15,Submitted,20,19.0,No,No
AS-STU2026115-HW14,STU2026115,ALG1-C,HW14,2026-10-19,Submitted,10,8.9,No,No
AS-STU2026115-HW15,STU2026115,ALG1-C,HW15,2026-10-21,Submitted,20,19.7,No,No
AS-STU2026115-HW16,STU2026115,ALG1-C,HW16,2026-10-23,Submitted,20,18.3,No,No
AS-STU2026115-HW17,STU2026115,ALG1-C,HW17,2026-10-27,Submitted,20,19.7,No,No
AS-STU2026115-HW18,STU2026115,ALG1-C,HW18,2026-10-29,Submitted,10,8.3,No,No
AS-STU2026116-HW01,STU2026116,ALG1-C,HW01,,Missing,20,0,Yes,No
AS-STU2026116-HW02,STU2026116,ALG1-C,HW02,2026-09-15,Submitted,10,7.5,No,No
AS-STU2026116-HW03,STU2026116,ALG1-C,HW03,2026-09-17,Submitted,20,15.4,No,No
AS-STU2026116-HW04,STU2026116,ALG1-C,HW04,2026-09-21,Submitted,20,14.7,No,No
AS-STU2026116-HW05,STU2026116,ALG1-C,HW05,2026-09-23,Submitted,20,11.8,No,No
AS-STU2026116-HW06,STU2026116,ALG1-C,HW06,2026-09-25,Submitted,20,16.5,No,No
AS-STU2026116-HW07,STU2026116,ALG1-C,HW07,2026-09-29,Submitted,10,5.1,No,No
AS-STU2026116-HW08,STU2026116,ALG1-C,HW08,,Missing,20,0,Yes,No
AS-STU2026116-HW09,STU2026116,ALG1-C,HW09,2026-10-05,Submitted,20,12.2,No,No
AS-STU2026116-HW10,STU2026116,ALG1-C,HW10,,Missing,15,0,Yes,No
AS-STU2026116-HW11,STU2026116,ALG1-C,HW11,2026-10-09,Submitted,20,13.7,No,No
AS-STU2026116-HW12,STU2026116,ALG1-C,HW12,2026-10-13,Submitted,20,13.6,No,No
AS-STU2026116-HW13,STU2026116,ALG1-C,HW13,2026-10-15,Submitted,20,9.0,No,No
AS-STU2026116-HW14,STU2026116,ALG1-C,HW14,,Missing,10,0,Yes,No
AS-STU2026116-HW15,STU2026116,ALG1-C,HW15,2026-10-21,Submitted,20,15.5,No,No
AS-STU2026116-HW16,STU2026116,ALG1-C,HW16,2026-10-23,Submitted,20,14.0,No,No
AS-STU2026116-HW17,STU2026116,ALG1-C,HW17,2026-10-27,Late,20,10.2,No,Yes
AS-STU2026116-HW18,STU2026116,ALG1-C,HW18,2026-10-29,Submitted,10,6.7,No,No
AS-STU2026117-HW01,STU2026117,ALG1-C,HW01,2026-09-11,Submitted,20,19.1,No,No
AS-STU2026117-HW02,STU2026117,ALG1-C,HW02,2026-09-15,Submitted,10,9.1,No,No
AS-STU2026117-HW03,STU2026117,ALG1-C,HW03,2026-09-17,Submitted,20,16.0,No,No
AS-STU2026117-HW04,STU2026117,ALG1-C,HW04,2026-09-21,Submitted,20,16.8,No,No
AS-STU2026117-HW05,STU2026117,ALG1-C,HW05,2026-09-23,Submitted,20,20.0,No,No
AS-STU2026117-HW06,STU2026117,ALG1-C,HW06,2026-09-25,Submitted,20,20.0,No,No
AS-STU2026117-HW07,STU2026117,ALG1-C,HW07,2026-09-29,Submitted,10,7.3,No,No
AS-STU2026117-HW08,STU2026117,ALG1-C,HW08,2026-10-01,Submitted,20,13.6,No,No
AS-STU2026117-HW09,STU2026117,ALG1-C,HW09,,Missing,20,0,Yes,No
AS-STU2026117-HW10,STU2026117,ALG1-C,HW10,2026-10-07,Submitted,15,13.0,No,No
AS-STU2026117-HW11,STU2026117,ALG1-C,HW11,2026-10-09,Submitted,20,19.0,No,No
AS-STU2026117-HW12,STU2026117,ALG1-C,HW12,2026-10-13,Submitted,20,17.1,No,No
AS-STU2026117-HW13,STU2026117,ALG1-C,HW13,2026-10-15,Submitted,20,17.1,No,No
AS-STU2026117-HW14,STU2026117,ALG1-C,HW14,2026-10-19,Submitted,10,6.5,No,No
AS-STU2026117-HW15,STU2026117,ALG1-C,HW15,2026-10-21,Submitted,20,12.3,No,No
AS-STU2026117-HW16,STU2026117,ALG1-C,HW16,,Missing,20,0,Yes,No
AS-STU2026117-HW17,STU2026117,ALG1-C,HW17,,Missing,20,0,Yes,No
AS-STU2026117-HW18,STU2026117,ALG1-C,HW18,,Missing,10,0,Yes,No
AS-STU2026118-HW01,STU2026118,ALG1-C,HW01,2026-09-11,Submitted,20,13.5,No,No
AS-STU2026118-HW02,STU2026118,ALG1-C,HW02,2026-09-15,Submitted,10,5.9,No,No
AS-STU2026118-HW03,STU2026118,ALG1-C,HW03,2026-09-17,Submitted,20,14.1,No,No
AS-STU2026118-HW04,STU2026118,ALG1-C,HW04,2026-09-21,Submitted,20,17.0,No,No
AS-STU2026118-HW05,STU2026118,ALG1-C,HW05,2026-09-23,Late,20,18.0,No,Yes
AS-STU2026118-HW06,STU2026118,ALG1-C,HW06,2026-09-25,Submitted,20,12.6,No,No
AS-STU2026118-HW07,STU2026118,ALG1-C,HW07,2026-09-29,Submitted,10,10.0,No,No
AS-STU2026118-HW08,STU2026118,ALG1-C,HW08,2026-10-01,Submitted,20,13.5,No,No
AS-STU2026118-HW09,STU2026118,ALG1-C,HW09,2026-10-05,Submitted,20,19.2,No,No
AS-STU2026118-HW10,STU2026118,ALG1-C,HW10,2026-10-07,Submitted,15,12.7,No,No
AS-STU2026118-HW11,STU2026118,ALG1-C,HW11,2026-10-09,Submitted,20,17.8,No,No
AS-STU2026118-HW12,STU2026118,ALG1-C,HW12,,Missing,20,0,Yes,No
AS-STU2026118-HW13,STU2026118,ALG1-C,HW13,2026-10-15,Submitted,20,17.4,No,No
AS-STU2026118-HW14,STU2026118,ALG1-C,HW14,2026-10-19,Submitted,10,7.6,No,No
AS-STU2026118-HW15,STU2026118,ALG1-C,HW15,2026-10-21,Submitted,20,15.4,No,No
AS-STU2026118-HW16,STU2026118,ALG1-C,HW16,2026-10-23,Submitted,20,13.5,No,No
AS-STU2026118-HW17,STU2026118,ALG1-C,HW17,,Missing,20,0,Yes,No
AS-STU2026118-HW18,STU2026118,ALG1-C,HW18,2026-10-29,Submitted,10,9.4,No,No
AS-STU2026119-HW01,STU2026119,ALG1-C,HW01,,Missing,20,0,Yes,No
AS-STU2026119-HW02,STU2026119,ALG1-C,HW02,,Missing,10,0,Yes,No
AS-STU2026119-HW03,STU2026119,ALG1-C,HW03,2026-09-17,Submitted,20,15.5,No,No
AS-STU2026119-HW04,STU2026119,ALG1-C,HW04,2026-09-22,Late,20,13.2,No,Yes
AS-STU2026119-HW05,STU2026119,ALG1-C,HW05,2026-09-25,Late,20,14.0,No,Yes
AS-STU2026119-HW06,STU2026119,ALG1-C,HW06,2026-09-25,Submitted,20,16.8,No,No
AS-STU2026119-HW07,STU2026119,ALG1-C,HW07,,Missing,10,0,Yes,No
AS-STU2026119-HW08,STU2026119,ALG1-C,HW08,2026-10-04,Late,20,12.7,No,Yes
AS-STU2026119-HW09,STU2026119,ALG1-C,HW09,2026-10-05,Submitted,20,12.4,No,No
AS-STU2026119-HW10,STU2026119,ALG1-C,HW10,2026-10-07,Submitted,15,10.5,No,No
AS-STU2026119-HW11,STU2026119,ALG1-C,HW11,2026-10-09,Submitted,20,9.5,No,No
AS-STU2026119-HW12,STU2026119,ALG1-C,HW12,2026-10-13,Submitted,20,18.4,No,No
AS-STU2026119-HW13,STU2026119,ALG1-C,HW13,2026-10-15,Submitted,20,14.7,No,No
AS-STU2026119-HW14,STU2026119,ALG1-C,HW14,2026-10-19,Submitted,10,7.7,No,No
AS-STU2026119-HW15,STU2026119,ALG1-C,HW15,2026-10-21,Submitted,20,15.6,No,No
AS-STU2026119-HW16,STU2026119,ALG1-C,HW16,2026-10-23,Submitted,20,12.4,No,No
AS-STU2026119-HW17,STU2026119,ALG1-C,HW17,2026-10-27,Submitted,20,15.6,No,No
AS-STU2026119-HW18,STU2026119,ALG1-C,HW18,2026-10-29,Submitted,10,6.6,No,No
AS-STU2026120-HW01,STU2026120,ALG1-C,HW01,2026-09-11,Submitted,20,14.8,No,No
AS-STU2026120-HW02,STU2026120,ALG1-C,HW02,2026-09-15,Submitted,10,8.5,No,No
AS-STU2026120-HW03,STU2026120,ALG1-C,HW03,2026-09-17,Submitted,20,18.4,No,No
AS-STU2026120-HW04,STU2026120,ALG1-C,HW04,2026-09-21,Submitted,20,17.5,No,No
AS-STU2026120-HW05,STU2026120,ALG1-C,HW05,2026-09-23,Submitted,20,18.3,No,No
AS-STU2026120-HW06,STU2026120,ALG1-C,HW06,2026-09-25,Submitted,20,20.0,No,No
AS-STU2026120-HW07,STU2026120,ALG1-C,HW07,2026-09-29,Late,10,7.7,No,Yes
AS-STU2026120-HW08,STU2026120,ALG1-C,HW08,,Missing,20,0,Yes,No
AS-STU2026120-HW09,STU2026120,ALG1-C,HW09,2026-10-05,Late,20,15.8,No,Yes
AS-STU2026120-HW10,STU2026120,ALG1-C,HW10,2026-10-07,Submitted,15,13.2,No,No
AS-STU2026120-HW11,STU2026120,ALG1-C,HW11,2026-10-09,Submitted,20,17.9,No,No
AS-STU2026120-HW12,STU2026120,ALG1-C,HW12,2026-10-13,Submitted,20,19.8,No,No
AS-STU2026120-HW13,STU2026120,ALG1-C,HW13,2026-10-15,Submitted,20,18.7,No,No
AS-STU2026120-HW14,STU2026120,ALG1-C,HW14,2026-10-19,Late,10,9.0,No,Yes
AS-STU2026120-HW15,STU2026120,ALG1-C,HW15,2026-10-21,Submitted,20,20.0,No,No
AS-STU2026120-HW16,STU2026120,ALG1-C,HW16,2026-10-23,Submitted,20,16.2,No,No
AS-STU2026120-HW17,STU2026120,ALG1-C,HW17,2026-10-27,Submitted,20,15.4,No,No
AS-STU2026120-HW18,STU2026120,ALG1-C,HW18,2026-10-29,Submitted,10,9.2,No,No
AS-STU2026121-HW01,STU2026121,ALG1-D,HW01,2026-09-11,Submitted,20,16.3,No,No
AS-STU2026121-HW02,STU2026121,ALG1-D,HW02,2026-09-15,Submitted,10,8.7,No,No
AS-STU2026121-HW03,STU2026121,ALG1-D,HW03,2026-09-17,Submitted,20,17.5,No,No
AS-STU2026121-HW04,STU2026121,ALG1-D,HW04,2026-09-21,Submitted,20,11.6,No,No
AS-STU2026121-HW05,STU2026121,ALG1-D,HW05,2026-09-23,Submitted,20,17.5,No,No
AS-STU2026121-HW06,STU2026121,ALG1-D,HW06,2026-09-25,Submitted,20,13.4,No,No
AS-STU2026121-HW07,STU2026121,ALG1-D,HW07,2026-09-29,Submitted,10,9.5,No,No
AS-STU2026121-HW08,STU2026121,ALG1-D,HW08,2026-10-01,Submitted,20,12.7,No,No
AS-STU2026121-HW09,STU2026121,ALG1-D,HW09,2026-10-07,Late,20,14.3,No,Yes
AS-STU2026121-HW10,STU2026121,ALG1-D,HW10,2026-10-07,Submitted,15,15.0,No,No
AS-STU2026121-HW11,STU2026121,ALG1-D,HW11,2026-10-09,Submitted,20,13.1,No,No
AS-STU2026121-HW12,STU2026121,ALG1-D,HW12,2026-10-13,Submitted,20,14.5,No,No
AS-STU2026121-HW13,STU2026121,ALG1-D,HW13,2026-10-15,Submitted,20,16.5,No,No
AS-STU2026121-HW14,STU2026121,ALG1-D,HW14,2026-10-19,Submitted,10,6.8,No,No
AS-STU2026121-HW15,STU2026121,ALG1-D,HW15,2026-10-21,Submitted,20,19.4,No,No
AS-STU2026121-HW16,STU2026121,ALG1-D,HW16,2026-10-23,Submitted,20,20.0,No,No
AS-STU2026121-HW17,STU2026121,ALG1-D,HW17,2026-10-27,Submitted,20,18.8,No,No
AS-STU2026121-HW18,STU2026121,ALG1-D,HW18,2026-10-29,Submitted,10,7.5,No,No
AS-STU2026122-HW01,STU2026122,ALG1-D,HW01,,Missing,20,0,Yes,No
AS-STU2026122-HW02,STU2026122,ALG1-D,HW02,2026-09-15,Submitted,10,6.9,No,No
AS-STU2026122-HW03,STU2026122,ALG1-D,HW03,2026-09-19,Late,20,9.2,No,Yes
AS-STU2026122-HW04,STU2026122,ALG1-D,HW04,2026-09-21,Submitted,20,10.0,No,No
AS-STU2026122-HW05,STU2026122,ALG1-D,HW05,,Missing,20,0,Yes,No
AS-STU2026122-HW06,STU2026122,ALG1-D,HW06,2026-09-25,Submitted,20,14.2,No,No
AS-STU2026122-HW07,STU2026122,ALG1-D,HW07,2026-09-29,Submitted,10,5.1,No,No
AS-STU2026122-HW08,STU2026122,ALG1-D,HW08,,Missing,20,0,Yes,No
AS-STU2026122-HW09,STU2026122,ALG1-D,HW09,,Missing,20,0,Yes,No
AS-STU2026122-HW10,STU2026122,ALG1-D,HW10,2026-10-08,Late,15,7.8,No,Yes
AS-STU2026122-HW11,STU2026122,ALG1-D,HW11,2026-10-09,Submitted,20,8.1,No,No
AS-STU2026122-HW12,STU2026122,ALG1-D,HW12,2026-10-16,Late,20,11.6,No,Yes
AS-STU2026122-HW13,STU2026122,ALG1-D,HW13,2026-10-15,Late,20,8.8,No,Yes
AS-STU2026122-HW14,STU2026122,ALG1-D,HW14,,Missing,10,0,Yes,No
AS-STU2026122-HW15,STU2026122,ALG1-D,HW15,2026-10-21,Submitted,20,10.8,No,No
AS-STU2026122-HW16,STU2026122,ALG1-D,HW16,2026-10-23,Submitted,20,14.3,No,No
AS-STU2026122-HW17,STU2026122,ALG1-D,HW17,2026-10-29,Late,20,14.3,No,Yes
AS-STU2026122-HW18,STU2026122,ALG1-D,HW18,2026-10-29,Late,10,7.3,No,Yes
AS-STU2026123-HW01,STU2026123,ALG1-D,HW01,2026-09-11,Submitted,20,14.8,No,No
AS-STU2026123-HW02,STU2026123,ALG1-D,HW02,2026-09-15,Submitted,10,6.9,No,No
AS-STU2026123-HW03,STU2026123,ALG1-D,HW03,2026-09-17,Submitted,20,14.9,No,No
AS-STU2026123-HW04,STU2026123,ALG1-D,HW04,2026-09-21,Submitted,20,12.4,No,No
AS-STU2026123-HW05,STU2026123,ALG1-D,HW05,2026-09-23,Submitted,20,19.6,No,No
AS-STU2026123-HW06,STU2026123,ALG1-D,HW06,2026-09-25,Submitted,20,13.2,No,No
AS-STU2026123-HW07,STU2026123,ALG1-D,HW07,2026-09-29,Submitted,10,7.2,No,No
AS-STU2026123-HW08,STU2026123,ALG1-D,HW08,2026-10-01,Submitted,20,16.0,No,No
AS-STU2026123-HW09,STU2026123,ALG1-D,HW09,2026-10-05,Submitted,20,12.5,No,No
AS-STU2026123-HW10,STU2026123,ALG1-D,HW10,2026-10-07,Submitted,15,8.7,No,No
AS-STU2026123-HW11,STU2026123,ALG1-D,HW11,2026-10-09,Submitted,20,15.7,No,No
AS-STU2026123-HW12,STU2026123,ALG1-D,HW12,2026-10-13,Submitted,20,17.9,No,No
AS-STU2026123-HW13,STU2026123,ALG1-D,HW13,2026-10-15,Submitted,20,13.7,No,No
AS-STU2026123-HW14,STU2026123,ALG1-D,HW14,,Missing,10,0,Yes,No
AS-STU2026123-HW15,STU2026123,ALG1-D,HW15,2026-10-24,Late,20,10.7,No,Yes
AS-STU2026123-HW16,STU2026123,ALG1-D,HW16,2026-10-23,Submitted,20,9.6,No,No
AS-STU2026123-HW17,STU2026123,ALG1-D,HW17,2026-10-27,Submitted,20,17.9,No,No
AS-STU2026123-HW18,STU2026123,ALG1-D,HW18,2026-10-29,Submitted,10,7.4,No,No
AS-STU2026124-HW01,STU2026124,ALG1-D,HW01,,Missing,20,0,Yes,No
AS-STU2026124-HW02,STU2026124,ALG1-D,HW02,2026-09-15,Submitted,10,4.8,No,No
AS-STU2026124-HW03,STU2026124,ALG1-D,HW03,2026-09-17,Submitted,20,10.4,No,No
AS-STU2026124-HW04,STU2026124,ALG1-D,HW04,2026-09-21,Submitted,20,10.3,No,No
AS-STU2026124-HW05,STU2026124,ALG1-D,HW05,2026-09-23,Submitted,20,11.3,No,No
AS-STU2026124-HW06,STU2026124,ALG1-D,HW06,2026-09-25,Submitted,20,11.2,No,No
AS-STU2026124-HW07,STU2026124,ALG1-D,HW07,,Missing,10,0,Yes,No
AS-STU2026124-HW08,STU2026124,ALG1-D,HW08,2026-10-01,Submitted,20,14.7,No,No
AS-STU2026124-HW09,STU2026124,ALG1-D,HW09,,Missing,20,0,Yes,No
AS-STU2026124-HW10,STU2026124,ALG1-D,HW10,,Missing,15,0,Yes,No
AS-STU2026124-HW11,STU2026124,ALG1-D,HW11,2026-10-09,Submitted,20,10.2,No,No
AS-STU2026124-HW12,STU2026124,ALG1-D,HW12,2026-10-14,Late,20,8.3,No,Yes
AS-STU2026124-HW13,STU2026124,ALG1-D,HW13,,Missing,20,0,Yes,No
AS-STU2026124-HW14,STU2026124,ALG1-D,HW14,2026-10-19,Submitted,10,7.2,No,No
AS-STU2026124-HW15,STU2026124,ALG1-D,HW15,2026-10-21,Submitted,20,11.1,No,No
AS-STU2026124-HW16,STU2026124,ALG1-D,HW16,2026-10-23,Submitted,20,14.7,No,No
AS-STU2026124-HW17,STU2026124,ALG1-D,HW17,2026-10-27,Submitted,20,7.4,No,No
AS-STU2026124-HW18,STU2026124,ALG1-D,HW18,2026-10-29,Submitted,10,3.7,No,No
AS-STU2026125-HW01,STU2026125,ALG1-D,HW01,2026-09-11,Submitted,20,13.0,No,No
AS-STU2026125-HW02,STU2026125,ALG1-D,HW02,2026-09-16,Late,10,6.5,No,Yes
AS-STU2026125-HW03,STU2026125,ALG1-D,HW03,,Missing,20,0,Yes,No
AS-STU2026125-HW04,STU2026125,ALG1-D,HW04,2026-09-21,Submitted,20,12.7,No,No
AS-STU2026125-HW05,STU2026125,ALG1-D,HW05,2026-09-23,Submitted,20,16.0,No,No
AS-STU2026125-HW06,STU2026125,ALG1-D,HW06,2026-09-25,Submitted,20,16.5,No,No
AS-STU2026125-HW07,STU2026125,ALG1-D,HW07,2026-09-30,Late,10,6.7,No,Yes
AS-STU2026125-HW08,STU2026125,ALG1-D,HW08,2026-10-01,Submitted,20,13.7,No,No
AS-STU2026125-HW09,STU2026125,ALG1-D,HW09,2026-10-05,Submitted,20,16.5,No,No
AS-STU2026125-HW10,STU2026125,ALG1-D,HW10,2026-10-07,Submitted,15,10.6,No,No
AS-STU2026125-HW11,STU2026125,ALG1-D,HW11,2026-10-09,Submitted,20,8.8,No,No
AS-STU2026125-HW12,STU2026125,ALG1-D,HW12,2026-10-13,Submitted,20,15.3,No,No
AS-STU2026125-HW13,STU2026125,ALG1-D,HW13,2026-10-15,Submitted,20,15.7,No,No
AS-STU2026125-HW14,STU2026125,ALG1-D,HW14,2026-10-19,Submitted,10,8.2,No,No
AS-STU2026125-HW15,STU2026125,ALG1-D,HW15,,Missing,20,0,Yes,No
AS-STU2026125-HW16,STU2026125,ALG1-D,HW16,,Missing,20,0,Yes,No
AS-STU2026125-HW17,STU2026125,ALG1-D,HW17,2026-10-27,Submitted,20,14.3,No,No
AS-STU2026125-HW18,STU2026125,ALG1-D,HW18,2026-10-30,Late,10,6.0,No,Yes
AS-STU2026126-HW01,STU2026126,ALG1-D,HW01,2026-09-11,Submitted,20,14.9,No,No
AS-STU2026126-HW02,STU2026126,ALG1-D,HW02,2026-09-15,Submitted,10,8.9,No,No
AS-STU2026126-HW03,STU2026126,ALG1-D,HW03,2026-09-17,Submitted,20,17.6,No,No
AS-STU2026126-HW04,STU2026126,ALG1-D,HW04,2026-09-22,Late,20,11.9,No,Yes
AS-STU2026126-HW05,STU2026126,ALG1-D,HW05,2026-09-23,Submitted,20,14.1,No,No
AS-STU2026126-HW06,STU2026126,ALG1-D,HW06,2026-09-25,Submitted,20,18.5,No,No
AS-STU2026126-HW07,STU2026126,ALG1-D,HW07,2026-09-29,Submitted,10,9.1,No,No
AS-STU2026126-HW08,STU2026126,ALG1-D,HW08,2026-10-01,Submitted,20,11.8,No,No
AS-STU2026126-HW09,STU2026126,ALG1-D,HW09,2026-10-05,Submitted,20,18.1,No,No
AS-STU2026126-HW10,STU2026126,ALG1-D,HW10,2026-10-07,Submitted,15,11.9,No,No
AS-STU2026126-HW11,STU2026126,ALG1-D,HW11,2026-10-09,Submitted,20,15.9,No,No
AS-STU2026126-HW12,STU2026126,ALG1-D,HW12,2026-10-13,Submitted,20,16.5,No,No
AS-STU2026126-HW13,STU2026126,ALG1-D,HW13,2026-10-15,Submitted,20,18.9,No,No
AS-STU2026126-HW14,STU2026126,ALG1-D,HW14,2026-10-19,Submitted,10,9.0,No,No
AS-STU2026126-HW15,STU2026126,ALG1-D,HW15,2026-10-24,Late,20,14.4,No,Yes
AS-STU2026126-HW16,STU2026126,ALG1-D,HW16,2026-10-25,Late,20,14.1,No,Yes
AS-STU2026126-HW17,STU2026126,ALG1-D,HW17,2026-10-27,Submitted,20,15.1,No,No
AS-STU2026126-HW18,STU2026126,ALG1-D,HW18,2026-10-29,Submitted,10,8.5,No,No
AS-STU2026127-HW01,STU2026127,ALG1-D,HW01,,Missing,20,0,Yes,No
AS-STU2026127-HW02,STU2026127,ALG1-D,HW02,2026-09-15,Submitted,10,6.8,No,No
AS-STU2026127-HW03,STU2026127,ALG1-D,HW03,2026-09-17,Submitted,20,13.1,No,No
AS-STU2026127-HW04,STU2026127,ALG1-D,HW04,2026-09-21,Submitted,20,12.8,No,No
AS-STU2026127-HW05,STU2026127,ALG1-D,HW05,2026-09-23,Submitted,20,16.0,No,No
AS-STU2026127-HW06,STU2026127,ALG1-D,HW06,2026-09-25,Submitted,20,11.8,No,No
AS-STU2026127-HW07,STU2026127,ALG1-D,HW07,,Missing,10,0,Yes,No
AS-STU2026127-HW08,STU2026127,ALG1-D,HW08,2026-10-01,Submitted,20,19.8,No,No
AS-STU2026127-HW09,STU2026127,ALG1-D,HW09,2026-10-05,Submitted,20,20.0,No,No
AS-STU2026127-HW10,STU2026127,ALG1-D,HW10,2026-10-07,Submitted,15,11.1,No,No
AS-STU2026127-HW11,STU2026127,ALG1-D,HW11,2026-10-09,Submitted,20,15.4,No,No
AS-STU2026127-HW12,STU2026127,ALG1-D,HW12,2026-10-13,Submitted,20,15.7,No,No
AS-STU2026127-HW13,STU2026127,ALG1-D,HW13,2026-10-15,Late,20,15.3,No,Yes
AS-STU2026127-HW14,STU2026127,ALG1-D,HW14,2026-10-19,Submitted,10,9.4,No,No
AS-STU2026127-HW15,STU2026127,ALG1-D,HW15,2026-10-21,Submitted,20,15.6,No,No
AS-STU2026127-HW16,STU2026127,ALG1-D,HW16,2026-10-23,Submitted,20,18.4,No,No
AS-STU2026127-HW17,STU2026127,ALG1-D,HW17,2026-10-27,Submitted,20,11.9,No,No
AS-STU2026127-HW18,STU2026127,ALG1-D,HW18,2026-10-29,Submitted,10,6.9,No,No
AS-STU2026128-HW01,STU2026128,ALG1-D,HW01,2026-09-11,Submitted,20,11.9,No,No
AS-STU2026128-HW02,STU2026128,ALG1-D,HW02,,Missing,10,0,Yes,No
AS-STU2026128-HW03,STU2026128,ALG1-D,HW03,2026-09-17,Submitted,20,17.5,No,No
AS-STU2026128-HW04,STU2026128,ALG1-D,HW04,2026-09-21,Submitted,20,16.5,No,No
AS-STU2026128-HW05,STU2026128,ALG1-D,HW05,2026-09-23,Submitted,20,17.2,No,No
AS-STU2026128-HW06,STU2026128,ALG1-D,HW06,2026-09-28,Late,20,14.0,No,Yes
AS-STU2026128-HW07,STU2026128,ALG1-D,HW07,2026-09-29,Submitted,10,8.4,No,No
AS-STU2026128-HW08,STU2026128,ALG1-D,HW08,2026-10-01,Submitted,20,14.1,No,No
AS-STU2026128-HW09,STU2026128,ALG1-D,HW09,2026-10-05,Submitted,20,17.2,No,No
AS-STU2026128-HW10,STU2026128,ALG1-D,HW10,,Missing,15,0,Yes,No
AS-STU2026128-HW11,STU2026128,ALG1-D,HW11,,Missing,20,0,Yes,No
AS-STU2026128-HW12,STU2026128,ALG1-D,HW12,2026-10-13,Submitted,20,11.9,No,No
AS-STU2026128-HW13,STU2026128,ALG1-D,HW13,,Missing,20,0,Yes,No
AS-STU2026128-HW14,STU2026128,ALG1-D,HW14,2026-10-22,Late,10,4.5,No,Yes
AS-STU2026128-HW15,STU2026128,ALG1-D,HW15,2026-10-21,Submitted,20,14.4,No,No
AS-STU2026128-HW16,STU2026128,ALG1-D,HW16,2026-10-23,Submitted,20,15.4,No,No
AS-STU2026128-HW17,STU2026128,ALG1-D,HW17,2026-10-28,Late,20,12.6,No,Yes
AS-STU2026128-HW18,STU2026128,ALG1-D,HW18,2026-10-29,Submitted,10,9.6,No,No
AS-STU2026129-HW01,STU2026129,ALG1-D,HW01,2026-09-11,Submitted,20,18.6,No,No
AS-STU2026129-HW02,STU2026129,ALG1-D,HW02,,Missing,10,0,Yes,No
AS-STU2026129-HW03,STU2026129,ALG1-D,HW03,2026-09-17,Late,20,17.1,No,Yes
AS-STU2026129-HW04,STU2026129,ALG1-D,HW04,2026-09-21,Submitted,20,20.0,No,No
AS-STU2026129-HW05,STU2026129,ALG1-D,HW05,2026-09-23,Submitted,20,14.9,No,No
AS-STU2026129-HW06,STU2026129,ALG1-D,HW06,2026-09-25,Submitted,20,18.2,No,No
AS-STU2026129-HW07,STU2026129,ALG1-D,HW07,2026-09-29,Submitted,10,10.0,No,No
AS-STU2026129-HW08,STU2026129,ALG1-D,HW08,,Missing,20,0,Yes,No
AS-STU2026129-HW09,STU2026129,ALG1-D,HW09,,Missing,20,0,Yes,No
AS-STU2026129-HW10,STU2026129,ALG1-D,HW10,2026-10-07,Late,15,12.0,No,Yes
AS-STU2026129-HW11,STU2026129,ALG1-D,HW11,2026-10-09,Submitted,20,16.9,No,No
AS-STU2026129-HW12,STU2026129,ALG1-D,HW12,2026-10-13,Submitted,20,20.0,No,No
AS-STU2026129-HW13,STU2026129,ALG1-D,HW13,,Missing,20,0,Yes,No
AS-STU2026129-HW14,STU2026129,ALG1-D,HW14,2026-10-19,Submitted,10,10.0,No,No
AS-STU2026129-HW15,STU2026129,ALG1-D,HW15,2026-10-21,Submitted,20,18.2,No,No
AS-STU2026129-HW16,STU2026129,ALG1-D,HW16,2026-10-23,Submitted,20,14.8,No,No
AS-STU2026129-HW17,STU2026129,ALG1-D,HW17,2026-10-27,Submitted,20,14.2,No,No
AS-STU2026129-HW18,STU2026129,ALG1-D,HW18,2026-10-29,Submitted,10,8.9,No,No
AS-STU2026130-HW01,STU2026130,ALG1-D,HW01,2026-09-11,Submitted,20,15.2,No,No
AS-STU2026130-HW02,STU2026130,ALG1-D,HW02,2026-09-15,Submitted,10,6.6,No,No
AS-STU2026130-HW03,STU2026130,ALG1-D,HW03,2026-09-17,Submitted,20,15.1,No,No
AS-STU2026130-HW04,STU2026130,ALG1-D,HW04,,Missing,20,0,Yes,No
AS-STU2026130-HW05,STU2026130,ALG1-D,HW05,2026-09-23,Submitted,20,15.7,No,No
AS-STU2026130-HW06,STU2026130,ALG1-D,HW06,2026-09-25,Submitted,20,16.4,No,No
AS-STU2026130-HW07,STU2026130,ALG1-D,HW07,,Missing,10,0,Yes,No
AS-STU2026130-HW08,STU2026130,ALG1-D,HW08,2026-10-01,Submitted,20,14.1,No,No
AS-STU2026130-HW09,STU2026130,ALG1-D,HW09,2026-10-05,Submitted,20,20.0,No,No
AS-STU2026130-HW10,STU2026130,ALG1-D,HW10,2026-10-07,Submitted,15,10.6,No,No
AS-STU2026130-HW11,STU2026130,ALG1-D,HW11,2026-10-09,Submitted,20,18.6,No,No
AS-STU2026130-HW12,STU2026130,ALG1-D,HW12,2026-10-13,Submitted,20,18.5,No,No
AS-STU2026130-HW13,STU2026130,ALG1-D,HW13,2026-10-15,Submitted,20,20.0,No,No
AS-STU2026130-HW14,STU2026130,ALG1-D,HW14,2026-10-19,Submitted,10,9.1,No,No
AS-STU2026130-HW15,STU2026130,ALG1-D,HW15,2026-10-21,Submitted,20,15.2,No,No
AS-STU2026130-HW16,STU2026130,ALG1-D,HW16,2026-10-23,Submitted,20,18.5,No,No
AS-STU2026130-HW17,STU2026130,ALG1-D,HW17,2026-10-28,Late,20,16.8,No,Yes
AS-STU2026130-HW18,STU2026130,ALG1-D,HW18,2026-10-29,Submitted,10,8.6,No,No
AS-STU2026131-HW01,STU2026131,ALG1-D,HW01,2026-09-11,Submitted,20,18.1,No,No
AS-STU2026131-HW02,STU2026131,ALG1-D,HW02,2026-09-17,Late,10,7.4,No,Yes
AS-STU2026131-HW03,STU2026131,ALG1-D,HW03,2026-09-17,Submitted,20,18.1,No,No
AS-STU2026131-HW04,STU2026131,ALG1-D,HW04,2026-09-21,Submitted,20,20.0,No,No
AS-STU2026131-HW05,STU2026131,ALG1-D,HW05,2026-09-23,Submitted,20,13.3,No,No
AS-STU2026131-HW06,STU2026131,ALG1-D,HW06,,Missing,20,0,Yes,No
AS-STU2026131-HW07,STU2026131,ALG1-D,HW07,2026-09-29,Submitted,10,7.2,No,No
AS-STU2026131-HW08,STU2026131,ALG1-D,HW08,2026-10-01,Submitted,20,20.0,No,No
AS-STU2026131-HW09,STU2026131,ALG1-D,HW09,2026-10-05,Submitted,20,17.3,No,No
AS-STU2026131-HW10,STU2026131,ALG1-D,HW10,2026-10-07,Submitted,15,11.3,No,No
AS-STU2026131-HW11,STU2026131,ALG1-D,HW11,2026-10-09,Submitted,20,20.0,No,No
AS-STU2026131-HW12,STU2026131,ALG1-D,HW12,2026-10-13,Submitted,20,16.7,No,No
AS-STU2026131-HW13,STU2026131,ALG1-D,HW13,2026-10-17,Late,20,15.9,No,Yes
AS-STU2026131-HW14,STU2026131,ALG1-D,HW14,2026-10-19,Submitted,10,10.0,No,No
AS-STU2026131-HW15,STU2026131,ALG1-D,HW15,,Missing,20,0,Yes,No
AS-STU2026131-HW16,STU2026131,ALG1-D,HW16,2026-10-23,Submitted,20,14.8,No,No
AS-STU2026131-HW17,STU2026131,ALG1-D,HW17,2026-10-29,Late,20,17.0,No,Yes
AS-STU2026131-HW18,STU2026131,ALG1-D,HW18,2026-10-29,Submitted,10,9.2,No,No
AS-STU2026132-HW01,STU2026132,ALG1-D,HW01,2026-09-11,Submitted,20,18.6,No,No
AS-STU2026132-HW02,STU2026132,ALG1-D,HW02,2026-09-15,Submitted,10,7.7,No,No
AS-STU2026132-HW03,STU2026132,ALG1-D,HW03,2026-09-17,Submitted,20,15.3,No,No
AS-STU2026132-HW04,STU2026132,ALG1-D,HW04,2026-09-21,Submitted,20,17.0,No,No
AS-STU2026132-HW05,STU2026132,ALG1-D,HW05,2026-09-26,Late,20,8.5,No,Yes
AS-STU2026132-HW06,STU2026132,ALG1-D,HW06,2026-09-25,Submitted,20,10.7,No,No
AS-STU2026132-HW07,STU2026132,ALG1-D,HW07,2026-09-29,Submitted,10,4.5,No,No
AS-STU2026132-HW08,STU2026132,ALG1-D,HW08,2026-10-01,Submitted,20,13.7,No,No
AS-STU2026132-HW09,STU2026132,ALG1-D,HW09,2026-10-05,Submitted,20,16.5,No,No
AS-STU2026132-HW10,STU2026132,ALG1-D,HW10,2026-10-07,Late,15,10.5,No,Yes
AS-STU2026132-HW11,STU2026132,ALG1-D,HW11,2026-10-09,Submitted,20,12.4,No,No
AS-STU2026132-HW12,STU2026132,ALG1-D,HW12,2026-10-13,Submitted,20,11.4,No,No
AS-STU2026132-HW13,STU2026132,ALG1-D,HW13,2026-10-15,Submitted,20,14.4,No,No
AS-STU2026132-HW14,STU2026132,ALG1-D,HW14,2026-10-19,Late,10,7.6,No,Yes
AS-STU2026132-HW15,STU2026132,ALG1-D,HW15,2026-10-21,Submitted,20,16.5,No,No
AS-STU2026132-HW16,STU2026132,ALG1-D,HW16,2026-10-23,Submitted,20,15.4,No,No
AS-STU2026132-HW17,STU2026132,ALG1-D,HW17,2026-10-27,Submitted,20,16.6,No,No
AS-STU2026132-HW18,STU2026132,ALG1-D,HW18,2026-10-29,Submitted,10,6.9,No,No
AS-STU2026133-HW01,STU2026133,ALG1-D,HW01,,Missing,20,0,Yes,No
AS-STU2026133-HW02,STU2026133,ALG1-D,HW02,,Missing,10,0,Yes,No
AS-STU2026133-HW03,STU2026133,ALG1-D,HW03,2026-09-17,Submitted,20,17.5,No,No
AS-STU2026133-HW04,STU2026133,ALG1-D,HW04,2026-09-21,Submitted,20,15.2,No,No
AS-STU2026133-HW05,STU2026133,ALG1-D,HW05,2026-09-23,Submitted,20,12.3,No,No
AS-STU2026133-HW06,STU2026133,ALG1-D,HW06,2026-09-25,Submitted,20,19.2,No,No
AS-STU2026133-HW07,STU2026133,ALG1-D,HW07,,Missing,10,0,Yes,No
AS-STU2026133-HW08,STU2026133,ALG1-D,HW08,2026-10-04,Late,20,8.3,No,Yes
AS-STU2026133-HW09,STU2026133,ALG1-D,HW09,2026-10-05,Submitted,20,15.7,No,No
AS-STU2026133-HW10,STU2026133,ALG1-D,HW10,2026-10-07,Submitted,15,11.2,No,No
AS-STU2026133-HW11,STU2026133,ALG1-D,HW11,2026-10-09,Submitted,20,14.0,No,No
AS-STU2026133-HW12,STU2026133,ALG1-D,HW12,2026-10-13,Submitted,20,11.8,No,No
AS-STU2026133-HW13,STU2026133,ALG1-D,HW13,,Missing,20,0,Yes,No
AS-STU2026133-HW14,STU2026133,ALG1-D,HW14,,Missing,10,0,Yes,No
AS-STU2026133-HW15,STU2026133,ALG1-D,HW15,2026-10-21,Submitted,20,15.6,No,No
AS-STU2026133-HW16,STU2026133,ALG1-D,HW16,,Missing,20,0,Yes,No
AS-STU2026133-HW17,STU2026133,ALG1-D,HW17,2026-10-27,Submitted,20,12.8,No,No
AS-STU2026133-HW18,STU2026133,ALG1-D,HW18,2026-10-29,Submitted,10,9.2,No,No
AS-STU2026134-HW01,STU2026134,ALG1-D,HW01,2026-09-11,Submitted,20,19.0,No,No
AS-STU2026134-HW02,STU2026134,ALG1-D,HW02,,Missing,10,0,Yes,No
AS-STU2026134-HW03,STU2026134,ALG1-D,HW03,2026-09-17,Submitted,20,20.0,No,No
AS-STU2026134-HW04,STU2026134,ALG1-D,HW04,2026-09-21,Submitted,20,19.3,No,No
AS-STU2026134-HW05,STU2026134,ALG1-D,HW05,2026-09-23,Submitted,20,19.9,No,No
AS-STU2026134-HW06,STU2026134,ALG1-D,HW06,,Missing,20,0,Yes,No
AS-STU2026134-HW07,STU2026134,ALG1-D,HW07,2026-09-29,Submitted,10,9.4,No,No
AS-STU2026134-HW08,STU2026134,ALG1-D,HW08,,Missing,20,0,Yes,No
AS-STU2026134-HW09,STU2026134,ALG1-D,HW09,,Missing,20,0,Yes,No
AS-STU2026134-HW10,STU2026134,ALG1-D,HW10,2026-10-07,Submitted,15,12.9,No,No
AS-STU2026134-HW11,STU2026134,ALG1-D,HW11,2026-10-11,Late,20,12.9,No,Yes
AS-STU2026134-HW12,STU2026134,ALG1-D,HW12,2026-10-13,Submitted,20,17.5,No,No
AS-STU2026134-HW13,STU2026134,ALG1-D,HW13,2026-10-15,Submitted,20,18.0,No,No
AS-STU2026134-HW14,STU2026134,ALG1-D,HW14,2026-10-19,Submitted,10,8.1,No,No
AS-STU2026134-HW15,STU2026134,ALG1-D,HW15,2026-10-21,Submitted,20,20.0,No,No
AS-STU2026134-HW16,STU2026134,ALG1-D,HW16,2026-10-23,Submitted,20,18.7,No,No
AS-STU2026134-HW17,STU2026134,ALG1-D,HW17,2026-10-27,Submitted,20,20.0,No,No
AS-STU2026134-HW18,STU2026134,ALG1-D,HW18,2026-10-29,Submitted,10,8.4,No,No
AS-STU2026135-HW01,STU2026135,ALG1-D,HW01,2026-09-14,Late,20,14.7,No,Yes
AS-STU2026135-HW02,STU2026135,ALG1-D,HW02,2026-09-15,Submitted,10,7.9,No,No
AS-STU2026135-HW03,STU2026135,ALG1-D,HW03,2026-09-17,Submitted,20,16.2,No,No
AS-STU2026135-HW04,STU2026135,ALG1-D,HW04,2026-09-21,Submitted,20,14.7,No,No
AS-STU2026135-HW05,STU2026135,ALG1-D,HW05,2026-09-23,Submitted,20,8.7,No,No
AS-STU2026135-HW06,STU2026135,ALG1-D,HW06,2026-09-25,Late,20,12.3,No,Yes
AS-STU2026135-HW07,STU2026135,ALG1-D,HW07,2026-09-30,Late,10,5.4,No,Yes
AS-STU2026135-HW08,STU2026135,ALG1-D,HW08,2026-10-01,Submitted,20,10.2,No,No
AS-STU2026135-HW09,STU2026135,ALG1-D,HW09,2026-10-05,Submitted,20,13.4,No,No
AS-STU2026135-HW10,STU2026135,ALG1-D,HW10,2026-10-07,Submitted,15,11.6,No,No
AS-STU2026135-HW11,STU2026135,ALG1-D,HW11,2026-10-10,Late,20,11.1,No,Yes
AS-STU2026135-HW12,STU2026135,ALG1-D,HW12,2026-10-13,Submitted,20,12.8,No,No
AS-STU2026135-HW13,STU2026135,ALG1-D,HW13,2026-10-15,Submitted,20,14.3,No,No
AS-STU2026135-HW14,STU2026135,ALG1-D,HW14,2026-10-19,Submitted,10,6.8,No,No
AS-STU2026135-HW15,STU2026135,ALG1-D,HW15,2026-10-21,Submitted,20,12.6,No,No
AS-STU2026135-HW16,STU2026135,ALG1-D,HW16,2026-10-23,Submitted,20,12.0,No,No
AS-STU2026135-HW17,STU2026135,ALG1-D,HW17,2026-10-29,Late,20,9.3,No,Yes
AS-STU2026135-HW18,STU2026135,ALG1-D,HW18,2026-10-29,Submitted,10,5.1,No,No
AS-STU2026136-HW01,STU2026136,ALG1-D,HW01,2026-09-11,Submitted,20,12.0,No,No
AS-STU2026136-HW02,STU2026136,ALG1-D,HW02,2026-09-15,Submitted,10,9.7,No,No
AS-STU2026136-HW03,STU2026136,ALG1-D,HW03,2026-09-17,Submitted,20,16.2,No,No
AS-STU2026136-HW04,STU2026136,ALG1-D,HW04,2026-09-21,Submitted,20,12.2,No,No
AS-STU2026136-HW05,STU2026136,ALG1-D,HW05,2026-09-23,Submitted,20,20.0,No,No
AS-STU2026136-HW06,STU2026136,ALG1-D,HW06,2026-09-25,Submitted,20,16.2,No,No
AS-STU2026136-HW07,STU2026136,ALG1-D,HW07,2026-09-29,Submitted,10,9.2,No,No
AS-STU2026136-HW08,STU2026136,ALG1-D,HW08,2026-10-01,Submitted,20,13.1,No,No
AS-STU2026136-HW09,STU2026136,ALG1-D,HW09,2026-10-05,Submitted,20,20.0,No,No
AS-STU2026136-HW10,STU2026136,ALG1-D,HW10,2026-10-07,Submitted,15,14.6,No,No
AS-STU2026136-HW11,STU2026136,ALG1-D,HW11,2026-10-09,Submitted,20,14.4,No,No
AS-STU2026136-HW12,STU2026136,ALG1-D,HW12,2026-10-13,Submitted,20,17.5,No,No
AS-STU2026136-HW13,STU2026136,ALG1-D,HW13,2026-10-15,Submitted,20,17.6,No,No
AS-STU2026136-HW14,STU2026136,ALG1-D,HW14,2026-10-19,Submitted,10,7.5,No,No
AS-STU2026136-HW15,STU2026136,ALG1-D,HW15,2026-10-21,Submitted,20,20.0,No,No
AS-STU2026136-HW16,STU2026136,ALG1-D,HW16,2026-10-23,Submitted,20,16.1,No,No
AS-STU2026136-HW17,STU2026136,ALG1-D,HW17,2026-10-27,Submitted,20,18.6,No,No
AS-STU2026136-HW18,STU2026136,ALG1-D,HW18,2026-10-29,Submitted,10,10.0,No,No
AS-STU2026137-HW01,STU2026137,ALG1-D,HW01,2026-09-11,Submitted,20,20.0,No,No
AS-STU2026137-HW02,STU2026137,ALG1-D,HW02,2026-09-15,Submitted,10,8.2,No,No
AS-STU2026137-HW03,STU2026137,ALG1-D,HW03,2026-09-17,Submitted,20,18.4,No,No
AS-STU2026137-HW04,STU2026137,ALG1-D,HW04,2026-09-21,Submitted,20,18.3,No,No
AS-STU2026137-HW05,STU2026137,ALG1-D,HW05,2026-09-23,Submitted,20,20.0,No,No
AS-STU2026137-HW06,STU2026137,ALG1-D,HW06,2026-09-25,Submitted,20,19.1,No,No
AS-STU2026137-HW07,STU2026137,ALG1-D,HW07,2026-09-29,Submitted,10,9.6,No,No
AS-STU2026137-HW08,STU2026137,ALG1-D,HW08,2026-10-01,Submitted,20,17.9,No,No
AS-STU2026137-HW09,STU2026137,ALG1-D,HW09,2026-10-05,Submitted,20,19.9,No,No
AS-STU2026137-HW10,STU2026137,ALG1-D,HW10,2026-10-07,Submitted,15,13.6,No,No
AS-STU2026137-HW11,STU2026137,ALG1-D,HW11,2026-10-09,Submitted,20,17.9,No,No
AS-STU2026137-HW12,STU2026137,ALG1-D,HW12,2026-10-13,Submitted,20,17.0,No,No
AS-STU2026137-HW13,STU2026137,ALG1-D,HW13,2026-10-15,Submitted,20,15.5,No,No
AS-STU2026137-HW14,STU2026137,ALG1-D,HW14,2026-10-19,Submitted,10,10.0,No,No
AS-STU2026137-HW15,STU2026137,ALG1-D,HW15,2026-10-21,Submitted,20,15.8,No,No
AS-STU2026137-HW16,STU2026137,ALG1-D,HW16,2026-10-23,Submitted,20,18.7,No,No
AS-STU2026137-HW17,STU2026137,ALG1-D,HW17,2026-10-27,Submitted,20,20.0,No,No
AS-STU2026137-HW18,STU2026137,ALG1-D,HW18,2026-10-29,Submitted,10,10.0,No,No
AS-STU2026138-HW01,STU2026138,ALG1-D,HW01,,Missing,20,0,Yes,No
AS-STU2026138-HW02,STU2026138,ALG1-D,HW02,2026-09-15,Submitted,10,7.7,No,No
AS-STU2026138-HW03,STU2026138,ALG1-D,HW03,2026-09-17,Submitted,20,18.7,No,No
AS-STU2026138-HW04,STU2026138,ALG1-D,HW04,,Missing,20,0,Yes,No
AS-STU2026138-HW05,STU2026138,ALG1-D,HW05,2026-09-23,Submitted,20,15.3,No,No
AS-STU2026138-HW06,STU2026138,ALG1-D,HW06,2026-09-25,Submitted,20,18.2,No,No
AS-STU2026138-HW07,STU2026138,ALG1-D,HW07,2026-09-29,Submitted,10,8.7,No,No
AS-STU2026138-HW08,STU2026138,ALG1-D,HW08,,Missing,20,0,Yes,No
AS-STU2026138-HW09,STU2026138,ALG1-D,HW09,2026-10-07,Late,20,12.0,No,Yes
AS-STU2026138-HW10,STU2026138,ALG1-D,HW10,2026-10-07,Submitted,15,10.9,No,No
AS-STU2026138-HW11,STU2026138,ALG1-D,HW11,2026-10-09,Submitted,20,12.8,No,No
AS-STU2026138-HW12,STU2026138,ALG1-D,HW12,2026-10-14,Late,20,12.9,No,Yes
AS-STU2026138-HW13,STU2026138,ALG1-D,HW13,2026-10-15,Submitted,20,13.1,No,No
AS-STU2026138-HW14,STU2026138,ALG1-D,HW14,2026-10-19,Submitted,10,8.2,No,No
AS-STU2026138-HW15,STU2026138,ALG1-D,HW15,2026-10-23,Late,20,17.4,No,Yes
AS-STU2026138-HW16,STU2026138,ALG1-D,HW16,2026-10-23,Submitted,20,14.8,No,No
AS-STU2026138-HW17,STU2026138,ALG1-D,HW17,2026-10-27,Submitted,20,9.8,No,No
AS-STU2026138-HW18,STU2026138,ALG1-D,HW18,2026-10-29,Submitted,10,6.2,No,No
AS-STU2026139-HW01,STU2026139,ALG1-D,HW01,2026-09-11,Submitted,20,7.8,No,No
AS-STU2026139-HW02,STU2026139,ALG1-D,HW02,2026-09-15,Submitted,10,5.1,No,No
AS-STU2026139-HW03,STU2026139,ALG1-D,HW03,2026-09-19,Late,20,8.3,No,Yes
AS-STU2026139-HW04,STU2026139,ALG1-D,HW04,2026-09-21,Submitted,20,13.4,No,No
AS-STU2026139-HW05,STU2026139,ALG1-D,HW05,,Missing,20,0,Yes,No
AS-STU2026139-HW06,STU2026139,ALG1-D,HW06,2026-09-25,Submitted,20,8.8,No,No
AS-STU2026139-HW07,STU2026139,ALG1-D,HW07,2026-09-29,Submitted,10,9.1,No,No
AS-STU2026139-HW08,STU2026139,ALG1-D,HW08,2026-10-01,Submitted,20,12.1,No,No
AS-STU2026139-HW09,STU2026139,ALG1-D,HW09,2026-10-05,Submitted,20,12.8,No,No
AS-STU2026139-HW10,STU2026139,ALG1-D,HW10,2026-10-07,Submitted,15,8.8,No,No
AS-STU2026139-HW11,STU2026139,ALG1-D,HW11,2026-10-09,Submitted,20,9.9,No,No
AS-STU2026139-HW12,STU2026139,ALG1-D,HW12,2026-10-13,Submitted,20,8.9,No,No
AS-STU2026139-HW13,STU2026139,ALG1-D,HW13,2026-10-15,Submitted,20,12.9,No,No
AS-STU2026139-HW14,STU2026139,ALG1-D,HW14,2026-10-19,Submitted,10,8.1,No,No
AS-STU2026139-HW15,STU2026139,ALG1-D,HW15,2026-10-21,Submitted,20,8.7,No,No
AS-STU2026139-HW16,STU2026139,ALG1-D,HW16,2026-10-23,Submitted,20,11.1,No,No
AS-STU2026139-HW17,STU2026139,ALG1-D,HW17,2026-10-27,Submitted,20,13.5,No,No
AS-STU2026139-HW18,STU2026139,ALG1-D,HW18,2026-11-01,Late,10,7.1,No,Yes
AS-STU2026140-HW01,STU2026140,ALG1-D,HW01,2026-09-11,Submitted,20,17.0,No,No
AS-STU2026140-HW02,STU2026140,ALG1-D,HW02,,Missing,10,0,Yes,No
AS-STU2026140-HW03,STU2026140,ALG1-D,HW03,2026-09-17,Submitted,20,15.6,No,No
AS-STU2026140-HW04,STU2026140,ALG1-D,HW04,2026-09-21,Submitted,20,15.5,No,No
AS-STU2026140-HW05,STU2026140,ALG1-D,HW05,2026-09-23,Late,20,11.3,No,Yes
AS-STU2026140-HW06,STU2026140,ALG1-D,HW06,2026-09-25,Submitted,20,17.2,No,No
AS-STU2026140-HW07,STU2026140,ALG1-D,HW07,2026-09-29,Submitted,10,7.3,No,No
AS-STU2026140-HW08,STU2026140,ALG1-D,HW08,2026-10-01,Submitted,20,12.0,No,No
AS-STU2026140-HW09,STU2026140,ALG1-D,HW09,2026-10-05,Submitted,20,13.1,No,No
AS-STU2026140-HW10,STU2026140,ALG1-D,HW10,2026-10-07,Submitted,15,13.0,No,No
AS-STU2026140-HW11,STU2026140,ALG1-D,HW11,2026-10-09,Submitted,20,12.7,No,No
AS-STU2026140-HW12,STU2026140,ALG1-D,HW12,2026-10-13,Submitted,20,20.0,No,No
AS-STU2026140-HW13,STU2026140,ALG1-D,HW13,2026-10-15,Submitted,20,19.7,No,No
AS-STU2026140-HW14,STU2026140,ALG1-D,HW14,2026-10-19,Submitted,10,10.0,No,No
AS-STU2026140-HW15,STU2026140,ALG1-D,HW15,2026-10-21,Submitted,20,14.1,No,No
AS-STU2026140-HW16,STU2026140,ALG1-D,HW16,,Missing,20,0,Yes,No
AS-STU2026140-HW17,STU2026140,ALG1-D,HW17,2026-10-27,Submitted,20,16.0,No,No
AS-STU2026140-HW18,STU2026140,ALG1-D,HW18,2026-10-29,Submitted,10,7.8,No,No
AS-STU2026141-HW01,STU2026141,ALG1-D,HW01,2026-09-11,Submitted,20,11.6,No,No
AS-STU2026141-HW02,STU2026141,ALG1-D,HW02,2026-09-15,Submitted,10,5.6,No,No
AS-STU2026141-HW03,STU2026141,ALG1-D,HW03,2026-09-17,Submitted,20,12.0,No,No
AS-STU2026141-HW04,STU2026141,ALG1-D,HW04,2026-09-21,Submitted,20,16.2,No,No
AS-STU2026141-HW05,STU2026141,ALG1-D,HW05,2026-09-23,Submitted,20,13.8,No,No
AS-STU2026141-HW06,STU2026141,ALG1-D,HW06,2026-09-28,Late,20,13.5,No,Yes
AS-STU2026141-HW07,STU2026141,ALG1-D,HW07,2026-09-29,Submitted,10,8.4,No,No
AS-STU2026141-HW08,STU2026141,ALG1-D,HW08,2026-10-01,Submitted,20,12.5,No,No
AS-STU2026141-HW09,STU2026141,ALG1-D,HW09,2026-10-05,Submitted,20,14.8,No,No
AS-STU2026141-HW10,STU2026141,ALG1-D,HW10,2026-10-07,Submitted,15,7.8,No,No
AS-STU2026141-HW11,STU2026141,ALG1-D,HW11,2026-10-09,Submitted,20,11.1,No,No
AS-STU2026141-HW12,STU2026141,ALG1-D,HW12,2026-10-13,Submitted,20,12.3,No,No
AS-STU2026141-HW13,STU2026141,ALG1-D,HW13,2026-10-15,Submitted,20,13.5,No,No
AS-STU2026141-HW14,STU2026141,ALG1-D,HW14,2026-10-19,Submitted,10,8.3,No,No
AS-STU2026141-HW15,STU2026141,ALG1-D,HW15,2026-10-21,Submitted,20,10.0,No,No
AS-STU2026141-HW16,STU2026141,ALG1-D,HW16,2026-10-23,Submitted,20,13.5,No,No
AS-STU2026141-HW17,STU2026141,ALG1-D,HW17,2026-10-27,Submitted,20,11.7,No,No
AS-STU2026141-HW18,STU2026141,ALG1-D,HW18,2026-10-29,Submitted,10,8.4,No,No
AS-STU2026142-HW01,STU2026142,ALG1-D,HW01,2026-09-11,Submitted,20,11.5,No,No
AS-STU2026142-HW02,STU2026142,ALG1-D,HW02,2026-09-16,Late,10,5.3,No,Yes
AS-STU2026142-HW03,STU2026142,ALG1-D,HW03,2026-09-17,Submitted,20,13.0,No,No
AS-STU2026142-HW04,STU2026142,ALG1-D,HW04,2026-09-21,Submitted,20,17.0,No,No
AS-STU2026142-HW05,STU2026142,ALG1-D,HW05,,Missing,20,0,Yes,No
AS-STU2026142-HW06,STU2026142,ALG1-D,HW06,2026-09-28,Late,20,14.2,No,Yes
AS-STU2026142-HW07,STU2026142,ALG1-D,HW07,2026-09-29,Submitted,10,5.6,No,No
AS-STU2026142-HW08,STU2026142,ALG1-D,HW08,2026-10-02,Late,20,11.5,No,Yes
AS-STU2026142-HW09,STU2026142,ALG1-D,HW09,2026-10-05,Submitted,20,11.9,No,No
AS-STU2026142-HW10,STU2026142,ALG1-D,HW10,,Missing,15,0,Yes,No
AS-STU2026142-HW11,STU2026142,ALG1-D,HW11,,Missing,20,0,Yes,No
AS-STU2026142-HW12,STU2026142,ALG1-D,HW12,2026-10-13,Submitted,20,13.2,No,No
AS-STU2026142-HW13,STU2026142,ALG1-D,HW13,,Missing,20,0,Yes,No
AS-STU2026142-HW14,STU2026142,ALG1-D,HW14,2026-10-20,Late,10,7.4,No,Yes
AS-STU2026142-HW15,STU2026142,ALG1-D,HW15,2026-10-21,Submitted,20,10.2,No,No
AS-STU2026142-HW16,STU2026142,ALG1-D,HW16,2026-10-23,Submitted,20,12.1,No,No
AS-STU2026142-HW17,STU2026142,ALG1-D,HW17,2026-10-27,Submitted,20,16.6,No,No
AS-STU2026142-HW18,STU2026142,ALG1-D,HW18,2026-10-29,Submitted,10,4.8,No,No
AS-STU2026143-HW01,STU2026143,ALG1-D,HW01,2026-09-11,Submitted,20,16.3,No,No
AS-STU2026143-HW02,STU2026143,ALG1-D,HW02,2026-09-15,Submitted,10,7.3,No,No
AS-STU2026143-HW03,STU2026143,ALG1-D,HW03,,Missing,20,0,Yes,No
AS-STU2026143-HW04,STU2026143,ALG1-D,HW04,2026-09-21,Late,20,12.5,No,Yes
AS-STU2026143-HW05,STU2026143,ALG1-D,HW05,2026-09-23,Submitted,20,18.2,No,No
AS-STU2026143-HW06,STU2026143,ALG1-D,HW06,2026-09-25,Submitted,20,14.8,No,No
AS-STU2026143-HW07,STU2026143,ALG1-D,HW07,2026-09-29,Submitted,10,10.0,No,No
AS-STU2026143-HW08,STU2026143,ALG1-D,HW08,2026-10-01,Submitted,20,20.0,No,No
AS-STU2026143-HW09,STU2026143,ALG1-D,HW09,2026-10-05,Submitted,20,19.3,No,No
AS-STU2026143-HW10,STU2026143,ALG1-D,HW10,2026-10-07,Submitted,15,12.5,No,No
AS-STU2026143-HW11,STU2026143,ALG1-D,HW11,2026-10-09,Submitted,20,12.2,No,No
AS-STU2026143-HW12,STU2026143,ALG1-D,HW12,2026-10-13,Submitted,20,13.5,No,No
AS-STU2026143-HW13,STU2026143,ALG1-D,HW13,2026-10-15,Submitted,20,18.7,No,No
AS-STU2026143-HW14,STU2026143,ALG1-D,HW14,2026-10-19,Submitted,10,7.4,No,No
AS-STU2026143-HW15,STU2026143,ALG1-D,HW15,2026-10-21,Submitted,20,18.1,No,No
AS-STU2026143-HW16,STU2026143,ALG1-D,HW16,,Missing,20,0,Yes,No
AS-STU2026143-HW17,STU2026143,ALG1-D,HW17,2026-10-27,Submitted,20,13.2,No,No
AS-STU2026143-HW18,STU2026143,ALG1-D,HW18,2026-10-29,Submitted,10,6.6,No,No
AS-STU2026144-HW01,STU2026144,ALG1-D,HW01,2026-09-11,Submitted,20,12.9,No,No
AS-STU2026144-HW02,STU2026144,ALG1-D,HW02,2026-09-17,Late,10,7.4,No,Yes
AS-STU2026144-HW03,STU2026144,ALG1-D,HW03,2026-09-17,Late,20,12.5,No,Yes
AS-STU2026144-HW04,STU2026144,ALG1-D,HW04,,Missing,20,0,Yes,No
AS-STU2026144-HW05,STU2026144,ALG1-D,HW05,,Missing,20,0,Yes,No
AS-STU2026144-HW06,STU2026144,ALG1-D,HW06,2026-09-25,Submitted,20,10.7,No,No
AS-STU2026144-HW07,STU2026144,ALG1-D,HW07,2026-10-02,Late,10,6.7,No,Yes
AS-STU2026144-HW08,STU2026144,ALG1-D,HW08,,Missing,20,0,Yes,No
AS-STU2026144-HW09,STU2026144,ALG1-D,HW09,,Missing,20,0,Yes,No
AS-STU2026144-HW10,STU2026144,ALG1-D,HW10,2026-10-08,Late,15,8.8,No,Yes
AS-STU2026144-HW11,STU2026144,ALG1-D,HW11,2026-10-09,Submitted,20,17.1,No,No
AS-STU2026144-HW12,STU2026144,ALG1-D,HW12,,Missing,20,0,Yes,No
AS-STU2026144-HW13,STU2026144,ALG1-D,HW13,,Missing,20,0,Yes,No
AS-STU2026144-HW14,STU2026144,ALG1-D,HW14,2026-10-21,Late,10,6.8,No,Yes
AS-STU2026144-HW15,STU2026144,ALG1-D,HW15,,Missing,20,0,Yes,No
AS-STU2026144-HW16,STU2026144,ALG1-D,HW16,2026-10-23,Submitted,20,13.1,No,No
AS-STU2026144-HW17,STU2026144,ALG1-D,HW17,2026-10-28,Late,20,13.9,No,Yes
AS-STU2026144-HW18,STU2026144,ALG1-D,HW18,2026-10-29,Submitted,10,8.0,No,No
AS-STU2026145-HW01,STU2026145,ALG1-D,HW01,2026-09-11,Submitted,20,18.9,No,No
AS-STU2026145-HW02,STU2026145,ALG1-D,HW02,2026-09-15,Submitted,10,7.9,No,No
AS-STU2026145-HW03,STU2026145,ALG1-D,HW03,2026-09-17,Submitted,20,15.1,No,No
AS-STU2026145-HW04,STU2026145,ALG1-D,HW04,2026-09-21,Submitted,20,20.0,No,No
AS-STU2026145-HW05,STU2026145,ALG1-D,HW05,2026-09-23,Submitted,20,18.6,No,No
AS-STU2026145-HW06,STU2026145,ALG1-D,HW06,2026-09-25,Submitted,20,15.3,No,No
AS-STU2026145-HW07,STU2026145,ALG1-D,HW07,2026-09-29,Submitted,10,7.6,No,No
AS-STU2026145-HW08,STU2026145,ALG1-D,HW08,2026-10-01,Submitted,20,16.6,No,No
AS-STU2026145-HW09,STU2026145,ALG1-D,HW09,2026-10-05,Submitted,20,17.9,No,No
AS-STU2026145-HW10,STU2026145,ALG1-D,HW10,2026-10-07,Submitted,15,10.6,No,No
AS-STU2026145-HW11,STU2026145,ALG1-D,HW11,,Missing,20,0,Yes,No
AS-STU2026145-HW12,STU2026145,ALG1-D,HW12,2026-10-13,Submitted,20,15.7,No,No
AS-STU2026145-HW13,STU2026145,ALG1-D,HW13,,Missing,20,0,Yes,No
AS-STU2026145-HW14,STU2026145,ALG1-D,HW14,2026-10-22,Late,10,6.8,No,Yes
AS-STU2026145-HW15,STU2026145,ALG1-D,HW15,2026-10-21,Submitted,20,20.0,No,No
AS-STU2026145-HW16,STU2026145,ALG1-D,HW16,2026-10-23,Submitted,20,18.9,No,No
AS-STU2026145-HW17,STU2026145,ALG1-D,HW17,2026-10-29,Late,20,16.4,No,Yes
AS-STU2026145-HW18,STU2026145,ALG1-D,HW18,2026-10-29,Submitted,10,7.7,No,No
AS-STU2026146-HW01,STU2026146,ALG1-D,HW01,2026-09-11,Submitted,20,17.3,No,No
AS-STU2026146-HW02,STU2026146,ALG1-D,HW02,2026-09-15,Late,10,6.3,No,Yes
AS-STU2026146-HW03,STU2026146,ALG1-D,HW03,2026-09-17,Submitted,20,11.4,No,No
AS-STU2026146-HW04,STU2026146,ALG1-D,HW04,2026-09-21,Submitted,20,15.8,No,No
AS-STU2026146-HW05,STU2026146,ALG1-D,HW05,2026-09-23,Submitted,20,17.0,No,No
AS-STU2026146-HW06,STU2026146,ALG1-D,HW06,2026-09-25,Submitted,20,13.5,No,No
AS-STU2026146-HW07,STU2026146,ALG1-D,HW07,2026-09-29,Submitted,10,7.1,No,No
AS-STU2026146-HW08,STU2026146,ALG1-D,HW08,2026-10-01,Submitted,20,14.2,No,No
AS-STU2026146-HW09,STU2026146,ALG1-D,HW09,2026-10-05,Submitted,20,14.1,No,No
AS-STU2026146-HW10,STU2026146,ALG1-D,HW10,2026-10-07,Submitted,15,9.8,No,No
AS-STU2026146-HW11,STU2026146,ALG1-D,HW11,2026-10-09,Submitted,20,17.4,No,No
AS-STU2026146-HW12,STU2026146,ALG1-D,HW12,,Missing,20,0,Yes,No
AS-STU2026146-HW13,STU2026146,ALG1-D,HW13,2026-10-15,Submitted,20,17.4,No,No
AS-STU2026146-HW14,STU2026146,ALG1-D,HW14,2026-10-19,Submitted,10,8.0,No,No
AS-STU2026146-HW15,STU2026146,ALG1-D,HW15,2026-10-24,Late,20,11.5,No,Yes
AS-STU2026146-HW16,STU2026146,ALG1-D,HW16,2026-10-23,Submitted,20,14.7,No,No
AS-STU2026146-HW17,STU2026146,ALG1-D,HW17,2026-10-27,Submitted,20,16.0,No,No
AS-STU2026146-HW18,STU2026146,ALG1-D,HW18,2026-10-29,Submitted,10,6.6,No,No
AS-STU2026147-HW01,STU2026147,ALG1-D,HW01,2026-09-11,Submitted,20,15.8,No,No
AS-STU2026147-HW02,STU2026147,ALG1-D,HW02,2026-09-15,Submitted,10,9.7,No,No
AS-STU2026147-HW03,STU2026147,ALG1-D,HW03,2026-09-17,Submitted,20,13.8,No,No
AS-STU2026147-HW04,STU2026147,ALG1-D,HW04,2026-09-21,Submitted,20,18.4,No,No
AS-STU2026147-HW05,STU2026147,ALG1-D,HW05,2026-09-23,Submitted,20,16.6,No,No
AS-STU2026147-HW06,STU2026147,ALG1-D,HW06,2026-09-25,Submitted,20,18.6,No,No
AS-STU2026147-HW07,STU2026147,ALG1-D,HW07,2026-09-29,Submitted,10,9.0,No,No
AS-STU2026147-HW08,STU2026147,ALG1-D,HW08,2026-10-03,Late,20,15.1,No,Yes
AS-STU2026147-HW09,STU2026147,ALG1-D,HW09,2026-10-05,Submitted,20,16.6,No,No
AS-STU2026147-HW10,STU2026147,ALG1-D,HW10,2026-10-07,Submitted,15,14.6,No,No
AS-STU2026147-HW11,STU2026147,ALG1-D,HW11,2026-10-09,Submitted,20,20.0,No,No
AS-STU2026147-HW12,STU2026147,ALG1-D,HW12,2026-10-13,Submitted,20,17.1,No,No
AS-STU2026147-HW13,STU2026147,ALG1-D,HW13,2026-10-15,Submitted,20,20.0,No,No
AS-STU2026147-HW14,STU2026147,ALG1-D,HW14,2026-10-19,Submitted,10,9.2,No,No
AS-STU2026147-HW15,STU2026147,ALG1-D,HW15,2026-10-21,Submitted,20,20.0,No,No
AS-STU2026147-HW16,STU2026147,ALG1-D,HW16,2026-10-23,Submitted,20,18.0,No,No
AS-STU2026147-HW17,STU2026147,ALG1-D,HW17,2026-10-27,Submitted,20,15.2,No,No
AS-STU2026147-HW18,STU2026147,ALG1-D,HW18,2026-10-29,Submitted,10,7.8,No,No
AS-STU2026148-HW01,STU2026148,ALG1-D,HW01,,Missing,20,0,Yes,No
AS-STU2026148-HW02,STU2026148,ALG1-D,HW02,2026-09-15,Submitted,10,7.9,No,No
AS-STU2026148-HW03,STU2026148,ALG1-D,HW03,2026-09-17,Submitted,20,14.0,No,No
AS-STU2026148-HW04,STU2026148,ALG1-D,HW04,2026-09-21,Submitted,20,14.6,No,No
AS-STU2026148-HW05,STU2026148,ALG1-D,HW05,2026-09-23,Submitted,20,13.7,No,No
AS-STU2026148-HW06,STU2026148,ALG1-D,HW06,2026-09-25,Submitted,20,11.4,No,No
AS-STU2026148-HW07,STU2026148,ALG1-D,HW07,2026-09-29,Submitted,10,7.5,No,No
AS-STU2026148-HW08,STU2026148,ALG1-D,HW08,,Missing,20,0,Yes,No
AS-STU2026148-HW09,STU2026148,ALG1-D,HW09,2026-10-05,Submitted,20,13.0,No,No
AS-STU2026148-HW10,STU2026148,ALG1-D,HW10,2026-10-07,Submitted,15,9.7,No,No
AS-STU2026148-HW11,STU2026148,ALG1-D,HW11,,Missing,20,0,Yes,No
AS-STU2026148-HW12,STU2026148,ALG1-D,HW12,2026-10-13,Submitted,20,11.5,No,No
AS-STU2026148-HW13,STU2026148,ALG1-D,HW13,2026-10-15,Submitted,20,15.4,No,No
AS-STU2026148-HW14,STU2026148,ALG1-D,HW14,2026-10-19,Submitted,10,6.6,No,No
AS-STU2026148-HW15,STU2026148,ALG1-D,HW15,2026-10-21,Late,20,11.3,No,Yes
AS-STU2026148-HW16,STU2026148,ALG1-D,HW16,2026-10-23,Submitted,20,15.6,No,No
AS-STU2026148-HW17,STU2026148,ALG1-D,HW17,2026-10-27,Submitted,20,13.8,No,No
AS-STU2026148-HW18,STU2026148,ALG1-D,HW18,2026-10-29,Submitted,10,5.4,No,No
AS-STU2026149-HW01,STU2026149,ALG1-D,HW01,2026-09-12,Late,20,14.0,No,Yes
AS-STU2026149-HW02,STU2026149,ALG1-D,HW02,2026-09-15,Submitted,10,6.9,No,No
AS-STU2026149-HW03,STU2026149,ALG1-D,HW03,2026-09-17,Submitted,20,11.2,No,No
AS-STU2026149-HW04,STU2026149,ALG1-D,HW04,2026-09-21,Submitted,20,16.2,No,No
AS-STU2026149-HW05,STU2026149,ALG1-D,HW05,2026-09-23,Submitted,20,15.0,No,No
AS-STU2026149-HW06,STU2026149,ALG1-D,HW06,2026-09-25,Submitted,20,12.0,No,No
AS-STU2026149-HW07,STU2026149,ALG1-D,HW07,2026-09-29,Submitted,10,6.7,No,No
AS-STU2026149-HW08,STU2026149,ALG1-D,HW08,2026-10-01,Submitted,20,13.7,No,No
AS-STU2026149-HW09,STU2026149,ALG1-D,HW09,2026-10-05,Submitted,20,12.0,No,No
AS-STU2026149-HW10,STU2026149,ALG1-D,HW10,2026-10-07,Submitted,15,11.5,No,No
AS-STU2026149-HW11,STU2026149,ALG1-D,HW11,2026-10-09,Submitted,20,16.7,No,No
AS-STU2026149-HW12,STU2026149,ALG1-D,HW12,2026-10-13,Submitted,20,16.8,No,No
AS-STU2026149-HW13,STU2026149,ALG1-D,HW13,,Missing,20,0,Yes,No
AS-STU2026149-HW14,STU2026149,ALG1-D,HW14,2026-10-19,Submitted,10,8.7,No,No
AS-STU2026149-HW15,STU2026149,ALG1-D,HW15,2026-10-21,Submitted,20,15.3,No,No
AS-STU2026149-HW16,STU2026149,ALG1-D,HW16,2026-10-23,Submitted,20,15.3,No,No
AS-STU2026149-HW17,STU2026149,ALG1-D,HW17,2026-10-27,Submitted,20,20.0,No,No
AS-STU2026149-HW18,STU2026149,ALG1-D,HW18,,Missing,10,0,Yes,No
AS-STU2026150-HW01,STU2026150,ALG1-D,HW01,2026-09-11,Submitted,20,14.8,No,No
AS-STU2026150-HW02,STU2026150,ALG1-D,HW02,,Missing,10,0,Yes,No
AS-STU2026150-HW03,STU2026150,ALG1-D,HW03,2026-09-17,Submitted,20,13.5,No,No
AS-STU2026150-HW04,STU2026150,ALG1-D,HW04,2026-09-21,Submitted,20,15.6,No,No
AS-STU2026150-HW05,STU2026150,ALG1-D,HW05,2026-09-23,Submitted,20,18.6,No,No
AS-STU2026150-HW06,STU2026150,ALG1-D,HW06,,Missing,20,0,Yes,No
AS-STU2026150-HW07,STU2026150,ALG1-D,HW07,,Missing,10,0,Yes,No
AS-STU2026150-HW08,STU2026150,ALG1-D,HW08,2026-10-01,Late,20,14.7,No,Yes
AS-STU2026150-HW09,STU2026150,ALG1-D,HW09,2026-10-05,Submitted,20,14.2,No,No
AS-STU2026150-HW10,STU2026150,ALG1-D,HW10,2026-10-07,Submitted,15,10.8,No,No
AS-STU2026150-HW11,STU2026150,ALG1-D,HW11,2026-10-09,Late,20,17.9,No,Yes
AS-STU2026150-HW12,STU2026150,ALG1-D,HW12,2026-10-13,Submitted,20,14.7,No,No
AS-STU2026150-HW13,STU2026150,ALG1-D,HW13,,Missing,20,0,Yes,No
AS-STU2026150-HW14,STU2026150,ALG1-D,HW14,2026-10-19,Submitted,10,9.9,No,No
AS-STU2026150-HW15,STU2026150,ALG1-D,HW15,2026-10-21,Submitted,20,17.6,No,No
AS-STU2026150-HW16,STU2026150,ALG1-D,HW16,2026-10-23,Submitted,20,12.9,No,No
AS-STU2026150-HW17,STU2026150,ALG1-D,HW17,2026-10-28,Late,20,12.5,No,Yes
AS-STU2026150-HW18,STU2026150,ALG1-D,HW18,2026-10-29,Submitted,10,7.3,No,No
AS-STU2026151-HW01,STU2026151,ALG1-D,HW01,2026-09-11,Submitted,20,15.4,No,No
AS-STU2026151-HW02,STU2026151,ALG1-D,HW02,2026-09-15,Submitted,10,7.3,No,No
AS-STU2026151-HW03,STU2026151,ALG1-D,HW03,2026-09-17,Submitted,20,12.0,No,No
AS-STU2026151-HW04,STU2026151,ALG1-D,HW04,2026-09-21,Submitted,20,16.8,No,No
AS-STU2026151-HW05,STU2026151,ALG1-D,HW05,2026-09-23,Submitted,20,15.0,No,No
AS-STU2026151-HW06,STU2026151,ALG1-D,HW06,2026-09-25,Submitted,20,13.1,No,No
AS-STU2026151-HW07,STU2026151,ALG1-D,HW07,2026-09-29,Submitted,10,8.6,No,No
AS-STU2026151-HW08,STU2026151,ALG1-D,HW08,2026-10-01,Submitted,20,10.4,No,No
AS-STU2026151-HW09,STU2026151,ALG1-D,HW09,2026-10-05,Submitted,20,10.4,No,No
AS-STU2026151-HW10,STU2026151,ALG1-D,HW10,,Missing,15,0,Yes,No
AS-STU2026151-HW11,STU2026151,ALG1-D,HW11,2026-10-09,Submitted,20,12.9,No,No
AS-STU2026151-HW12,STU2026151,ALG1-D,HW12,2026-10-13,Submitted,20,11.6,No,No
AS-STU2026151-HW13,STU2026151,ALG1-D,HW13,2026-10-15,Submitted,20,18.8,No,No
AS-STU2026151-HW14,STU2026151,ALG1-D,HW14,2026-10-19,Submitted,10,8.1,No,No
AS-STU2026151-HW15,STU2026151,ALG1-D,HW15,2026-10-22,Late,20,8.2,No,Yes
AS-STU2026151-HW16,STU2026151,ALG1-D,HW16,2026-10-23,Submitted,20,15.9,No,No
AS-STU2026151-HW17,STU2026151,ALG1-D,HW17,2026-10-27,Submitted,20,20.0,No,No
AS-STU2026151-HW18,STU2026151,ALG1-D,HW18,2026-10-29,Submitted,10,7.5,No,No
AS-STU2026152-HW01,STU2026152,ALG1-D,HW01,2026-09-11,Submitted,20,19.6,No,No
AS-STU2026152-HW02,STU2026152,ALG1-D,HW02,2026-09-15,Submitted,10,9.0,No,No
AS-STU2026152-HW03,STU2026152,ALG1-D,HW03,2026-09-17,Submitted,20,15.9,No,No
AS-STU2026152-HW04,STU2026152,ALG1-D,HW04,2026-09-21,Submitted,20,14.7,No,No
AS-STU2026152-HW05,STU2026152,ALG1-D,HW05,2026-09-23,Submitted,20,18.5,No,No
AS-STU2026152-HW06,STU2026152,ALG1-D,HW06,2026-09-25,Submitted,20,20.0,No,No
AS-STU2026152-HW07,STU2026152,ALG1-D,HW07,2026-09-29,Submitted,10,8.1,No,No
AS-STU2026152-HW08,STU2026152,ALG1-D,HW08,2026-10-01,Submitted,20,14.3,No,No
AS-STU2026152-HW09,STU2026152,ALG1-D,HW09,2026-10-08,Late,20,12.9,No,Yes
AS-STU2026152-HW10,STU2026152,ALG1-D,HW10,2026-10-07,Submitted,15,11.8,No,No
AS-STU2026152-HW11,STU2026152,ALG1-D,HW11,2026-10-09,Submitted,20,13.9,No,No
AS-STU2026152-HW12,STU2026152,ALG1-D,HW12,2026-10-13,Submitted,20,19.2,No,No
AS-STU2026152-HW13,STU2026152,ALG1-D,HW13,2026-10-15,Submitted,20,15.1,No,No
AS-STU2026152-HW14,STU2026152,ALG1-D,HW14,2026-10-19,Submitted,10,8.2,No,No
AS-STU2026152-HW15,STU2026152,ALG1-D,HW15,2026-10-21,Submitted,20,15.7,No,No
AS-STU2026152-HW16,STU2026152,ALG1-D,HW16,2026-10-23,Submitted,20,16.3,No,No
AS-STU2026152-HW17,STU2026152,ALG1-D,HW17,2026-10-27,Submitted,20,13.9,No,No
AS-STU2026152-HW18,STU2026152,ALG1-D,HW18,2026-11-01,Late,10,8.3,No,Yes
AS-STU2026153-HW01,STU2026153,ALG1-D,HW01,2026-09-11,Submitted,20,12.2,No,No
AS-STU2026153-HW02,STU2026153,ALG1-D,HW02,,Missing,10,0,Yes,No
AS-STU2026153-HW03,STU2026153,ALG1-D,HW03,2026-09-17,Submitted,20,15.2,No,No
AS-STU2026153-HW04,STU2026153,ALG1-D,HW04,2026-09-21,Submitted,20,13.4,No,No
AS-STU2026153-HW05,STU2026153,ALG1-D,HW05,2026-09-23,Submitted,20,7.0,No,No
AS-STU2026153-HW06,STU2026153,ALG1-D,HW06,2026-09-25,Submitted,20,20.0,No,No
AS-STU2026153-HW07,STU2026153,ALG1-D,HW07,2026-09-29,Submitted,10,6.9,No,No
AS-STU2026153-HW08,STU2026153,ALG1-D,HW08,2026-10-01,Submitted,20,11.6,No,No
AS-STU2026153-HW09,STU2026153,ALG1-D,HW09,2026-10-06,Late,20,9.5,No,Yes
AS-STU2026153-HW10,STU2026153,ALG1-D,HW10,2026-10-07,Submitted,15,11.4,No,No
AS-STU2026153-HW11,STU2026153,ALG1-D,HW11,2026-10-09,Submitted,20,14.4,No,No
AS-STU2026153-HW12,STU2026153,ALG1-D,HW12,,Missing,20,0,Yes,No
AS-STU2026153-HW13,STU2026153,ALG1-D,HW13,2026-10-15,Submitted,20,13.8,No,No
AS-STU2026153-HW14,STU2026153,ALG1-D,HW14,2026-10-19,Submitted,10,4.0,No,No
AS-STU2026153-HW15,STU2026153,ALG1-D,HW15,2026-10-24,Late,20,12.7,No,Yes
AS-STU2026153-HW16,STU2026153,ALG1-D,HW16,2026-10-23,Late,20,15.8,No,Yes
AS-STU2026153-HW17,STU2026153,ALG1-D,HW17,,Missing,20,0,Yes,No
AS-STU2026153-HW18,STU2026153,ALG1-D,HW18,2026-10-29,Submitted,10,6.2,No,No
AS-STU2026154-HW01,STU2026154,ALG1-D,HW01,2026-09-11,Submitted,20,20.0,No,No
AS-STU2026154-HW02,STU2026154,ALG1-D,HW02,2026-09-15,Submitted,10,8.4,No,No
AS-STU2026154-HW03,STU2026154,ALG1-D,HW03,2026-09-17,Submitted,20,20.0,No,No
AS-STU2026154-HW04,STU2026154,ALG1-D,HW04,2026-09-21,Submitted,20,19.5,No,No
AS-STU2026154-HW05,STU2026154,ALG1-D,HW05,2026-09-23,Submitted,20,19.2,No,No
AS-STU2026154-HW06,STU2026154,ALG1-D,HW06,2026-09-25,Submitted,20,15.8,No,No
AS-STU2026154-HW07,STU2026154,ALG1-D,HW07,2026-09-29,Submitted,10,10.0,No,No
AS-STU2026154-HW08,STU2026154,ALG1-D,HW08,2026-10-01,Submitted,20,15.5,No,No
AS-STU2026154-HW09,STU2026154,ALG1-D,HW09,2026-10-08,Late,20,15.2,No,Yes
AS-STU2026154-HW10,STU2026154,ALG1-D,HW10,2026-10-07,Submitted,15,15.0,No,No
AS-STU2026154-HW11,STU2026154,ALG1-D,HW11,,Missing,20,0,Yes,No
AS-STU2026154-HW12,STU2026154,ALG1-D,HW12,2026-10-13,Submitted,20,19.1,No,No
AS-STU2026154-HW13,STU2026154,ALG1-D,HW13,2026-10-15,Submitted,20,20.0,No,No
AS-STU2026154-HW14,STU2026154,ALG1-D,HW14,2026-10-19,Submitted,10,10.0,No,No
AS-STU2026154-HW15,STU2026154,ALG1-D,HW15,2026-10-21,Submitted,20,18.2,No,No
AS-STU2026154-HW16,STU2026154,ALG1-D,HW16,2026-10-26,Late,20,17.5,No,Yes
AS-STU2026154-HW17,STU2026154,ALG1-D,HW17,2026-10-27,Submitted,20,16.8,No,No
AS-STU2026154-HW18,STU2026154,ALG1-D,HW18,2026-10-29,Submitted,10,9.3,No,No
AS-STU2026155-HW01,STU2026155,ALG1-D,HW01,2026-09-11,Submitted,20,16.0,No,No
AS-STU2026155-HW02,STU2026155,ALG1-D,HW02,2026-09-15,Submitted,10,8.4,No,No
AS-STU2026155-HW03,STU2026155,ALG1-D,HW03,2026-09-17,Submitted,20,19.0,No,No
AS-STU2026155-HW04,STU2026155,ALG1-D,HW04,2026-09-21,Submitted,20,13.4,No,No
AS-STU2026155-HW05,STU2026155,ALG1-D,HW05,,Missing,20,0,Yes,No
AS-STU2026155-HW06,STU2026155,ALG1-D,HW06,2026-09-25,Submitted,20,8.0,No,No
AS-STU2026155-HW07,STU2026155,ALG1-D,HW07,2026-09-29,Submitted,10,9.7,No,No
AS-STU2026155-HW08,STU2026155,ALG1-D,HW08,,Missing,20,0,Yes,No
AS-STU2026155-HW09,STU2026155,ALG1-D,HW09,2026-10-05,Submitted,20,16.0,No,No
AS-STU2026155-HW10,STU2026155,ALG1-D,HW10,2026-10-07,Submitted,15,9.0,No,No
AS-STU2026155-HW11,STU2026155,ALG1-D,HW11,2026-10-09,Submitted,20,15.2,No,No
AS-STU2026155-HW12,STU2026155,ALG1-D,HW12,2026-10-13,Submitted,20,11.3,No,No
AS-STU2026155-HW13,STU2026155,ALG1-D,HW13,,Missing,20,0,Yes,No
AS-STU2026155-HW14,STU2026155,ALG1-D,HW14,2026-10-19,Submitted,10,5.6,No,No
AS-STU2026155-HW15,STU2026155,ALG1-D,HW15,2026-10-21,Submitted,20,12.9,No,No
AS-STU2026155-HW16,STU2026155,ALG1-D,HW16,2026-10-23,Submitted,20,17.3,No,No
AS-STU2026155-HW17,STU2026155,ALG1-D,HW17,2026-10-27,Submitted,20,13.9,No,No
AS-STU2026155-HW18,STU2026155,ALG1-D,HW18,2026-10-29,Submitted,10,8.4,No,No
AS-STU2026156-HW01,STU2026156,ALG1-D,HW01,2026-09-11,Submitted,20,10.9,No,No
AS-STU2026156-HW02,STU2026156,ALG1-D,HW02,2026-09-15,Late,10,7.5,No,Yes
AS-STU2026156-HW03,STU2026156,ALG1-D,HW03,2026-09-17,Submitted,20,17.5,No,No
AS-STU2026156-HW04,STU2026156,ALG1-D,HW04,2026-09-22,Late,20,17.4,No,Yes
AS-STU2026156-HW05,STU2026156,ALG1-D,HW05,2026-09-25,Late,20,13.6,No,Yes
AS-STU2026156-HW06,STU2026156,ALG1-D,HW06,2026-09-25,Submitted,20,17.0,No,No
AS-STU2026156-HW07,STU2026156,ALG1-D,HW07,2026-09-29,Submitted,10,6.9,No,No
AS-STU2026156-HW08,STU2026156,ALG1-D,HW08,2026-10-01,Submitted,20,14.6,No,No
AS-STU2026156-HW09,STU2026156,ALG1-D,HW09,2026-10-05,Submitted,20,19.5,No,No
AS-STU2026156-HW10,STU2026156,ALG1-D,HW10,2026-10-08,Late,15,10.1,No,Yes
AS-STU2026156-HW11,STU2026156,ALG1-D,HW11,2026-10-09,Submitted,20,12.7,No,No
AS-STU2026156-HW12,STU2026156,ALG1-D,HW12,2026-10-13,Submitted,20,14.9,No,No
AS-STU2026156-HW13,STU2026156,ALG1-D,HW13,2026-10-15,Submitted,20,16.5,No,No
AS-STU2026156-HW14,STU2026156,ALG1-D,HW14,,Missing,10,0,Yes,No
AS-STU2026156-HW15,STU2026156,ALG1-D,HW15,2026-10-21,Submitted,20,15.8,No,No
AS-STU2026156-HW16,STU2026156,ALG1-D,HW16,2026-10-23,Submitted,20,14.4,No,No
AS-STU2026156-HW17,STU2026156,ALG1-D,HW17,2026-10-27,Submitted,20,19.0,No,No
AS-STU2026156-HW18,STU2026156,ALG1-D,HW18,2026-10-29,Submitted,10,6.2,No,No
AS-STU2026157-HW01,STU2026157,ALG1-D,HW01,2026-09-11,Submitted,20,12.1,No,No
AS-STU2026157-HW02,STU2026157,ALG1-D,HW02,2026-09-15,Submitted,10,7.6,No,No
AS-STU2026157-HW03,STU2026157,ALG1-D,HW03,2026-09-17,Submitted,20,15.8,No,No
AS-STU2026157-HW04,STU2026157,ALG1-D,HW04,2026-09-21,Submitted,20,17.8,No,No
AS-STU2026157-HW05,STU2026157,ALG1-D,HW05,2026-09-23,Submitted,20,15.7,No,No
AS-STU2026157-HW06,STU2026157,ALG1-D,HW06,2026-09-25,Submitted,20,12.4,No,No
AS-STU2026157-HW07,STU2026157,ALG1-D,HW07,2026-09-29,Submitted,10,8.5,No,No
AS-STU2026157-HW08,STU2026157,ALG1-D,HW08,2026-10-04,Late,20,9.3,No,Yes
AS-STU2026157-HW09,STU2026157,ALG1-D,HW09,2026-10-05,Submitted,20,17.3,No,No
AS-STU2026157-HW10,STU2026157,ALG1-D,HW10,2026-10-07,Submitted,15,7.3,No,No
AS-STU2026157-HW11,STU2026157,ALG1-D,HW11,2026-10-09,Submitted,20,18.4,No,No
AS-STU2026157-HW12,STU2026157,ALG1-D,HW12,2026-10-13,Submitted,20,14.9,No,No
AS-STU2026157-HW13,STU2026157,ALG1-D,HW13,2026-10-15,Submitted,20,13.1,No,No
AS-STU2026157-HW14,STU2026157,ALG1-D,HW14,2026-10-19,Late,10,6.7,No,Yes
AS-STU2026157-HW15,STU2026157,ALG1-D,HW15,2026-10-21,Submitted,20,15.8,No,No
AS-STU2026157-HW16,STU2026157,ALG1-D,HW16,2026-10-23,Submitted,20,13.6,No,No
AS-STU2026157-HW17,STU2026157,ALG1-D,HW17,2026-10-27,Submitted,20,13.7,No,No
AS-STU2026157-HW18,STU2026157,ALG1-D,HW18,2026-10-29,Submitted,10,6.1,No,No
AS-STU2026158-HW01,STU2026158,ALG1-D,HW01,2026-09-11,Submitted,20,12.1,No,No
AS-STU2026158-HW02,STU2026158,ALG1-D,HW02,2026-09-15,Submitted,10,8.5,No,No
AS-STU2026158-HW03,STU2026158,ALG1-D,HW03,2026-09-17,Submitted,20,14.3,No,No
AS-STU2026158-HW04,STU2026158,ALG1-D,HW04,2026-09-21,Submitted,20,8.4,No,No
AS-STU2026158-HW05,STU2026158,ALG1-D,HW05,2026-09-23,Submitted,20,17.4,No,No
AS-STU2026158-HW06,STU2026158,ALG1-D,HW06,2026-09-25,Submitted,20,12.7,No,No
AS-STU2026158-HW07,STU2026158,ALG1-D,HW07,2026-09-29,Submitted,10,8.0,No,No
AS-STU2026158-HW08,STU2026158,ALG1-D,HW08,2026-10-01,Submitted,20,17.4,No,No
AS-STU2026158-HW09,STU2026158,ALG1-D,HW09,2026-10-05,Submitted,20,11.1,No,No
AS-STU2026158-HW10,STU2026158,ALG1-D,HW10,2026-10-07,Submitted,15,14.9,No,No
AS-STU2026158-HW11,STU2026158,ALG1-D,HW11,2026-10-09,Submitted,20,13.7,No,No
AS-STU2026158-HW12,STU2026158,ALG1-D,HW12,2026-10-13,Submitted,20,11.9,No,No
AS-STU2026158-HW13,STU2026158,ALG1-D,HW13,2026-10-15,Submitted,20,14.4,No,No
AS-STU2026158-HW14,STU2026158,ALG1-D,HW14,2026-10-19,Submitted,10,4.9,No,No
AS-STU2026158-HW15,STU2026158,ALG1-D,HW15,2026-10-21,Submitted,20,13.2,No,No
AS-STU2026158-HW16,STU2026158,ALG1-D,HW16,2026-10-23,Submitted,20,16.4,No,No
AS-STU2026158-HW17,STU2026158,ALG1-D,HW17,2026-10-27,Submitted,20,18.6,No,No
AS-STU2026158-HW18,STU2026158,ALG1-D,HW18,2026-10-29,Submitted,10,7.7,No,No
AS-STU2026159-HW01,STU2026159,ALG1-D,HW01,,Missing,20,0,Yes,No
AS-STU2026159-HW02,STU2026159,ALG1-D,HW02,2026-09-15,Submitted,10,8.4,No,No
AS-STU2026159-HW03,STU2026159,ALG1-D,HW03,2026-09-17,Submitted,20,15.4,No,No
AS-STU2026159-HW04,STU2026159,ALG1-D,HW04,2026-09-21,Submitted,20,12.2,No,No
AS-STU2026159-HW05,STU2026159,ALG1-D,HW05,2026-09-23,Submitted,20,15.7,No,No
AS-STU2026159-HW06,STU2026159,ALG1-D,HW06,2026-09-25,Submitted,20,11.3,No,No
AS-STU2026159-HW07,STU2026159,ALG1-D,HW07,2026-09-29,Late,10,7.8,No,Yes
AS-STU2026159-HW08,STU2026159,ALG1-D,HW08,2026-10-01,Submitted,20,19.4,No,No
AS-STU2026159-HW09,STU2026159,ALG1-D,HW09,2026-10-08,Late,20,13.3,No,Yes
AS-STU2026159-HW10,STU2026159,ALG1-D,HW10,2026-10-07,Submitted,15,11.5,No,No
AS-STU2026159-HW11,STU2026159,ALG1-D,HW11,2026-10-09,Submitted,20,18.4,No,No
AS-STU2026159-HW12,STU2026159,ALG1-D,HW12,2026-10-13,Submitted,20,16.3,No,No
AS-STU2026159-HW13,STU2026159,ALG1-D,HW13,2026-10-15,Submitted,20,17.6,No,No
AS-STU2026159-HW14,STU2026159,ALG1-D,HW14,2026-10-19,Submitted,10,8.8,No,No
AS-STU2026159-HW15,STU2026159,ALG1-D,HW15,2026-10-21,Submitted,20,20.0,No,No
AS-STU2026159-HW16,STU2026159,ALG1-D,HW16,2026-10-23,Submitted,20,12.1,No,No
AS-STU2026159-HW17,STU2026159,ALG1-D,HW17,,Missing,20,0,Yes,No
AS-STU2026159-HW18,STU2026159,ALG1-D,HW18,2026-10-29,Submitted,10,9.3,No,No
AS-STU2026160-HW01,STU2026160,ALG1-D,HW01,2026-09-11,Submitted,20,16.4,No,No
AS-STU2026160-HW02,STU2026160,ALG1-D,HW02,2026-09-15,Submitted,10,7.7,No,No
AS-STU2026160-HW03,STU2026160,ALG1-D,HW03,2026-09-17,Submitted,20,20.0,No,No
AS-STU2026160-HW04,STU2026160,ALG1-D,HW04,2026-09-21,Submitted,20,17.0,No,No
AS-STU2026160-HW05,STU2026160,ALG1-D,HW05,2026-09-23,Submitted,20,14.4,No,No
AS-STU2026160-HW06,STU2026160,ALG1-D,HW06,2026-09-25,Submitted,20,12.5,No,No
AS-STU2026160-HW07,STU2026160,ALG1-D,HW07,2026-09-29,Submitted,10,7.2,No,No
AS-STU2026160-HW08,STU2026160,ALG1-D,HW08,2026-10-01,Submitted,20,17.8,No,No
AS-STU2026160-HW09,STU2026160,ALG1-D,HW09,2026-10-05,Submitted,20,13.3,No,No
AS-STU2026160-HW10,STU2026160,ALG1-D,HW10,2026-10-07,Submitted,15,6.5,No,No
AS-STU2026160-HW11,STU2026160,ALG1-D,HW11,2026-10-09,Submitted,20,19.5,No,No
AS-STU2026160-HW12,STU2026160,ALG1-D,HW12,2026-10-13,Submitted,20,15.9,No,No
AS-STU2026160-HW13,STU2026160,ALG1-D,HW13,2026-10-15,Submitted,20,16.4,No,No
AS-STU2026160-HW14,STU2026160,ALG1-D,HW14,,Missing,10,0,Yes,No
AS-STU2026160-HW15,STU2026160,ALG1-D,HW15,2026-10-21,Submitted,20,14.9,No,No
AS-STU2026160-HW16,STU2026160,ALG1-D,HW16,2026-10-23,Submitted,20,14.5,No,No
AS-STU2026160-HW17,STU2026160,ALG1-D,HW17,2026-10-30,Late,20,12.7,No,Yes
AS-STU2026160-HW18,STU2026160,ALG1-D,HW18,2026-10-29,Submitted,10,10.0,No,No
