attendance_id,student_id,course_id,date,status,minutes_late,excused_flag
ATT-STU2026001-2026-09-08,STU2026001,ALG1-A,2026-09-08,Absent,0,Yes
ATT-STU2026001-2026-09-09,STU2026001,ALG1-A,2026-09-09,Present,0,
ATT-STU2026001-2026-09-10,STU2026001,ALG1-A,2026-09-10,Present,0,
ATT-STU2026001-2026-09-11,STU2026001,ALG1-A,2026-09-11,Present,0,
ATT-STU2026001-2026-09-14,STU2026001,ALG1-A,2026-09-14,Present,0,
ATT-STU2026001-2026-09-15,STU2026001,ALG1-A,2026-09-15,Present,0,
ATT-STU2026001-2026-09-16,STU2026001,ALG1-A,2026-09-16,Present,0,
ATT-STU2026001-2026-09-17,STU2026001,ALG1-A,2026-09-17,Absent,0,No
ATT-STU2026001-2026-09-18,STU2026001,ALG1-A,2026-09-18,Present,0,
ATT-STU2026001-2026-09-21,STU2026001,ALG1-A,2026-09-21,Present,0,
ATT-STU2026001-2026-09-22,STU2026001,ALG1-A,2026-09-22,Present,0,
ATT-STU2026001-2026-09-23,STU2026001,ALG1-A,2026-09-23,Present,0,
ATT-STU2026001-2026-09-24,STU2026001,ALG1-A,2026-09-24,Present,0,
ATT-STU2026001-2026-09-25,STU2026001,ALG1-A,2026-09-25,Present,0,
ATT-STU2026001-2026-09-28,STU2026001,ALG1-A,2026-09-28,Present,0,
ATT-STU2026001-2026-09-29,STU2026001,ALG1-A,2026-09-29,Present,0,
ATT-STU2026001-2026-09-30,STU2026001,ALG1-A,2026-09-30,Present,0,
ATT-STU2026001-2026-10-01,STU2026001,ALG1-A,2026-10-01,Present,0,
ATT-STU2026001-2026-10-02,STU2026001,ALG1-A,2026-10-02,Present,0,
ATT-STU2026001-2026-10-05,STU2026001,ALG1-A,2026-10-05,Present,0,
ATT-STU2026001-2026-10-06,STU2026001,ALG1-A,2026-10-06,Present,0,
ATT-STU2026001-2026-10-07,STU2026001,ALG1-A,2026-10-07,Present,0,
ATT-STU2026001-2026-10-08,STU2026001,ALG1-A,2026-10-08,Present,0,
ATT-STU2026001-2026-10-09,STU2026001,ALG1-A,2026-10-09,Present,0,
ATT-STU2026001-2026-10-12,STU2026001,ALG1-A,2026-10-12,Present,0,
ATT-STU2026001-2026-10-13,STU2026001,ALG1-A,2026-10-13,Present,0,
ATT-STU2026001-2026-10-14,STU2026001,ALG1-A,2026-10-14,Present,0,
ATT-STU2026001-2026-10-15,STU2026001,ALG1-A,2026-10-15,Present,0,
ATT-STU2026001-2026-10-16,STU2026001,ALG1-A,2026-10-16,Present,0,
ATT-STU2026001-2026-10-19,STU2026001,ALG1-A,2026-10-19,Present,0,
ATT-STU2026001-2026-10-20,STU2026001,ALG1-A,2026-10-20,Present,0,
ATT-STU2026001-2026-10-21,STU2026001,ALG1-A,2026-10-21,Present,0,
ATT-STU2026001-2026-10-22,STU2026001,ALG1-A,2026-10-22,Present,0,
ATT-STU2026001-2026-10-23,STU2026001,ALG1-A,2026-10-23,Present,0,
ATT-STU2026001-2026-10-26,STU2026001,ALG1-A,2026-10-26,Present,0,
ATT-STU2026001-2026-10-27,STU2026001,ALG1-A,2026-10-27,Present,0,
ATT-STU2026001-2026-10-28,STU2026001,ALG1-A,2026-10-28,Present,0,
ATT-STU2026001-2026-10-29,STU2026001,ALG1-A,2026-10-29,Present,0,
ATT-STU2026001-2026-10-30,STU2026001,ALG1-A,2026-10-30,Present,0,
ATT-STU2026001-2026-11-02,STU2026001,ALG1-A,2026-11-02,Present,0,
ATT-STU2026001-2026-11-03,STU2026001,ALG1-A,2026-11-03,Present,0,
ATT-STU2026001-2026-11-04,STU2026001,ALG1-A,2026-11-04,Present,0,
ATT-STU2026001-2026-11-05,STU2026001,ALG1-A,2026-11-05,Present,0,
ATT-STU2026001-2026-11-06,STU2026001,ALG1-A,2026-11-06,Present,0,
ATT-STU2026001-2026-11-09,STU2026001,ALG1-A,2026-11-09,Present,0,
ATT-STU2026002-2026-09-08,STU2026002,ALG1-A,2026-09-08,Absent,0,Yes
ATT-STU2026002-2026-09-09,STU2026002,ALG1-A,2026-09-09,Present,0,
ATT-STU2026002-2026-09-10,STU2026002,ALG1-A,2026-09-10,Present,0,
ATT-STU2026002-2026-09-11,STU2026002,ALG1-A,2026-09-11,Present,0,
ATT-STU2026002-2026-09-14,STU2026002,ALG1-A,2026-09-14,Present,0,
ATT-STU2026002-2026-09-15,STU2026002,ALG1-A,2026-09-15,Present,0,
ATT-STU2026002-2026-09-16,STU2026002,ALG1-A,2026-09-16,Present,0,
ATT-STU2026002-2026-09-17,STU2026002,ALG1-A,2026-09-17,Present,0,
ATT-STU2026002-2026-09-18,STU2026002,ALG1-A,2026-09-18,Present,0,
ATT-STU2026002-2026-09-21,STU2026002,ALG1-A,2026-09-21,Present,0,
ATT-STU2026002-2026-09-22,STU2026002,ALG1-A,2026-09-22,Present,0,
ATT-STU2026002-2026-09-23,STU2026002,ALG1-A,2026-09-23,Absent,0,No
ATT-STU2026002-2026-09-24,STU2026002,ALG1-A,2026-09-24,Present,0,
ATT-STU2026002-2026-09-25,STU2026002,ALG1-A,2026-09-25,Present,0,
ATT-STU2026002-2026-09-28,STU2026002,ALG1-A,2026-09-28,Present,0,
ATT-STU2026002-2026-09-29,STU2026002,ALG1-A,2026-09-29,Present,0,
ATT-STU2026002-2026-09-30,STU2026002,ALG1-A,2026-09-30,Present,0,
ATT-STU2026002-2026-10-01,STU2026002,ALG1-A,2026-10-01,Present,0,
ATT-STU2026002-2026-10-02,STU2026002,ALG1-A,2026-10-02,Present,0,
ATT-STU2026002-2026-10-05,STU2026002,ALG1-A,2026-10-05,Present,0,
ATT-STU2026002-2026-10-06,STU2026002,ALG1-A,2026-10-06,Present,0,
ATT-STU2026002-2026-10-07,STU2026002,ALG1-A,2026-10-07,Present,0,
ATT-STU2026002-2026-10-08,STU2026002,ALG1-A,2026-10-08,Present,0,
ATT-STU2026002-2026-10-09,STU2026002,ALG1-A,2026-10-09,Present,0,
ATT-STU2026002-2026-10-12,STU2026002,ALG1-A,2026-10-12,Present,0,
ATT-STU2026002-2026-10-13,STU2026002,ALG1-A,2026-10-13,Present,0,
ATT-STU2026002-2026-10-14,STU2026002,ALG1-A,2026-10-14,Present,0,
ATT-STU2026002-2026-10-15,STU2026002,ALG1-A,2026-10-15,Present,0,
ATT-STU2026002-2026-10-16,STU2026002,ALG1-A,2026-10-16,Present,0,
ATT-STU2026002-2026-10-19,STU2026002,ALG1-A,2026-10-19,Present,0,
ATT-STU2026002-2026-10-20,STU2026002,ALG1-A,2026-10-20,Tardy,10,
ATT-STU2026002-2026-10-21,STU2026002,ALG1-A,2026-10-21,Present,0,
ATT-STU2026002-2026-10-22,STU2026002,ALG1-A,2026-10-22,Present,0,
ATT-STU2026002-2026-10-23,STU2026002,ALG1-A,2026-10-23,Absent,0,Yes
ATT-STU2026002-2026-10-26,STU2026002,ALG1-A,2026-10-26,Present,0,
ATT-STU2026002-2026-10-27,STU2026002,ALG1-A,2026-10-27,Present,0,
ATT-STU2026002-2026-10-28,STU2026002,ALG1-A,2026-10-28,Present,0,
ATT-STU2026002-2026-10-29,STU2026002,ALG1-A,2026-10-29,Present,0,
ATT-STU2026002-2026-10-30,STU2026002,ALG1-A,2026-10-30,Present,0,
ATT-STU2026002-2026-11-02,STU2026002,ALG1-A,2026-11-02,Present,0,
ATT-STU2026002-2026-11-03,STU2026002,ALG1-A,2026-11-03,Present,0,
ATT-STU2026002-2026-11-04,STU2026002,ALG1-A,2026-11-04,Present,0,
ATT-STU2026002-2026-11-05,STU2026002,ALG1-A,2026-11-05,Present,0,
ATT-STU2026002-2026-11-06,STU2026002,ALG1-A,2026-11-06,Absent,0,Yes
ATT-STU2026002-2026-11-09,STU2026002,ALG1-A,2026-11-09,Tardy,5,
ATT-STU2026003-2026-09-08,STU2026003,ALG1-A,2026-09-08,Present,0,
ATT-STU2026003-2026-09-09,STU2026003,ALG1-A,2026-09-09,Present,0,
ATT-STU2026003-2026-09-10,STU2026003,ALG1-A,2026-09-10,Present,0,
ATT-STU2026003-2026-09-11,STU2026003,ALG1-A,2026-09-11,Present,0,
ATT-STU2026003-2026-09-14,STU2026003,ALG1-A,2026-09-14,Present,0,
ATT-STU2026003-2026-09-15,STU2026003,ALG1-A,2026-09-15,Present,0,
ATT-STU2026003-2026-09-16,STU2026003,ALG1-A,2026-09-16,Absent,0,Yes
ATT-STU2026003-2026-09-17,STU2026003,ALG1-A,2026-09-17,Present,0,
ATT-STU2026003-2026-09-18,STU2026003,ALG1-A,2026-09-18,Present,0,
ATT-STU2026003-2026-09-21,STU2026003,ALG1-A,2026-09-21,Present,0,
ATT-STU2026003-2026-09-22,STU2026003,ALG1-A,2026-09-22,Present,0,
ATT-STU2026003-2026-09-23,STU2026003,ALG1-A,2026-09-23,Present,0,
ATT-STU2026003-2026-09-24,STU2026003,ALG1-A,2026-09-24,Present,0,
ATT-STU2026003-2026-09-25,STU2026003,ALG1-A,2026-09-25,Present,0,
ATT-STU2026003-2026-09-28,STU2026003,ALG1-A,2026-09-28,Present,0,
ATT-STU2026003-2026-09-29,STU2026003,ALG1-A,2026-09-29,Present,0,
ATT-STU2026003-2026-09-30,STU2026003,ALG1-A,2026-09-30,Present,0,
ATT-STU2026003-2026-10-01,STU2026003,ALG1-A,2026-10-01,Tardy,10,
ATT-STU2026003-2026-10-02,STU2026003,ALG1-A,2026-10-02,Present,0,
ATT-STU2026003-2026-10-05,STU2026003,ALG1-A,2026-10-05,Present,0,
ATT-STU2026003-2026-10-06,STU2026003,ALG1-A,2026-10-06,Present,0,
ATT-STU2026003-2026-10-07,STU2026003,ALG1-A,2026-10-07,Present,0,
ATT-STU2026003-2026-10-08,STU2026003,ALG1-A,2026-10-08,Present,0,
ATT-STU2026003-2026-10-09,STU2026003,ALG1-A,2026-10-09,Present,0,
ATT-STU2026003-2026-10-12,STU2026003,ALG1-A,2026-10-12,Present,0,
ATT-STU2026003-2026-10-13,STU2026003,ALG1-A,2026-10-13,Absent,0,Yes
ATT-STU2026003-2026-10-14,STU2026003,ALG1-A,2026-10-14,Present,0,
ATT-STU2026003-2026-10-15,STU2026003,ALG1-A,2026-10-15,Present,0,
ATT-STU2026003-2026-10-16,STU2026003,ALG1-A,2026-10-16,Present,0,
ATT-STU2026003-2026-10-19,STU2026003,ALG1-A,2026-10-19,Absent,0,No
ATT-STU2026003-2026-10-20,STU2026003,ALG1-A,2026-10-20,Present,0,
ATT-STU2026003-2026-10-21,STU2026003,ALG1-A,2026-10-21,Present,0,
ATT-STU2026003-2026-10-22,STU2026003,ALG1-A,2026-10-22,Present,0,
ATT-STU2026003-2026-10-23,STU2026003,ALG1-A,2026-10-23,Present,0,
ATT-STU2026003-2026-10-26,STU2026003,ALG1-A,2026-10-26,Present,0,
ATT-STU2026003-2026-10-27,STU2026003,ALG1-A,2026-10-27,Present,0,
ATT-STU2026003-2026-10-28,STU2026003,ALG1-A,2026-10-28,Present,0,
ATT-STU2026003-2026-10-29,STU2026003,ALG1-A,2026-10-29,Absent,0,No
ATT-STU2026003-2026-10-30,STU2026003,ALG1-A,2026-10-30,Absent,0,No
ATT-STU2026003-2026-11-02,STU2026003,ALG1-A,2026-11-02,Present,0,
ATT-STU2026003-2026-11-03,STU2026003,ALG1-A,2026-11-03,Present,0,
ATT-STU2026003-2026-11-04,STU2026003,ALG1-A,2026-11-04,Present,0,
ATT-STU2026003-2026-11-05,STU2026003,ALG1-A,2026-11-05,Present,0,
ATT-STU2026003-2026-11-06,STU2026003,ALG1-A,2026-11-06,Present,0,
ATT-STU2026003-2026-11-09,STU2026003,ALG1-A,2026-11-09,Present,0,
ATT-STU2026004-2026-09-08,STU2026004,ALG1-A,2026-09-08,Present,0,
ATT-STU2026004-2026-09-09,STU2026004,ALG1-A,2026-09-09,Present,0,
ATT-STU2026004-2026-09-10,STU2026004,ALG1-A,2026-09-10,Present,0,
ATT-STU2026004-2026-09-11,STU2026004,ALG1-A,2026-09-11,Present,0,
ATT-STU2026004-2026-09-14,STU2026004,ALG1-A,2026-09-14,Present,0,
ATT-STU2026004-2026-09-15,STU2026004,ALG1-A,2026-09-15,Present,0,
ATT-STU2026004-2026-09-16,STU2026004,ALG1-A,2026-09-16,Present,0,
ATT-STU2026004-2026-09-17,STU2026004,ALG1-A,2026-09-17,Present,0,
ATT-STU2026004-2026-09-18,STU2026004,ALG1-A,2026-09-18,Present,0,
ATT-STU2026004-2026-09-21,STU2026004,ALG1-A,2026-09-21,Present,0,
ATT-STU2026004-2026-09-22,STU2026004,ALG1-A,2026-09-22,Present,0,
ATT-STU2026004-2026-09-23,STU2026004,ALG1-A,2026-09-23,Present,0,
ATT-STU2026004-2026-09-24,STU2026004,ALG1-A,2026-09-24,Present,0,
ATT-STU2026004-2026-09-25,STU2026004,ALG1-A,2026-09-25,Present,0,
ATT-STU2026004-2026-09-28,STU2026004,ALG1-A,2026-09-28,Present,0,
ATT-STU2026004-2026-09-29,STU2026004,ALG1-A,2026-09-29,Present,0,
ATT-STU2026004-2026-09-30,STU2026004,ALG1-A,2026-09-30,Present,0,
ATT-STU2026004-2026-10-01,STU2026004,ALG1-A,2026-10-01,Present,0,
ATT-STU2026004-2026-10-02,STU2026004,ALG1-A,2026-10-02,Present,0,
ATT-STU2026004-2026-10-05,STU2026004,ALG1-A,2026-10-05,Present,0,
ATT-STU2026004-2026-10-06,STU2026004,ALG1-A,2026-10-06,Present,0,
ATT-STU2026004-2026-10-07,STU2026004,ALG1-A,2026-10-07,Present,0,
ATT-STU2026004-2026-10-08,STU2026004,ALG1-A,2026-10-08,Present,0,
ATT-STU2026004-2026-10-09,STU2026004,ALG1-A,2026-10-09,Present,0,
ATT-STU2026004-2026-10-12,STU2026004,ALG1-A,2026-10-12,Present,0,
ATT-STU2026004-2026-10-13,STU2026004,ALG1-A,2026-10-13,Present,0,
ATT-STU2026004-2026-10-14,STU2026004,ALG1-A,2026-10-14,Present,0,
ATT-STU2026004-2026-10-15,STU2026004,ALG1-A,2026-10-15,Present,0,
ATT-STU2026004-2026-10-16,STU2026004,ALG1-A,2026-10-16,Absent,0,No
ATT-STU2026004-2026-10-19,STU2026004,ALG1-A,2026-10-19,Present,0,
ATT-STU2026004-2026-10-20,STU2026004,ALG1-A,2026-10-20,Present,0,
ATT-STU2026004-2026-10-21,STU2026004,ALG1-A,2026-10-21,Present,0,
ATT-STU2026004-2026-10-22,STU2026004,ALG1-A,2026-10-22,Present,0,
ATT-STU2026004-2026-10-23,STU2026004,ALG1-A,2026-10-23,Present,0,
ATT-STU2026004-2026-10-26,STU2026004,ALG1-A,2026-10-26,Present,0,
ATT-STU2026004-2026-10-27,STU2026004,ALG1-A,2026-10-27,Present,0,
ATT-STU2026004-2026-10-28,STU2026004,ALG1-A,2026-10-28,Present,0,
ATT-STU2026004-2026-10-29,STU2026004,ALG1-A,2026-10-29,Present,0,
ATT-STU2026004-2026-10-30,STU2026004,ALG1-A,2026-10-30,Present,0,
ATT-STU2026004-2026-11-02,STU2026004,ALG1-A,2026-11-02,Present,0,
ATT-STU2026004-2026-11-03,STU2026004,ALG1-A,2026-11-03,Present,0,
ATT-STU2026004-2026-11-04,STU2026004,ALG1-A,2026-11-04,Present,0,
ATT-STU2026004-2026-11-05,STU2026004,ALG1-A,2026-11-05,Absent,0,Yes
ATT-STU2026004-2026-11-06,STU2026004,ALG1-A,2026-11-06,Present,0,
ATT-STU2026004-2026-11-09,STU2026004,ALG1-A,2026-11-09,Present,0,
ATT-STU2026005-2026-09-08,STU2026005,ALG1-A,2026-09-08,Present,0,
ATT-STU2026005-2026-09-09,STU2026005,ALG1-A,2026-09-09,Present,0,
ATT-STU2026005-2026-09-10,STU2026005,ALG1-A,2026-09-10,Present,0,
ATT-STU2026005-2026-09-11,STU2026005,ALG1-A,2026-09-11,Present,0,
ATT-STU2026005-2026-09-14,STU2026005,ALG1-A,2026-09-14,Present,0,
ATT-STU2026005-2026-09-15,STU2026005,ALG1-A,2026-09-15,Present,0,
ATT-STU2026005-2026-09-16,STU2026005,ALG1-A,2026-09-16,Present,0,
ATT-STU2026005-2026-09-17,STU2026005,ALG1-A,2026-09-17,Present,0,
ATT-STU2026005-2026-09-18,STU2026005,ALG1-A,2026-09-18,Present,0,
ATT-STU2026005-2026-09-21,STU2026005,ALG1-A,2026-09-21,Present,0,
ATT-STU2026005-2026-09-22,STU2026005,ALG1-A,2026-09-22,Tardy,7,
ATT-STU2026005-2026-09-23,STU2026005,ALG1-A,2026-09-23,Absent,0,Yes
ATT-STU2026005-2026-09-24,STU2026005,ALG1-A,2026-09-24,Present,0,
ATT-STU2026005-2026-09-25,STU2026005,ALG1-A,2026-09-25,Absent,0,No
ATT-STU2026005-2026-09-28,STU2026005,ALG1-A,2026-09-28,Present,0,
ATT-STU2026005-2026-09-29,STU2026005,ALG1-A,2026-09-29,Present,0,
ATT-STU2026005-2026-09-30,STU2026005,ALG1-A,2026-09-30,Present,0,
ATT-STU2026005-2026-10-01,STU2026005,ALG1-A,2026-10-01,Present,0,
ATT-STU2026005-2026-10-02,STU2026005,ALG1-A,2026-10-02,Present,0,
ATT-STU2026005-2026-10-05,STU2026005,ALG1-A,2026-10-05,Tardy,5,
ATT-STU2026005-2026-10-06,STU2026005,ALG1-A,2026-10-06,Present,0,
ATT-STU2026005-2026-10-07,STU2026005,ALG1-A,2026-10-07,Present,0,
ATT-STU2026005-2026-10-08,STU2026005,ALG1-A,2026-10-08,Present,0,
ATT-STU2026005-2026-10-09,STU2026005,ALG1-A,2026-10-09,Tardy,3,
ATT-STU2026005-2026-10-12,STU2026005,ALG1-A,2026-10-12,Present,0,
ATT-STU2026005-2026-10-13,STU2026005,ALG1-A,2026-10-13,Present,0,
ATT-STU2026005-2026-10-14,STU2026005,ALG1-A,2026-10-14,Present,0,
ATT-STU2026005-2026-10-15,STU2026005,ALG1-A,2026-10-15,Present,0,
ATT-STU2026005-2026-10-16,STU2026005,ALG1-A,2026-10-16,Tardy,3,
ATT-STU2026005-2026-10-19,STU2026005,ALG1-A,2026-10-19,Present,0,
ATT-STU2026005-2026-10-20,STU2026005,ALG1-A,2026-10-20,Present,0,
ATT-STU2026005-2026-10-21,STU2026005,ALG1-A,2026-10-21,Present,0,
ATT-STU2026005-2026-10-22,STU2026005,ALG1-A,2026-10-22,Present,0,
ATT-STU2026005-2026-10-23,STU2026005,ALG1-A,2026-10-23,Absent,0,Yes
ATT-STU2026005-2026-10-26,STU2026005,ALG1-A,2026-10-26,Present,0,
ATT-STU2026005-2026-10-27,STU2026005,ALG1-A,2026-10-27,Present,0,
ATT-STU2026005-2026-10-28,STU2026005,ALG1-A,2026-10-28,Present,0,
ATT-STU2026005-2026-10-29,STU2026005,ALG1-A,2026-10-29,Present,0,
ATT-STU2026005-2026-10-30,STU2026005,ALG1-A,2026-10-30,Present,0,
ATT-STU2026005-2026-11-02,STU2026005,ALG1-A,2026-11-02,Present,0,
ATT-STU2026005-2026-11-03,STU2026005,ALG1-A,2026-11-03,Present,0,
ATT-STU2026005-2026-11-04,STU2026005,ALG1-A,2026-11-04,Present,0,
ATT-STU2026005-2026-11-05,STU2026005,ALG1-A,2026-11-05,Present,0,
ATT-STU2026005-2026-11-06,STU2026005,ALG1-A,2026-11-06,Present,0,
ATT-STU2026005-2026-11-09,STU2026005,ALG1-A,2026-11-09,Present,0,
ATT-STU2026006-2026-09-08,STU2026006,ALG1-A,2026-09-08,Present,0,
ATT-STU2026006-2026-09-09,STU2026006,ALG1-A,2026-09-09,Present,0,
ATT-STU2026006-2026-09-10,STU2026006,ALG1-A,2026-09-10,Present,0,
ATT-STU2026006-2026-09-11,STU2026006,ALG1-A,2026-09-11,Present,0,
ATT-STU2026006-2026-09-14,STU2026006,ALG1-A,2026-09-14,Present,0,
ATT-STU2026006-2026-09-15,STU2026006,ALG1-A,2026-09-15,Present,0,
ATT-STU2026006-2026-09-16,STU2026006,ALG1-A,2026-09-16,Present,0,
ATT-STU2026006-2026-09-17,STU2026006,ALG1-A,2026-09-17,Present,0,
ATT-STU2026006-2026-09-18,STU2026006,ALG1-A,2026-09-18,Absent,0,Yes
ATT-STU2026006-2026-09-21,STU2026006,ALG1-A,2026-09-21,Present,0,
ATT-STU2026006-2026-09-22,STU2026006,ALG1-A,2026-09-22,Present,0,
ATT-STU2026006-2026-09-23,STU2026006,ALG1-A,2026-09-23,Present,0,
ATT-STU2026006-2026-09-24,STU2026006,ALG1-A,2026-09-24,Present,0,
ATT-STU2026006-2026-09-25,STU2026006,ALG1-A,2026-09-25,Present,0,
ATT-STU2026006-2026-09-28,STU2026006,ALG1-A,2026-09-28,Present,0,
ATT-STU2026006-2026-09-29,STU2026006,ALG1-A,2026-09-29,Present,0,
ATT-STU2026006-2026-09-30,STU2026006,ALG1-A,2026-09-30,Present,0,
ATT-STU2026006-2026-10-01,STU2026006,ALG1-A,2026-10-01,Present,0,
ATT-STU2026006-2026-10-02,STU2026006,ALG1-A,2026-10-02,Present,0,
ATT-STU2026006-2026-10-05,STU2026006,ALG1-A,2026-10-05,Present,0,
ATT-STU2026006-2026-10-06,STU2026006,ALG1-A,2026-10-06,Present,0,
ATT-STU2026006-2026-10-07,STU2026006,ALG1-A,2026-10-07,Absent,0,No
ATT-STU2026006-2026-10-08,STU2026006,ALG1-A,2026-10-08,Present,0,
ATT-STU2026006-2026-10-09,STU2026006,ALG1-A,2026-10-09,Present,0,
ATT-STU2026006-2026-10-12,STU2026006,ALG1-A,2026-10-12,Absent,0,Yes
ATT-STU2026006-2026-10-13,STU2026006,ALG1-A,2026-10-13,Present,0,
ATT-STU2026006-2026-10-14,STU2026006,ALG1-A,2026-10-14,Present,0,
ATT-STU2026006-2026-10-15,STU2026006,ALG1-A,2026-10-15,Present,0,
ATT-STU2026006-2026-10-16,STU2026006,ALG1-A,2026-10-16,Present,0,
ATT-STU2026006-2026-10-19,STU2026006,ALG1-A,2026-10-19,Absent,0,Yes
ATT-STU2026006-2026-10-20,STU2026006,ALG1-A,2026-10-20,Present,0,
ATT-STU2026006-2026-10-21,STU2026006,ALG1-A,2026-10-21,Absent,0,Yes
ATT-STU2026006-2026-10-22,STU2026006,ALG1-A,2026-10-22,Present,0,
ATT-STU2026006-2026-10-23,STU2026006,ALG1-A,2026-10-23,Absent,0,Yes
ATT-STU2026006-2026-10-26,STU2026006,ALG1-A,2026-10-26,Absent,0,No
ATT-STU2026006-2026-10-27,STU2026006,ALG1-A,2026-10-27,Present,0,
ATT-STU2026006-2026-10-28,STU2026006,ALG1-A,2026-10-28,Present,0,
ATT-STU2026006-2026-10-29,STU2026006,ALG1-A,2026-10-29,Present,0,
ATT-STU2026006-2026-10-30,STU2026006,ALG1-A,2026-10-30,Absent,0,No
ATT-STU2026006-2026-11-02,STU2026006,ALG1-A,2026-11-02,Present,0,
ATT-STU2026006-2026-11-03,STU2026006,ALG1-A,2026-11-03,Present,0,
ATT-STU2026006-2026-11-04,STU2026006,ALG1-A,2026-11-04,Present,0,
ATT-STU2026006-2026-11-05,STU2026006,ALG1-A,2026-11-05,Present,0,
ATT-STU2026006-2026-11-06,STU2026006,ALG1-A,2026-11-06,Present,0,
ATT-STU2026006-2026-11-09,STU2026006,ALG1-A,2026-11-09,Present,0,
ATT-STU2026007-2026-09-08,STU2026007,ALG1-A,2026-09-08,Absent,0,No
ATT-STU2026007-2026-09-09,STU2026007,ALG1-A,2026-09-09,Present,0,
ATT-STU2026007-2026-09-10,STU2026007,ALG1-A,2026-09-10,Present,0,
ATT-STU2026007-2026-09-11,STU2026007,ALG1-A,2026-09-11,Present,0,
ATT-STU2026007-2026-09-14,STU2026007,ALG1-A,2026-09-14,Present,0,
ATT-STU2026007-2026-09-15,STU2026007,ALG1-A,2026-09-15,Present,0,
ATT-STU2026007-2026-09-16,STU2026007,ALG1-A,2026-09-16,Present,0,
ATT-STU2026007-2026-09-17,STU2026007,ALG1-A,2026-09-17,Present,0,
ATT-STU2026007-2026-09-18,STU2026007,ALG1-A,2026-09-18,Present,0,
ATT-STU2026007-2026-09-21,STU2026007,ALG1-A,2026-09-21,Present,0,
ATT-STU2026007-2026-09-22,STU2026007,ALG1-A,2026-09-22,Present,0,
ATT-STU2026007-2026-09-23,STU2026007,ALG1-A,2026-09-23,Present,0,
ATT-STU2026007-2026-09-24,STU2026007,ALG1-A,2026-09-24,Present,0,
ATT-STU2026007-2026-09-25,STU2026007,ALG1-A,2026-09-25,Present,0,
ATT-STU2026007-2026-09-28,STU2026007,ALG1-A,2026-09-28,Present,0,
ATT-STU2026007-2026-09-29,STU2026007,ALG1-A,2026-09-29,Absent,0,Yes
ATT-STU2026007-2026-09-30,STU2026007,ALG1-A,2026-09-30,Present,0,
ATT-STU2026007-2026-10-01,STU2026007,ALG1-A,2026-10-01,Present,0,
ATT-STU2026007-2026-10-02,STU2026007,ALG1-A,2026-10-02,Present,0,
ATT-STU2026007-2026-10-05,STU2026007,ALG1-A,2026-10-05,Present,0,
ATT-STU2026007-2026-10-06,STU2026007,ALG1-A,2026-10-06,Present,0,
ATT-STU2026007-2026-10-07,STU2026007,ALG1-A,2026-10-07,Present,0,
ATT-STU2026007-2026-10-08,STU2026007,ALG1-A,2026-10-08,Present,0,
ATT-STU2026007-2026-10-09,STU2026007,ALG1-A,2026-10-09,Present,0,
ATT-STU2026007-2026-10-12,STU2026007,ALG1-A,2026-10-12,Present,0,
ATT-STU2026007-2026-10-13,STU2026007,ALG1-A,2026-10-13,Present,0,
ATT-STU2026007-2026-10-14,STU2026007,ALG1-A,2026-10-14,Present,0,
ATT-STU2026007-2026-10-15,STU2026007,ALG1-A,2026-10-15,Present,0,
ATT-STU2026007-2026-10-16,STU2026007,ALG1-A,2026-10-16,Present,0,
ATT-STU2026007-2026-10-19,STU2026007,ALG1-A,2026-10-19,Present,0,
ATT-STU2026007-2026-10-20,STU2026007,ALG1-A,2026-10-20,Present,0,
ATT-STU2026007-2026-10-21,STU2026007,ALG1-A,2026-10-21,Present,0,
ATT-STU2026007-2026-10-22,STU2026007,ALG1-A,2026-10-22,Present,0,
ATT-STU2026007-2026-10-23,STU2026007,ALG1-A,2026-10-23,Present,0,
ATT-STU2026007-2026-10-26,STU2026007,ALG1-A,2026-10-26,Present,0,
ATT-STU2026007-2026-10-27,STU2026007,ALG1-A,2026-10-27,Present,0,
ATT-STU2026007-2026-10-28,STU2026007,ALG1-A,2026-10-28,Present,0,
ATT-STU2026007-2026-10-29,STU2026007,ALG1-A,2026-10-29,Tardy,7,
ATT-STU2026007-2026-10-30,STU2026007,ALG1-A,2026-10-30,Present,0,
ATT-STU2026007-2026-11-02,STU2026007,ALG1-A,2026-11-02,Present,0,
ATT-STU2026007-2026-11-03,STU2026007,ALG1-A,2026-11-03,Present,0,
ATT-STU2026007-2026-11-04,STU2026007,ALG1-A,2026-11-04,Absent,0,No
ATT-STU2026007-2026-11-05,STU2026007,ALG1-A,2026-11-05,Present,0,
ATT-STU2026007-2026-11-06,STU2026007,ALG1-A,2026-11-06,Present,0,
ATT-STU2026007-2026-11-09,STU2026007,ALG1-A,2026-11-09,Present,0,
ATT-STU2026008-2026-09-08,STU2026008,ALG1-A,2026-09-08,Present,0,
ATT-STU2026008-2026-09-09,STU2026008,ALG1-A,2026-09-09,Present,0,
ATT-STU2026008-2026-09-10,STU2026008,ALG1-A,2026-09-10,Absent,0,No
ATT-STU2026008-2026-09-11,STU2026008,ALG1-A,2026-09-11,Absent,0,Yes
ATT-STU2026008-2026-09-14,STU2026008,ALG1-A,2026-09-14,Present,0,
ATT-STU2026008-2026-09-15,STU2026008,ALG1-A,2026-09-15,Present,0,
ATT-STU2026008-2026-09-16,STU2026008,ALG1-A,2026-09-16,Present,0,
ATT-STU2026008-2026-09-17,STU2026008,ALG1-A,2026-09-17,Present,0,
ATT-STU2026008-2026-09-18,STU2026008,ALG1-A,2026-09-18,Present,0,
ATT-STU2026008-2026-09-21,STU2026008,ALG1-A,2026-09-21,Present,0,
ATT-STU2026008-2026-09-22,STU2026008,ALG1-A,2026-09-22,Present,0,
ATT-STU2026008-2026-09-23,STU2026008,ALG1-A,2026-09-23,Present,0,
ATT-STU2026008-2026-09-24,STU2026008,ALG1-A,2026-09-24,Present,0,
ATT-STU2026008-2026-09-25,STU2026008,ALG1-A,2026-09-25,Present,0,
ATT-STU2026008-2026-09-28,STU2026008,ALG1-A,2026-09-28,Present,0,
ATT-STU2026008-2026-09-29,STU2026008,ALG1-A,2026-09-29,Present,0,
ATT-STU2026008-2026-09-30,STU2026008,ALG1-A,2026-09-30,Present,0,
ATT-STU2026008-2026-10-01,STU2026008,ALG1-A,2026-10-01,Present,0,
ATT-STU2026008-2026-10-02,STU2026008,ALG1-A,2026-10-02,Present,0,
ATT-STU2026008-2026-10-05,STU2026008,ALG1-A,2026-10-05,Present,0,
ATT-STU2026008-2026-10-06,STU2026008,ALG1-A,2026-10-06,Present,0,
ATT-STU2026008-2026-10-07,STU2026008,ALG1-A,2026-10-07,Present,0,
ATT-STU2026008-2026-10-08,STU2026008,ALG1-A,2026-10-08,Present,0,
ATT-STU2026008-2026-10-09,STU2026008,ALG1-A,2026-10-09,Present,0,
ATT-STU2026008-2026-10-12,STU2026008,ALG1-A,2026-10-12,Present,0,
ATT-STU2026008-2026-10-13,STU2026008,ALG1-A,2026-10-13,Present,0,
ATT-STU2026008-2026-10-14,STU2026008,ALG1-A,2026-10-14,Present,0,
ATT-STU2026008-2026-10-15,STU2026008,ALG1-A,2026-10-15,Present,0,
ATT-STU2026008-2026-10-16,STU2026008,ALG1-A,2026-10-16,Present,0,
ATT-STU2026008-2026-10-19,STU2026008,ALG1-A,2026-10-19,Present,0,
ATT-STU2026008-2026-10-20,STU2026008,ALG1-A,2026-10-20,Present,0,
ATT-STU2026008-2026-10-21,STU2026008,ALG1-A,2026-10-21,Present,0,
ATT-STU2026008-2026-10-22,STU2026008,ALG1-A,2026-10-22,Present,0,
ATT-STU2026008-2026-10-23,STU2026008,ALG1-A,2026-10-23,Present,0,
ATT-STU2026008-2026-10-26,STU2026008,ALG1-A,2026-10-26,Present,0,
ATT-STU2026008-2026-10-27,STU2026008,ALG1-A,2026-10-27,Present,0,
ATT-STU2026008-2026-10-28,STU2026008,ALG1-A,2026-10-28,Present,0,
ATT-STU2026008-2026-10-29,STU2026008,ALG1-A,2026-10-29,Present,0,
ATT-STU2026008-2026-10-30,STU2026008,ALG1-A,2026-10-30,Present,0,
ATT-STU2026008-2026-11-02,STU2026008,ALG1-A,2026-11-02,Present,0,
ATT-STU2026008-2026-11-03,STU2026008,ALG1-A,2026-11-03,Present,0,
ATT-STU2026008-2026-11-04,STU2026008,ALG1-A,2026-11-04,Present,0,
ATT-STU2026008-2026-11-05,STU2026008,ALG1-A,2026-11-05,Present,0,
ATT-STU2026008-2026-11-06,STU2026008,ALG1-A,2026-11-06,Present,0,
ATT-STU2026008-2026-11-09,STU2026008,ALG1-A,2026-11-09,Present,0,
ATT-STU2026009-2026-09-08,STU2026009,ALG1-A,2026-09-08,Present,0,
ATT-STU2026009-2026-09-09,STU2026009,ALG1-A,2026-09-09,Present,0,
ATT-STU2026009-2026-09-10,STU2026009,ALG1-A,2026-09-10,Tardy,3,
ATT-STU2026009-2026-09-11,STU2026009,ALG1-A,2026-09-11,Present,0,
ATT-STU2026009-2026-09-14,STU2026009,ALG1-A,2026-09-14,Absent,0,No
ATT-STU2026009-2026-09-15,STU2026009,ALG1-A,2026-09-15,Present,0,
ATT-STU2026009-2026-09-16,STU2026009,ALG1-A,2026-09-16,Present,0,
ATT-STU2026009-2026-09-17,STU2026009,ALG1-A,2026-09-17,Present,0,
ATT-STU2026009-2026-09-18,STU2026009,ALG1-A,2026-09-18,Absent,0,Yes
ATT-STU2026009-2026-09-21,STU2026009,ALG1-A,2026-09-21,Present,0,
ATT-STU2026009-2026-09-22,STU2026009,ALG1-A,2026-09-22,Present,0,
ATT-STU2026009-2026-09-23,STU2026009,ALG1-A,2026-09-23,Present,0,
ATT-STU2026009-2026-09-24,STU2026009,ALG1-A,2026-09-24,Present,0,
ATT-STU2026009-2026-09-25,STU2026009,ALG1-A,2026-09-25,Present,0,
ATT-STU2026009-2026-09-28,STU2026009,ALG1-A,2026-09-28,Present,0,
ATT-STU2026009-2026-09-29,STU2026009,ALG1-A,2026-09-29,Present,0,
ATT-STU2026009-2026-09-30,STU2026009,ALG1-A,2026-09-30,Present,0,
ATT-STU2026009-2026-10-01,STU2026009,ALG1-A,2026-10-01,Absent,0,No
ATT-STU2026009-2026-10-02,STU2026009,ALG1-A,2026-10-02,Present,0,
ATT-STU2026009-2026-10-05,STU2026009,ALG1-A,2026-10-05,Present,0,
ATT-STU2026009-2026-10-06,STU2026009,ALG1-A,2026-10-06,Present,0,
ATT-STU2026009-2026-10-07,STU2026009,ALG1-A,2026-10-07,Present,0,
ATT-STU2026009-2026-10-08,STU2026009,ALG1-A,2026-10-08,Absent,0,No
ATT-STU2026009-2026-10-09,STU2026009,ALG1-A,2026-10-09,Present,0,
ATT-STU2026009-2026-10-12,STU2026009,ALG1-A,2026-10-12,Tardy,15,
ATT-STU2026009-2026-10-13,STU2026009,ALG1-A,2026-10-13,Present,0,
ATT-STU2026009-2026-10-14,STU2026009,ALG1-A,2026-10-14,Present,0,
ATT-STU2026009-2026-10-15,STU2026009,ALG1-A,2026-10-15,Present,0,
ATT-STU2026009-2026-10-16,STU2026009,ALG1-A,2026-10-16,Present,0,
ATT-STU2026009-2026-10-19,STU2026009,ALG1-A,2026-10-19,Present,0,
ATT-STU2026009-2026-10-20,STU2026009,ALG1-A,2026-10-20,Present,0,
ATT-STU2026009-2026-10-21,STU2026009,ALG1-A,2026-10-21,Present,0,
ATT-STU2026009-2026-10-22,STU2026009,ALG1-A,2026-10-22,Present,0,
ATT-STU2026009-2026-10-23,STU2026009,ALG1-A,2026-10-23,Present,0,
ATT-STU2026009-2026-10-26,STU2026009,ALG1-A,2026-10-26,Present,0,
ATT-STU2026009-2026-10-27,STU2026009,ALG1-A,2026-10-27,Present,0,
ATT-STU2026009-2026-10-28,STU2026009,ALG1-A,2026-10-28,Present,0,
ATT-STU2026009-2026-10-29,STU2026009,ALG1-A,2026-10-29,Present,0,
ATT-STU2026009-2026-10-30,STU2026009,ALG1-A,2026-10-30,Present,0,
ATT-STU2026009-2026-11-02,STU2026009,ALG1-A,2026-11-02,Present,0,
ATT-STU2026009-2026-11-03,STU2026009,ALG1-A,2026-11-03,Tardy,10,
ATT-STU2026009-2026-11-04,STU2026009,ALG1-A,2026-11-04,Present,0,
ATT-STU2026009-2026-11-05,STU2026009,ALG1-A,2026-11-05,Present,0,
ATT-STU2026009-2026-11-06,STU2026009,ALG1-A,2026-11-06,Present,0,
ATT-STU2026009-2026-11-09,STU2026009,ALG1-A,2026-11-09,Absent,0,Yes
ATT-STU2026010-2026-09-08,STU2026010,ALG1-A,2026-09-08,Present,0,
ATT-STU2026010-2026-09-09,STU2026010,ALG1-A,2026-09-09,Present,0,
ATT-STU2026010-2026-09-10,STU2026010,ALG1-A,2026-09-10,Present,0,
ATT-STU2026010-2026-09-11,STU2026010,ALG1-A,2026-09-11,Present,0,
ATT-STU2026010-2026-09-14,STU2026010,ALG1-A,2026-09-14,Present,0,
ATT-STU2026010-2026-09-15,STU2026010,ALG1-A,2026-09-15,Absent,0,No
ATT-STU2026010-2026-09-16,STU2026010,ALG1-A,2026-09-16,Present,0,
ATT-STU2026010-2026-09-17,STU2026010,ALG1-A,2026-09-17,Present,0,
ATT-STU2026010-2026-09-18,STU2026010,ALG1-A,2026-09-18,Present,0,
ATT-STU2026010-2026-09-21,STU2026010,ALG1-A,2026-09-21,Present,0,
ATT-STU2026010-2026-09-22,STU2026010,ALG1-A,2026-09-22,Tardy,5,
ATT-STU2026010-2026-09-23,STU2026010,ALG1-A,2026-09-23,Present,0,
ATT-STU2026010-2026-09-24,STU2026010,ALG1-A,2026-09-24,Present,0,
ATT-STU2026010-2026-09-25,STU2026010,ALG1-A,2026-09-25,Present,0,
ATT-STU2026010-2026-09-28,STU2026010,ALG1-A,2026-09-28,Present,0,
ATT-STU2026010-2026-09-29,STU2026010,ALG1-A,2026-09-29,Present,0,
ATT-STU2026010-2026-09-30,STU2026010,ALG1-A,2026-09-30,Present,0,
ATT-STU2026010-2026-10-01,STU2026010,ALG1-A,2026-10-01,Present,0,
ATT-STU2026010-2026-10-02,STU2026010,ALG1-A,2026-10-02,Present,0,
ATT-STU2026010-2026-10-05,STU2026010,ALG1-A,2026-10-05,Present,0,
ATT-STU2026010-2026-10-06,STU2026010,ALG1-A,2026-10-06,Present,0,
ATT-STU2026010-2026-10-07,STU2026010,ALG1-A,2026-10-07,Absent,0,No
ATT-STU2026010-2026-10-08,STU2026010,ALG1-A,2026-10-08,Tardy,15,
ATT-STU2026010-2026-10-09,STU2026010,ALG1-A,2026-10-09,Present,0,
ATT-STU2026010-2026-10-12,STU2026010,ALG1-A,2026-10-12,Present,0,
ATT-STU2026010-2026-10-13,STU2026010,ALG1-A,2026-10-13,Absent,0,No
ATT-STU2026010-2026-10-14,STU2026010,ALG1-A,2026-10-14,Present,0,
ATT-STU2026010-2026-10-15,STU2026010,ALG1-A,2026-10-15,Present,0,
ATT-STU2026010-2026-10-16,STU2026010,ALG1-A,2026-10-16,Present,0,
ATT-STU2026010-2026-10-19,STU2026010,ALG1-A,2026-10-19,Tardy,7,
ATT-STU2026010-2026-10-20,STU2026010,ALG1-A,2026-10-20,Present,0,
ATT-STU2026010-2026-10-21,STU2026010,ALG1-A,2026-10-21,Present,0,
ATT-STU2026010-2026-10-22,STU2026010,ALG1-A,2026-10-22,Present,0,
ATT-STU2026010-2026-10-23,STU2026010,ALG1-A,2026-10-23,Present,0,
ATT-STU2026010-2026-10-26,STU2026010,ALG1-A,2026-10-26,Present,0,
ATT-STU2026010-2026-10-27,STU2026010,ALG1-A,2026-10-27,Present,0,
ATT-STU2026010-2026-10-28,STU2026010,ALG1-A,2026-10-28,Present,0,
ATT-STU2026010-2026-10-29,STU2026010,ALG1-A,2026-10-29,Present,0,
ATT-STU2026010-2026-10-30,STU2026010,ALG1-A,2026-10-30,Present,0,
ATT-STU2026010-2026-11-02,STU2026010,ALG1-A,2026-11-02,Present,0,
ATT-STU2026010-2026-11-03,STU2026010,ALG1-A,2026-11-03,Present,0,
ATT-STU2026010-2026-11-04,STU2026010,ALG1-A,2026-11-04,Present,0,
ATT-STU2026010-2026-11-05,STU2026010,ALG1-A,2026-11-05,Absent,0,No
ATT-STU2026010-2026-11-06,STU2026010,ALG1-A,2026-11-06,Tardy,7,
ATT-STU2026010-2026-11-09,STU2026010,ALG1-A,2026-11-09,Present,0,
ATT-STU2026011-2026-09-08,STU2026011,ALG1-A,2026-09-08,Present,0,
ATT-STU2026011-2026-09-09,STU2026011,ALG1-A,2026-09-09,Present,0,
ATT-STU2026011-2026-09-10,STU2026011,ALG1-A,2026-09-10,Present,0,
ATT-STU2026011-2026-09-11,STU2026011,ALG1-A,2026-09-11,Present,0,
ATT-STU2026011-2026-09-14,STU2026011,ALG1-A,2026-09-14,Present,0,
ATT-STU2026011-2026-09-15,STU2026011,ALG1-A,2026-09-15,Present,0,
ATT-STU2026011-2026-09-16,STU2026011,ALG1-A,2026-09-16,Present,0,
ATT-STU2026011-2026-09-17,STU2026011,ALG1-A,2026-09-17,Present,0,
ATT-STU2026011-2026-09-18,STU2026011,ALG1-A,2026-09-18,Present,0,
ATT-STU2026011-2026-09-21,STU2026011,ALG1-A,2026-09-21,Present,0,
ATT-STU2026011-2026-09-22,STU2026011,ALG1-A,2026-09-22,Present,0,
ATT-STU2026011-2026-09-23,STU2026011,ALG1-A,2026-09-23,Present,0,
ATT-STU2026011-2026-09-24,STU2026011,ALG1-A,2026-09-24,Present,0,
ATT-STU2026011-2026-09-25,STU2026011,ALG1-A,2026-09-25,Present,0,
ATT-STU2026011-2026-09-28,STU2026011,ALG1-A,2026-09-28,Present,0,
ATT-STU2026011-2026-09-29,STU2026011,ALG1-A,2026-09-29,Present,0,
ATT-STU2026011-2026-09-30,STU2026011,ALG1-A,2026-09-30,Present,0,
ATT-STU2026011-2026-10-01,STU2026011,ALG1-A,2026-10-01,Present,0,
ATT-STU2026011-2026-10-02,STU2026011,ALG1-A,2026-10-02,Present,0,
ATT-STU2026011-2026-10-05,STU2026011,ALG1-A,2026-10-05,Present,0,
ATT-STU2026011-2026-10-06,STU2026011,ALG1-A,2026-10-06,Present,0,
ATT-STU2026011-2026-10-07,STU2026011,ALG1-A,2026-10-07,Present,0,
ATT-STU2026011-2026-10-08,STU2026011,ALG1-A,2026-10-08,Absent,0,No
ATT-STU2026011-2026-10-09,STU2026011,ALG1-A,2026-10-09,Present,0,
ATT-STU2026011-2026-10-12,STU2026011,ALG1-A,2026-10-12,Present,0,
ATT-STU2026011-2026-10-13,STU2026011,ALG1-A,2026-10-13,Present,0,
ATT-STU2026011-2026-10-14,STU2026011,ALG1-A,2026-10-14,Present,0,
ATT-STU2026011-2026-10-15,STU2026011,ALG1-A,2026-10-15,Present,0,
ATT-STU2026011-2026-10-16,STU2026011,ALG1-A,2026-10-16,Present,0,
ATT-STU2026011-2026-10-19,STU2026011,ALG1-A,2026-10-19,Present,0,
ATT-STU2026011-2026-10-20,STU2026011,ALG1-A,2026-10-20,Present,0,
ATT-STU2026011-2026-10-21,STU2026011,ALG1-A,2026-10-21,Present,0,
ATT-STU2026011-2026-10-22,STU2026011,ALG1-A,2026-10-22,Present,0,
ATT-STU2026011-2026-10-23,STU2026011,ALG1-A,2026-10-23,Present,0,
ATT-STU2026011-2026-10-26,STU2026011,ALG1-A,2026-10-26,Tardy,3,
ATT-STU2026011-2026-10-27,STU2026011,ALG1-A,2026-10-27,Present,0,
ATT-STU2026011-2026-10-28,STU2026011,ALG1-A,2026-10-28,Present,0,
ATT-STU2026011-2026-10-29,STU2026011,ALG1-A,2026-10-29,Present,0,
ATT-STU2026011-2026-10-30,STU2026011,ALG1-A,2026-10-30,Present,0,
ATT-STU2026011-2026-11-02,STU2026011,ALG1-A,2026-11-02,Present,0,
ATT-STU2026011-2026-11-03,STU2026011,ALG1-A,2026-11-03,Present,0,
ATT-STU2026011-2026-11-04,STU2026011,ALG1-A,2026-11-04,Present,0,
ATT-STU2026011-2026-11-05,STU2026011,ALG1-A,2026-11-05,Present,0,
ATT-STU2026011-2026-11-06,STU2026011,ALG1-A,2026-11-06,Present,0,
ATT-STU2026011-2026-11-09,STU2026011,ALG1-A,2026-11-09,Present,0,
ATT-STU2026012-2026-09-08,STU2026012,ALG1-A,2026-09-08,Present,0,
ATT-STU2026012-2026-09-09,STU2026012,ALG1-A,2026-09-09,Present,0,
ATT-STU2026012-2026-09-10,STU2026012,ALG1-A,2026-09-10,Present,0,
ATT-STU2026012-2026-09-11,STU2026012,ALG1-A,2026-09-11,Present,0,
ATT-STU2026012-2026-09-14,STU2026012,ALG1-A,2026-09-14,Absent,0,Yes
ATT-STU2026012-2026-09-15,STU2026012,ALG1-A,2026-09-15,Absent,0,Yes
ATT-STU2026012-2026-09-16,STU2026012,ALG1-A,2026-09-16,Present,0,
ATT-STU2026012-2026-09-17,STU2026012,ALG1-A,2026-09-17,Absent,0,Yes
ATT-STU2026012-2026-09-18,STU2026012,ALG1-A,2026-09-18,Present,0,
ATT-STU2026012-2026-09-21,STU2026012,ALG1-A,2026-09-21,Present,0,
ATT-STU2026012-2026-09-22,STU2026012,ALG1-A,2026-09-22,Absent,0,Yes
ATT-STU2026012-2026-09-23,STU2026012,ALG1-A,2026-09-23,Present,0,
ATT-STU2026012-2026-09-24,STU2026012,ALG1-A,2026-09-24,Present,0,
ATT-STU2026012-2026-09-25,STU2026012,ALG1-A,2026-09-25,Present,0,
ATT-STU2026012-2026-09-28,STU2026012,ALG1-A,2026-09-28,Present,0,
ATT-STU2026012-2026-09-29,STU2026012,ALG1-A,2026-09-29,Present,0,
ATT-STU2026012-2026-09-30,STU2026012,ALG1-A,2026-09-30,Present,0,
ATT-STU2026012-2026-10-01,STU2026012,ALG1-A,2026-10-01,Present,0,
ATT-STU2026012-2026-10-02,STU2026012,ALG1-A,2026-10-02,Present,0,
ATT-STU2026012-2026-10-05,STU2026012,ALG1-A,2026-10-05,Present,0,
ATT-STU2026012-2026-10-06,STU2026012,ALG1-A,2026-10-06,Absent,0,Yes
ATT-STU2026012-2026-10-07,STU2026012,ALG1-A,2026-10-07,Tardy,15,
ATT-STU2026012-2026-10-08,STU2026012,ALG1-A,2026-10-08,Absent,0,No
ATT-STU2026012-2026-10-09,STU2026012,ALG1-A,2026-10-09,Present,0,
ATT-STU2026012-2026-10-12,STU2026012,ALG1-A,2026-10-12,Present,0,
ATT-STU2026012-2026-10-13,STU2026012,ALG1-A,2026-10-13,Present,0,
ATT-STU2026012-2026-10-14,STU2026012,ALG1-A,2026-10-14,Present,0,
ATT-STU2026012-2026-10-15,STU2026012,ALG1-A,2026-10-15,Absent,0,Yes
ATT-STU2026012-2026-10-16,STU2026012,ALG1-A,2026-10-16,Present,0,
ATT-STU2026012-2026-10-19,STU2026012,ALG1-A,2026-10-19,Absent,0,No
ATT-STU2026012-2026-10-20,STU2026012,ALG1-A,2026-10-20,Present,0,
ATT-STU2026012-2026-10-21,STU2026012,ALG1-A,2026-10-21,Absent,0,Yes
ATT-STU2026012-2026-10-22,STU2026012,ALG1-A,2026-10-22,Present,0,
ATT-STU2026012-2026-10-23,STU2026012,ALG1-A,2026-10-23,Absent,0,Yes
ATT-STU2026012-2026-10-26,STU2026012,ALG1-A,2026-10-26,Present,0,
ATT-STU2026012-2026-10-27,STU2026012,ALG1-A,2026-10-27,Absent,0,No
ATT-STU2026012-2026-10-28,STU2026012,ALG1-A,2026-10-28,Absent,0,No
ATT-STU2026012-2026-10-29,STU2026012,ALG1-A,2026-10-29,Present,0,
ATT-STU2026012-2026-10-30,STU2026012,ALG1-A,2026-10-30,Present,0,
ATT-STU2026012-2026-11-02,STU2026012,ALG1-A,2026-11-02,Absent,0,Yes
ATT-STU2026012-2026-11-03,STU2026012,ALG1-A,2026-11-03,Present,0,
ATT-STU2026012-2026-11-04,STU2026012,ALG1-A,2026-11-04,Present,0,
ATT-STU2026012-2026-11-05,STU2026012,ALG1-A,2026-11-05,Present,0,
ATT-STU2026012-2026-11-06,STU2026012,ALG1-A,2026-11-06,Present,0,
ATT-STU2026012-2026-11-09,STU2026012,ALG1-A,2026-11-09,Present,0,
ATT-STU2026013-2026-09-08,STU2026013,ALG1-A,2026-09-08,Present,0,
ATT-STU2026013-2026-09-09,STU2026013,ALG1-A,2026-09-09,Present,0,
ATT-STU2026013-2026-09-10,STU2026013,ALG1-A,2026-09-10,Present,0,
ATT-STU2026013-2026-09-11,STU2026013,ALG1-A,2026-09-11,Present,0,
ATT-STU2026013-2026-09-14,STU2026013,ALG1-A,2026-09-14,Present,0,
ATT-STU2026013-2026-09-15,STU2026013,ALG1-A,2026-09-15,Present,0,
ATT-STU2026013-2026-09-16,STU2026013,ALG1-A,2026-09-16,Present,0,
ATT-STU2026013-2026-09-17,STU2026013,ALG1-A,2026-09-17,Present,0,
ATT-STU2026013-2026-09-18,STU2026013,ALG1-A,2026-09-18,Present,0,
ATT-STU2026013-2026-09-21,STU2026013,ALG1-A,2026-09-21,Present,0,
ATT-STU2026013-2026-09-22,STU2026013,ALG1-A,2026-09-22,Present,0,
ATT-STU2026013-2026-09-23,STU2026013,ALG1-A,2026-09-23,Present,0,
ATT-STU2026013-2026-09-24,STU2026013,ALG1-A,2026-09-24,Present,0,
ATT-STU2026013-2026-09-25,STU2026013,ALG1-A,2026-09-25,Present,0,
ATT-STU2026013-2026-09-28,STU2026013,ALG1-A,2026-09-28,Present,0,
ATT-STU2026013-2026-09-29,STU2026013,ALG1-A,2026-09-29,Present,0,
ATT-STU2026013-2026-09-30,STU2026013,ALG1-A,2026-09-30,Present,0,
ATT-STU2026013-2026-10-01,STU2026013,ALG1-A,2026-10-01,Present,0,
ATT-STU2026013-2026-10-02,STU2026013,ALG1-A,2026-10-02,Present,0,
ATT-STU2026013-2026-10-05,STU2026013,ALG1-A,2026-10-05,Present,0,
ATT-STU2026013-2026-10-06,STU2026013,ALG1-A,2026-10-06,Present,0,
ATT-STU2026013-2026-10-07,STU2026013,ALG1-A,2026-10-07,Present,0,
ATT-STU2026013-2026-10-08,STU2026013,ALG1-A,2026-10-08,Present,0,
ATT-STU2026013-2026-10-09,STU2026013,ALG1-A,2026-10-09,Present,0,
ATT-STU2026013-2026-10-12,STU2026013,ALG1-A,2026-10-12,Present,0,
ATT-STU2026013-2026-10-13,STU2026013,ALG1-A,2026-10-13,Present,0,
ATT-STU2026013-2026-10-14,STU2026013,ALG1-A,2026-10-14,Present,0,
ATT-STU2026013-2026-10-15,STU2026013,ALG1-A,2026-10-15,Present,0,
ATT-STU2026013-2026-10-16,STU2026013,ALG1-A,2026-10-16,Present,0,
ATT-STU2026013-2026-10-19,STU2026013,ALG1-A,2026-10-19,Present,0,
ATT-STU2026013-2026-10-20,STU2026013,ALG1-A,2026-10-20,Present,0,
ATT-STU2026013-2026-10-21,STU2026013,ALG1-A,2026-10-21,Present,0,
ATT-STU2026013-2026-10-22,STU2026013,ALG1-A,2026-10-22,Present,0,
ATT-STU2026013-2026-10-23,STU2026013,ALG1-A,2026-10-23,Present,0,
ATT-STU2026013-2026-10-26,STU2026013,ALG1-A,2026-10-26,Present,0,
ATT-STU2026013-2026-10-27,STU2026013,ALG1-A,2026-10-27,Present,0,
ATT-STU2026013-2026-10-28,STU2026013,ALG1-A,2026-10-28,Present,0,
ATT-STU2026013-2026-10-29,STU2026013,ALG1-A,2026-10-29,Tardy,10,
ATT-STU2026013-2026-10-30,STU2026013,ALG1-A,2026-10-30,Present,0,
ATT-STU2026013-2026-11-02,STU2026013,ALG1-A,2026-11-02,Present,0,
ATT-STU2026013-2026-11-03,STU2026013,ALG1-A,2026-11-03,Present,0,
ATT-STU2026013-2026-11-04,STU2026013,ALG1-A,2026-11-04,Present,0,
ATT-STU2026013-2026-11-05,STU2026013,ALG1-A,2026-11-05,Present,0,
ATT-STU2026013-2026-11-06,STU2026013,ALG1-A,2026-11-06,Present,0,
ATT-STU2026013-2026-11-09,STU2026013,ALG1-A,2026-11-09,Present,0,
ATT-STU2026014-2026-09-08,STU2026014,ALG1-A,2026-09-08,Present,0,
ATT-STU2026014-2026-09-09,STU2026014,ALG1-A,2026-09-09,Present,0,
ATT-STU2026014-2026-09-10,STU2026014,ALG1-A,2026-09-10,Present,0,
ATT-STU2026014-2026-09-11,STU2026014,ALG1-A,2026-09-11,Present,0,
ATT-STU2026014-2026-09-14,STU2026014,ALG1-A,2026-09-14,Present,0,
ATT-STU2026014-2026-09-15,STU2026014,ALG1-A,2026-09-15,Present,0,
ATT-STU2026014-2026-09-16,STU2026014,ALG1-A,2026-09-16,Present,0,
ATT-STU2026014-2026-09-17,STU2026014,ALG1-A,2026-09-17,Absent,0,Yes
ATT-STU2026014-2026-09-18,STU2026014,ALG1-A,2026-09-18,Tardy,7,
ATT-STU2026014-2026-09-21,STU2026014,ALG1-A,2026-09-21,Present,0,
ATT-STU2026014-2026-09-22,STU2026014,ALG1-A,2026-09-22,Present,0,
ATT-STU2026014-2026-09-23,STU2026014,ALG1-A,2026-09-23,Present,0,
ATT-STU2026014-2026-09-24,STU2026014,ALG1-A,2026-09-24,Present,0,
ATT-STU2026014-2026-09-25,STU2026014,ALG1-A,2026-09-25,Present,0,
ATT-STU2026014-2026-09-28,STU2026014,ALG1-A,2026-09-28,Present,0,
ATT-STU2026014-2026-09-29,STU2026014,ALG1-A,2026-09-29,Present,0,
ATT-STU2026014-2026-09-30,STU2026014,ALG1-A,2026-09-30,Absent,0,No
ATT-STU2026014-2026-10-01,STU2026014,ALG1-A,2026-10-01,Present,0,
ATT-STU2026014-2026-10-02,STU2026014,ALG1-A,2026-10-02,Present,0,
ATT-STU2026014-2026-10-05,STU2026014,ALG1-A,2026-10-05,Present,0,
ATT-STU2026014-2026-10-06,STU2026014,ALG1-A,2026-10-06,Present,0,
ATT-STU2026014-2026-10-07,STU2026014,ALG1-A,2026-10-07,Present,0,
ATT-STU2026014-2026-10-08,STU2026014,ALG1-A,2026-10-08,Present,0,
ATT-STU2026014-2026-10-09,STU2026014,ALG1-A,2026-10-09,Present,0,
ATT-STU2026014-2026-10-12,STU2026014,ALG1-A,2026-10-12,Absent,0,Yes
ATT-STU2026014-2026-10-13,STU2026014,ALG1-A,2026-10-13,Present,0,
ATT-STU2026014-2026-10-14,STU2026014,ALG1-A,2026-10-14,Present,0,
ATT-STU2026014-2026-10-15,STU2026014,ALG1-A,2026-10-15,Absent,0,Yes
ATT-STU2026014-2026-10-16,STU2026014,ALG1-A,2026-10-16,Present,0,
ATT-STU2026014-2026-10-19,STU2026014,ALG1-A,2026-10-19,Present,0,
ATT-STU2026014-2026-10-20,STU2026014,ALG1-A,2026-10-20,Present,0,
ATT-STU2026014-2026-10-21,STU2026014,ALG1-A,2026-10-21,Present,0,
ATT-STU2026014-2026-10-22,STU2026014,ALG1-A,2026-10-22,Present,0,
ATT-STU2026014-2026-10-23,STU2026014,ALG1-A,2026-10-23,Present,0,
ATT-STU2026014-2026-10-26,STU2026014,ALG1-A,2026-10-26,Absent,0,No
ATT-STU2026014-2026-10-27,STU2026014,ALG1-A,2026-10-27,Present,0,
ATT-STU2026014-2026-10-28,STU2026014,ALG1-A,2026-10-28,Absent,0,Yes
ATT-STU2026014-2026-10-29,STU2026014,ALG1-A,2026-10-29,Present,0,
ATT-STU2026014-2026-10-30,STU2026014,ALG1-A,2026-10-30,Present,0,
ATT-STU2026014-2026-11-02,STU2026014,ALG1-A,2026-11-02,Present,0,
ATT-STU2026014-2026-11-03,STU2026014,ALG1-A,2026-11-03,Present,0,
ATT-STU2026014-2026-11-04,STU2026014,ALG1-A,2026-11-04,Present,0,
ATT-STU2026014-2026-11-05,STU2026014,ALG1-A,2026-11-05,Present,0,
ATT-STU2026014-2026-11-06,STU2026014,ALG1-A,2026-11-06,Present,0,
ATT-STU2026014-2026-11-09,STU2026014,ALG1-A,2026-11-09,Tardy,10,
ATT-STU2026015-2026-09-08,STU2026015,ALG1-A,2026-09-08,Present,0,
ATT-STU2026015-2026-09-09,STU2026015,ALG1-A,2026-09-09,Present,0,
ATT-STU2026015-2026-09-10,STU2026015,ALG1-A,2026-09-10,Present,0,
ATT-STU2026015-2026-09-11,STU2026015,ALG1-A,2026-09-11,Present,0,
ATT-STU2026015-2026-09-14,STU2026015,ALG1-A,2026-09-14,Present,0,
ATT-STU2026015-2026-09-15,STU2026015,ALG1-A,2026-09-15,Present,0,
ATT-STU2026015-2026-09-16,STU2026015,ALG1-A,2026-09-16,Present,0,
ATT-STU2026015-2026-09-17,STU2026015,ALG1-A,2026-09-17,Present,0,
ATT-STU2026015-2026-09-18,STU2026015,ALG1-A,2026-09-18,Absent,0,Yes
ATT-STU2026015-2026-09-21,STU2026015,ALG1-A,2026-09-21,Present,0,
ATT-STU2026015-2026-09-22,STU2026015,ALG1-A,2026-09-22,Present,0,
ATT-STU2026015-2026-09-23,STU2026015,ALG1-A,2026-09-23,Present,0,
ATT-STU2026015-2026-09-24,STU2026015,ALG1-A,2026-09-24,Present,0,
ATT-STU2026015-2026-09-25,STU2026015,ALG1-A,2026-09-25,Absent,0,No
ATT-STU2026015-2026-09-28,STU2026015,ALG1-A,2026-09-28,Present,0,
ATT-STU2026015-2026-09-29,STU2026015,ALG1-A,2026-09-29,Absent,0,Yes
ATT-STU2026015-2026-09-30,STU2026015,ALG1-A,2026-09-30,Present,0,
ATT-STU2026015-2026-10-01,STU2026015,ALG1-A,2026-10-01,Present,0,
ATT-STU2026015-2026-10-02,STU2026015,ALG1-A,2026-10-02,Present,0,
ATT-STU2026015-2026-10-05,STU2026015,ALG1-A,2026-10-05,Present,0,
ATT-STU2026015-2026-10-06,STU2026015,ALG1-A,2026-10-06,Present,0,
ATT-STU2026015-2026-10-07,STU2026015,ALG1-A,2026-10-07,Present,0,
ATT-STU2026015-2026-10-08,STU2026015,ALG1-A,2026-10-08,Present,0,
ATT-STU2026015-2026-10-09,STU2026015,ALG1-A,2026-10-09,Tardy,15,
ATT-STU2026015-2026-10-12,STU2026015,ALG1-A,2026-10-12,Present,0,
ATT-STU2026015-2026-10-13,STU2026015,ALG1-A,2026-10-13,Present,0,
ATT-STU2026015-2026-10-14,STU2026015,ALG1-A,2026-10-14,Present,0,
ATT-STU2026015-2026-10-15,STU2026015,ALG1-A,2026-10-15,Present,0,
ATT-STU2026015-2026-10-16,STU2026015,ALG1-A,2026-10-16,Present,0,
ATT-STU2026015-2026-10-19,STU2026015,ALG1-A,2026-10-19,Present,0,
ATT-STU2026015-2026-10-20,STU2026015,ALG1-A,2026-10-20,Present,0,
ATT-STU2026015-2026-10-21,STU2026015,ALG1-A,2026-10-21,Present,0,
ATT-STU2026015-2026-10-22,STU2026015,ALG1-A,2026-10-22,Present,0,
ATT-STU2026015-2026-10-23,STU2026015,ALG1-A,2026-10-23,Present,0,
ATT-STU2026015-2026-10-26,STU2026015,ALG1-A,2026-10-26,Present,0,
ATT-STU2026015-2026-10-27,STU2026015,ALG1-A,2026-10-27,Present,0,
ATT-STU2026015-2026-10-28,STU2026015,ALG1-A,2026-10-28,Present,0,
ATT-STU2026015-2026-10-29,STU2026015,ALG1-A,2026-10-29,Present,0,
ATT-STU2026015-2026-10-30,STU2026015,ALG1-A,2026-10-30,Present,0,
ATT-STU2026015-2026-11-02,STU2026015,ALG1-A,2026-11-02,Absent,0,Yes
ATT-STU2026015-2026-11-03,STU2026015,ALG1-A,2026-11-03,Present,0,
ATT-STU2026015-2026-11-04,STU2026015,ALG1-A,2026-11-04,Present,0,
ATT-STU2026015-2026-11-05,STU2026015,ALG1-A,2026-11-05,Present,0,
ATT-STU2026015-2026-11-06,STU2026015,ALG1-A,2026-11-06,Absent,0,No
ATT-STU2026015-2026-11-09,STU2026015,ALG1-A,2026-11-09,Present,0,
ATT-STU2026016-2026-09-08,STU2026016,ALG1-A,2026-09-08,Absent,0,No
ATT-STU2026016-2026-09-09,STU2026016,ALG1-A,2026-09-09,Tardy,7,
ATT-STU2026016-2026-09-10,STU2026016,ALG1-A,2026-09-10,Tardy,5,
ATT-STU2026016-2026-09-11,STU2026016,ALG1-A,2026-09-11,Absent,0,Yes
ATT-STU2026016-2026-09-14,STU2026016,ALG1-A,2026-09-14,Present,0,
ATT-STU2026016-2026-09-15,STU2026016,ALG1-A,2026-09-15,Absent,0,Yes
ATT-STU2026016-2026-09-16,STU2026016,ALG1-A,2026-09-16,Absent,0,No
ATT-STU2026016-2026-09-17,STU2026016,ALG1-A,2026-09-17,Absent,0,Yes
ATT-STU2026016-2026-09-18,STU2026016,ALG1-A,2026-09-18,Absent,0,Yes
ATT-STU2026016-2026-09-21,STU2026016,ALG1-A,2026-09-21,Absent,0,No
ATT-STU2026016-2026-09-22,STU2026016,ALG1-A,2026-09-22,Absent,0,No
ATT-STU2026016-2026-09-23,STU2026016,ALG1-A,2026-09-23,Present,0,
ATT-STU2026016-2026-09-24,STU2026016,ALG1-A,2026-09-24,Present,0,
ATT-STU2026016-2026-09-25,STU2026016,ALG1-A,2026-09-25,Present,0,
ATT-STU2026016-2026-09-28,STU2026016,ALG1-A,2026-09-28,Present,0,
ATT-STU2026016-2026-09-29,STU2026016,ALG1-A,2026-09-29,Present,0,
ATT-STU2026016-2026-09-30,STU2026016,ALG1-A,2026-09-30,Absent,0,No
ATT-STU2026016-2026-10-01,STU2026016,ALG1-A,2026-10-01,Present,0,
ATT-STU2026016-2026-10-02,STU2026016,ALG1-A,2026-10-02,Present,0,
ATT-STU2026016-2026-10-05,STU2026016,ALG1-A,2026-10-05,Present,0,
ATT-STU2026016-2026-10-06,STU2026016,ALG1-A,2026-10-06,Absent,0,Yes
ATT-STU2026016-2026-10-07,STU2026016,ALG1-A,2026-10-07,Absent,0,Yes
ATT-STU2026016-2026-10-08,STU2026016,ALG1-A,2026-10-08,Present,0,
ATT-STU2026016-2026-10-09,STU2026016,ALG1-A,2026-10-09,Present,0,
ATT-STU2026016-2026-10-12,STU2026016,ALG1-A,2026-10-12,Present,0,
ATT-STU2026016-2026-10-13,STU2026016,ALG1-A,2026-10-13,Present,0,
ATT-STU2026016-2026-10-14,STU2026016,ALG1-A,2026-10-14,Present,0,
ATT-STU2026016-2026-10-15,STU2026016,ALG1-A,2026-10-15,Present,0,
ATT-STU2026016-2026-10-16,STU2026016,ALG1-A,2026-10-16,Absent,0,No
ATT-STU2026016-2026-10-19,STU2026016,ALG1-A,2026-10-19,Present,0,
ATT-STU2026016-2026-10-20,STU2026016,ALG1-A,2026-10-20,Present,0,
ATT-STU2026016-2026-10-21,STU2026016,ALG1-A,2026-10-21,Present,0,
ATT-STU2026016-2026-10-22,STU2026016,ALG1-A,2026-10-22,Present,0,
ATT-STU2026016-2026-10-23,STU2026016,ALG1-A,2026-10-23,Absent,0,No
ATT-STU2026016-2026-10-26,STU2026016,ALG1-A,2026-10-26,Present,0,
ATT-STU2026016-2026-10-27,STU2026016,ALG1-A,2026-10-27,Present,0,
ATT-STU2026016-2026-10-28,STU2026016,ALG1-A,2026-10-28,Present,0,
ATT-STU2026016-2026-10-29,STU2026016,ALG1-A,2026-10-29,Tardy,5,
ATT-STU2026016-2026-10-30,STU2026016,ALG1-A,2026-10-30,Tardy,15,
ATT-STU2026016-2026-11-02,STU2026016,ALG1-A,2026-11-02,Present,0,
ATT-STU2026016-2026-11-03,STU2026016,ALG1-A,2026-11-03,Present,0,
ATT-STU2026016-2026-11-04,STU2026016,ALG1-A,2026-11-04,Present,0,
ATT-STU2026016-2026-11-05,STU2026016,ALG1-A,2026-11-05,Absent,0,Yes
ATT-STU2026016-2026-11-06,STU2026016,ALG1-A,2026-11-06,Tardy,7,
ATT-STU2026016-2026-11-09,STU2026016,ALG1-A,2026-11-09,Absent,0,Yes
ATT-STU2026017-2026-09-08,STU2026017,ALG1-A,2026-09-08,Present,0,
ATT-STU2026017-2026-09-09,STU2026017,ALG1-A,2026-09-09,Present,0,
ATT-STU2026017-2026-09-10,STU2026017,ALG1-A,2026-09-10,Present,0,
ATT-STU2026017-2026-09-11,STU2026017,ALG1-A,2026-09-11,Present,0,
ATT-STU2026017-2026-09-14,STU2026017,ALG1-A,2026-09-14,Present,0,
ATT-STU2026017-2026-09-15,STU2026017,ALG1-A,2026-09-15,Present,0,
ATT-STU2026017-2026-09-16,STU2026017,ALG1-A,2026-09-16,Absent,0,No
ATT-STU2026017-2026-09-17,STU2026017,ALG1-A,2026-09-17,Present,0,
ATT-STU2026017-2026-09-18,STU2026017,ALG1-A,2026-09-18,Present,0,
ATT-STU2026017-2026-09-21,STU2026017,ALG1-A,2026-09-21,Present,0,
ATT-STU2026017-2026-09-22,STU2026017,ALG1-A,2026-09-22,Present,0,
ATT-STU2026017-2026-09-23,STU2026017,ALG1-A,2026-09-23,Present,0,
ATT-STU2026017-2026-09-24,STU2026017,ALG1-A,2026-09-24,Present,0,
ATT-STU2026017-2026-09-25,STU2026017,ALG1-A,2026-09-25,Present,0,
ATT-STU2026017-2026-09-28,STU2026017,ALG1-A,2026-09-28,Present,0,
ATT-STU2026017-2026-09-29,STU2026017,ALG1-A,2026-09-29,Present,0,
ATT-STU2026017-2026-09-30,STU2026017,ALG1-A,2026-09-30,Present,0,
ATT-STU2026017-2026-10-01,STU2026017,ALG1-A,2026-10-01,Present,0,
ATT-STU2026017-2026-10-02,STU2026017,ALG1-A,2026-10-02,Present,0,
ATT-STU2026017-2026-10-05,STU2026017,ALG1-A,2026-10-05,Present,0,
ATT-STU2026017-2026-10-06,STU2026017,ALG1-A,2026-10-06,Present,0,
ATT-STU2026017-2026-10-07,STU2026017,ALG1-A,2026-10-07,Tardy,3,
ATT-STU2026017-2026-10-08,STU2026017,ALG1-A,2026-10-08,Present,0,
ATT-STU2026017-2026-10-09,STU2026017,ALG1-A,2026-10-09,Present,0,
ATT-STU2026017-2026-10-12,STU2026017,ALG1-A,2026-10-12,Absent,0,No
ATT-STU2026017-2026-10-13,STU2026017,ALG1-A,2026-10-13,Present,0,
ATT-STU2026017-2026-10-14,STU2026017,ALG1-A,2026-10-14,Present,0,
ATT-STU2026017-2026-10-15,STU2026017,ALG1-A,2026-10-15,Present,0,
ATT-STU2026017-2026-10-16,STU2026017,ALG1-A,2026-10-16,Present,0,
ATT-STU2026017-2026-10-19,STU2026017,ALG1-A,2026-10-19,Present,0,
ATT-STU2026017-2026-10-20,STU2026017,ALG1-A,2026-10-20,Present,0,
ATT-STU2026017-2026-10-21,STU2026017,ALG1-A,2026-10-21,Present,0,
ATT-STU2026017-2026-10-22,STU2026017,ALG1-A,2026-10-22,Present,0,
ATT-STU2026017-2026-10-23,STU2026017,ALG1-A,2026-10-23,Present,0,
ATT-STU2026017-2026-10-26,STU2026017,ALG1-A,2026-10-26,Present,0,
ATT-STU2026017-2026-10-27,STU2026017,ALG1-A,2026-10-27,Present,0,
ATT-STU2026017-2026-10-28,STU2026017,ALG1-A,2026-10-28,Present,0,
ATT-STU2026017-2026-10-29,STU2026017,ALG1-A,2026-10-29,Absent,0,Yes
ATT-STU2026017-2026-10-30,STU2026017,ALG1-A,2026-10-30,Present,0,
ATT-STU2026017-2026-11-02,STU2026017,ALG1-A,2026-11-02,Present,0,
ATT-STU2026017-2026-11-03,STU2026017,ALG1-A,2026-11-03,Present,0,
ATT-STU2026017-2026-11-04,STU2026017,ALG1-A,2026-11-04,Absent,0,No
ATT-STU2026017-2026-11-05,STU2026017,ALG1-A,2026-11-05,Present,0,
ATT-STU2026017-2026-11-06,STU2026017,ALG1-A,2026-11-06,Present,0,
ATT-STU2026017-2026-11-09,STU2026017,ALG1-A,2026-11-09,Present,0,
ATT-STU2026018-2026-09-08,STU2026018,ALG1-A,2026-09-08,Present,0,
ATT-STU2026018-2026-09-09,STU2026018,ALG1-A,2026-09-09,Present,0,
ATT-STU2026018-2026-09-10,STU2026018,ALG1-A,2026-09-10,Present,0,
ATT-STU2026018-2026-09-11,STU2026018,ALG1-A,2026-09-11,Present,0,
ATT-STU2026018-2026-09-14,STU2026018,ALG1-A,2026-09-14,Present,0,
ATT-STU2026018-2026-09-15,STU2026018,ALG1-A,2026-09-15,Present,0,
ATT-STU2026018-2026-09-16,STU2026018,ALG1-A,2026-09-16,Present,0,
ATT-STU2026018-2026-09-17,STU2026018,ALG1-A,2026-09-17,Present,0,
ATT-STU2026018-2026-09-18,STU2026018,ALG1-A,2026-09-18,Present,0,
ATT-STU2026018-2026-09-21,STU2026018,ALG1-A,2026-09-21,Present,0,
ATT-STU2026018-2026-09-22,STU2026018,ALG1-A,2026-09-22,Present,0,
ATT-STU2026018-2026-09-23,STU2026018,ALG1-A,2026-09-23,Present,0,
ATT-STU2026018-2026-09-24,STU2026018,ALG1-A,2026-09-24,Present,0,
ATT-STU2026018-2026-09-25,STU2026018,ALG1-A,2026-09-25,Present,0,
ATT-STU2026018-2026-09-28,STU2026018,ALG1-A,2026-09-28,Present,0,
ATT-STU2026018-2026-09-29,STU2026018,ALG1-A,2026-09-29,Present,0,
ATT-STU2026018-2026-09-30,STU2026018,ALG1-A,2026-09-30,Present,0,
ATT-STU2026018-2026-10-01,STU2026018,ALG1-A,2026-10-01,Present,0,
ATT-STU2026018-2026-10-02,STU2026018,ALG1-A,2026-10-02,Present,0,
ATT-STU2026018-2026-10-05,STU2026018,ALG1-A,2026-10-05,Present,0,
ATT-STU2026018-2026-10-06,STU2026018,ALG1-A,2026-10-06,Present,0,
ATT-STU2026018-2026-10-07,STU2026018,ALG1-A,2026-10-07,Present,0,
ATT-STU2026018-2026-10-08,STU2026018,ALG1-A,2026-10-08,Present,0,
ATT-STU2026018-2026-10-09,STU2026018,ALG1-A,2026-10-09,Present,0,
ATT-STU2026018-2026-10-12,STU2026018,ALG1-A,2026-10-12,Present,0,
ATT-STU2026018-2026-10-13,STU2026018,ALG1-A,2026-10-13,Present,0,
ATT-STU2026018-2026-10-14,STU2026018,ALG1-A,2026-10-14,Present,0,
ATT-STU2026018-2026-10-15,STU2026018,ALG1-A,2026-10-15,Present,0,
ATT-STU2026018-2026-10-16,STU2026018,ALG1-A,2026-10-16,Present,0,
ATT-STU2026018-2026-10-19,STU2026018,ALG1-A,2026-10-19,Present,0,
ATT-STU2026018-2026-10-20,STU2026018,ALG1-A,2026-10-20,Tardy,7,
ATT-STU2026018-2026-10-21,STU2026018,ALG1-A,2026-10-21,Present,0,
ATT-STU2026018-2026-10-22,STU2026018,ALG1-A,2026-10-22,Present,0,
ATT-STU2026018-2026-10-23,STU2026018,ALG1-A,2026-10-23,Present,0,
ATT-STU2026018-2026-10-26,STU2026018,ALG1-A,2026-10-26,Present,0,
ATT-STU2026018-2026-10-27,STU2026018,ALG1-A,2026-10-27,Present,0,
ATT-STU2026018-2026-10-28,STU2026018,ALG1-A,2026-10-28,Present,0,
ATT-STU2026018-2026-10-29,STU2026018,ALG1-A,2026-10-29,Present,0,
ATT-STU2026018-2026-10-30,STU2026018,ALG1-A,2026-10-30,Present,0,
ATT-STU2026018-2026-11-02,STU2026018,ALG1-A,2026-11-02,Present,0,
ATT-STU2026018-2026-11-03,STU2026018,ALG1-A,2026-11-03,Present,0,
ATT-STU2026018-2026-11-04,STU2026018,ALG1-A,2026-11-04,Present,0,
ATT-STU2026018-2026-11-05,STU2026018,ALG1-A,2026-11-05,Present,0,
ATT-STU2026018-2026-11-06,STU2026018,ALG1-A,2026-11-06,Present,0,
ATT-STU2026018-2026-11-09,STU2026018,ALG1-A,2026-11-09,Present,0,
ATT-STU2026019-2026-09-08,STU2026019,ALG1-A,2026-09-08,Absent,0,Yes
ATT-STU2026019-2026-09-09,STU2026019,ALG1-A,2026-09-09,Present,0,
ATT-STU2026019-2026-09-10,STU2026019,ALG1-A,2026-09-10,Present,0,
ATT-STU2026019-2026-09-11,STU2026019,ALG1-A,2026-09-11,Present,0,
ATT-STU2026019-2026-09-14,STU2026019,ALG1-A,2026-09-14,Present,0,
ATT-STU2026019-2026-09-15,STU2026019,ALG1-A,2026-09-15,Present,0,
ATT-STU2026019-2026-09-16,STU2026019,ALG1-A,2026-09-16,Present,0,
ATT-STU2026019-2026-09-17,STU2026019,ALG1-A,2026-09-17,Present,0,
ATT-STU2026019-2026-09-18,STU2026019,ALG1-A,2026-09-18,Absent,0,No
ATT-STU2026019-2026-09-21,STU2026019,ALG1-A,2026-09-21,Present,0,
ATT-STU2026019-2026-09-22,STU2026019,ALG1-A,2026-09-22,Present,0,
ATT-STU2026019-2026-09-23,STU2026019,ALG1-A,2026-09-23,Present,0,
ATT-STU2026019-2026-09-24,STU2026019,ALG1-A,2026-09-24,Present,0,
ATT-STU2026019-2026-09-25,STU2026019,ALG1-A,2026-09-25,Tardy,10,
ATT-STU2026019-2026-09-28,STU2026019,ALG1-A,2026-09-28,Absent,0,No
ATT-STU2026019-2026-09-29,STU2026019,ALG1-A,2026-09-29,Present,0,
ATT-STU2026019-2026-09-30,STU2026019,ALG1-A,2026-09-30,Present,0,
ATT-STU2026019-2026-10-01,STU2026019,ALG1-A,2026-10-01,Present,0,
ATT-STU2026019-2026-10-02,STU2026019,ALG1-A,2026-10-02,Present,0,
ATT-STU2026019-2026-10-05,STU2026019,ALG1-A,2026-10-05,Absent,0,Yes
ATT-STU2026019-2026-10-06,STU2026019,ALG1-A,2026-10-06,Present,0,
ATT-STU2026019-2026-10-07,STU2026019,ALG1-A,2026-10-07,Present,0,
ATT-STU2026019-2026-10-08,STU2026019,ALG1-A,2026-10-08,Tardy,7,
ATT-STU2026019-2026-10-09,STU2026019,ALG1-A,2026-10-09,Present,0,
ATT-STU2026019-2026-10-12,STU2026019,ALG1-A,2026-10-12,Present,0,
ATT-STU2026019-2026-10-13,STU2026019,ALG1-A,2026-10-13,Present,0,
ATT-STU2026019-2026-10-14,STU2026019,ALG1-A,2026-10-14,Present,0,
ATT-STU2026019-2026-10-15,STU2026019,ALG1-A,2026-10-15,Present,0,
ATT-STU2026019-2026-10-16,STU2026019,ALG1-A,2026-10-16,Present,0,
ATT-STU2026019-2026-10-19,STU2026019,ALG1-A,2026-10-19,Present,0,
ATT-STU2026019-2026-10-20,STU2026019,ALG1-A,2026-10-20,Present,0,
ATT-STU2026019-2026-10-21,STU2026019,ALG1-A,2026-10-21,Absent,0,Yes
ATT-STU2026019-2026-10-22,STU2026019,ALG1-A,2026-10-22,Present,0,
ATT-STU2026019-2026-10-23,STU2026019,ALG1-A,2026-10-23,Present,0,
ATT-STU2026019-2026-10-26,STU2026019,ALG1-A,2026-10-26,Present,0,
ATT-STU2026019-2026-10-27,STU2026019,ALG1-A,2026-10-27,Present,0,
ATT-STU2026019-2026-10-28,STU2026019,ALG1-A,2026-10-28,Present,0,
ATT-STU2026019-2026-10-29,STU2026019,ALG1-A,2026-10-29,Present,0,
ATT-STU2026019-2026-10-30,STU2026019,ALG1-A,2026-10-30,Present,0,
ATT-STU2026019-2026-11-02,STU2026019,ALG1-A,2026-11-02,Present,0,
ATT-STU2026019-2026-11-03,STU2026019,ALG1-A,2026-11-03,Present,0,
ATT-STU2026019-2026-11-04,STU2026019,ALG1-A,2026-11-04,Present,0,
ATT-STU2026019-2026-11-05,STU2026019,ALG1-A,2026-11-05,Present,0,
ATT-STU2026019-2026-11-06,STU2026019,ALG1-A,2026-11-06,Present,0,
ATT-STU2026019-2026-11-09,STU2026019,ALG1-A,2026-11-09,Present,0,
ATT-STU2026020-2026-09-08,STU2026020,ALG1-A,2026-09-08,Present,0,
ATT-STU2026020-2026-09-09,STU2026020,ALG1-A,2026-09-09,Absent,0,Yes
ATT-STU2026020-2026-09-10,STU2026020,ALG1-A,2026-09-10,Absent,0,Yes
ATT-STU2026020-2026-09-11,STU2026020,ALG1-A,2026-09-11,Present,0,
ATT-STU2026020-2026-09-14,STU2026020,ALG1-A,2026-09-14,Present,0,
ATT-STU2026020-2026-09-15,STU2026020,ALG1-A,2026-09-15,Present,0,
ATT-STU2026020-2026-09-16,STU2026020,ALG1-A,2026-09-16,Present,0,
ATT-STU2026020-2026-09-17,STU2026020,ALG1-A,2026-09-17,Present,0,
ATT-STU2026020-2026-09-18,STU2026020,ALG1-A,2026-09-18,Present,0,
ATT-STU2026020-2026-09-21,STU2026020,ALG1-A,2026-09-21,Present,0,
ATT-STU2026020-2026-09-22,STU2026020,ALG1-A,2026-09-22,Present,0,
ATT-STU2026020-2026-09-23,STU2026020,ALG1-A,2026-09-23,Present,0,
ATT-STU2026020-2026-09-24,STU2026020,ALG1-A,2026-09-24,Present,0,
ATT-STU2026020-2026-09-25,STU2026020,ALG1-A,2026-09-25,Present,0,
ATT-STU2026020-2026-09-28,STU2026020,ALG1-A,2026-09-28,Present,0,
ATT-STU2026020-2026-09-29,STU2026020,ALG1-A,2026-09-29,Present,0,
ATT-STU2026020-2026-09-30,STU2026020,ALG1-A,2026-09-30,Present,0,
ATT-STU2026020-2026-10-01,STU2026020,ALG1-A,2026-10-01,Present,0,
ATT-STU2026020-2026-10-02,STU2026020,ALG1-A,2026-10-02,Present,0,
ATT-STU2026020-2026-10-05,STU2026020,ALG1-A,2026-10-05,Present,0,
ATT-STU2026020-2026-10-06,STU2026020,ALG1-A,2026-10-06,Present,0,
ATT-STU2026020-2026-10-07,STU2026020,ALG1-A,2026-10-07,Present,0,
ATT-STU2026020-2026-10-08,STU2026020,ALG1-A,2026-10-08,Present,0,
ATT-STU2026020-2026-10-09,STU2026020,ALG1-A,2026-10-09,Present,0,
ATT-STU2026020-2026-10-12,STU2026020,ALG1-A,2026-10-12,Present,0,
ATT-STU2026020-2026-10-13,STU2026020,ALG1-A,2026-10-13,Present,0,
ATT-STU2026020-2026-10-14,STU2026020,ALG1-A,2026-10-14,Present,0,
ATT-STU2026020-2026-10-15,STU2026020,ALG1-A,2026-10-15,Present,0,
ATT-STU2026020-2026-10-16,STU2026020,ALG1-A,2026-10-16,Present,0,
ATT-STU2026020-2026-10-19,STU2026020,ALG1-A,2026-10-19,Present,0,
ATT-STU2026020-2026-10-20,STU2026020,ALG1-A,2026-10-20,Present,0,
ATT-STU2026020-2026-10-21,STU2026020,ALG1-A,2026-10-21,Present,0,
ATT-STU2026020-2026-10-22,STU2026020,ALG1-A,2026-10-22,Present,0,
ATT-STU2026020-2026-10-23,STU2026020,ALG1-A,2026-10-23,Present,0,
ATT-STU2026020-2026-10-26,STU2026020,ALG1-A,2026-10-26,Present,0,
ATT-STU2026020-2026-10-27,STU2026020,ALG1-A,2026-10-27,Absent,0,Yes
ATT-STU2026020-2026-10-28,STU2026020,ALG1-A,2026-10-28,Present,0,
ATT-STU2026020-2026-10-29,STU2026020,ALG1-A,2026-10-29,Present,0,
ATT-STU2026020-2026-10-30,STU2026020,ALG1-A,2026-10-30,Present,0,
ATT-STU2026020-2026-11-02,STU2026020,ALG1-A,2026-11-02,Present,0,
ATT-STU2026020-2026-11-03,STU2026020,ALG1-A,2026-11-03,Present,0,
ATT-STU2026020-2026-11-04,STU2026020,ALG1-A,2026-11-04,Present,0,
ATT-STU2026020-2026-11-05,STU2026020,ALG1-A,2026-11-05,Present,0,
ATT-STU2026020-2026-11-06,STU2026020,ALG1-A,2026-11-06,Present,0,
ATT-STU2026020-2026-11-09,STU2026020,ALG1-A,2026-11-09,Present,0,
ATT-STU2026021-2026-09-08,STU2026021,ALG1-A,2026-09-08,Present,0,
ATT-STU2026021-2026-09-09,STU2026021,ALG1-A,2026-09-09,Present,0,
ATT-STU2026021-2026-09-10,STU2026021,ALG1-A,2026-09-10,Present,0,
ATT-STU2026021-2026-09-11,STU2026021,ALG1-A,2026-09-11,Present,0,
ATT-STU2026021-2026-09-14,STU2026021,ALG1-A,2026-09-14,Present,0,
ATT-STU2026021-2026-09-15,STU2026021,ALG1-A,2026-09-15,Absent,0,No
ATT-STU2026021-2026-09-16,STU2026021,ALG1-A,2026-09-16,Present,0,
ATT-STU2026021-2026-09-17,STU2026021,ALG1-A,2026-09-17,Present,0,
ATT-STU2026021-2026-09-18,STU2026021,ALG1-A,2026-09-18,Present,0,
ATT-STU2026021-2026-09-21,STU2026021,ALG1-A,2026-09-21,Present,0,
ATT-STU2026021-2026-09-22,STU2026021,ALG1-A,2026-09-22,Tardy,5,
ATT-STU2026021-2026-09-23,STU2026021,ALG1-A,2026-09-23,Present,0,
ATT-STU2026021-2026-09-24,STU2026021,ALG1-A,2026-09-24,Present,0,
ATT-STU2026021-2026-09-25,STU2026021,ALG1-A,2026-09-25,Present,0,
ATT-STU2026021-2026-09-28,STU2026021,ALG1-A,2026-09-28,Present,0,
ATT-STU2026021-2026-09-29,STU2026021,ALG1-A,2026-09-29,Present,0,
ATT-STU2026021-2026-09-30,STU2026021,ALG1-A,2026-09-30,Present,0,
ATT-STU2026021-2026-10-01,STU2026021,ALG1-A,2026-10-01,Absent,0,Yes
ATT-STU2026021-2026-10-02,STU2026021,ALG1-A,2026-10-02,Absent,0,No
ATT-STU2026021-2026-10-05,STU2026021,ALG1-A,2026-10-05,Present,0,
ATT-STU2026021-2026-10-06,STU2026021,ALG1-A,2026-10-06,Present,0,
ATT-STU2026021-2026-10-07,STU2026021,ALG1-A,2026-10-07,Present,0,
ATT-STU2026021-2026-10-08,STU2026021,ALG1-A,2026-10-08,Absent,0,No
ATT-STU2026021-2026-10-09,STU2026021,ALG1-A,2026-10-09,Present,0,
ATT-STU2026021-2026-10-12,STU2026021,ALG1-A,2026-10-12,Absent,0,No
ATT-STU2026021-2026-10-13,STU2026021,ALG1-A,2026-10-13,Present,0,
ATT-STU2026021-2026-10-14,STU2026021,ALG1-A,2026-10-14,Present,0,
ATT-STU2026021-2026-10-15,STU2026021,ALG1-A,2026-10-15,Present,0,
ATT-STU2026021-2026-10-16,STU2026021,ALG1-A,2026-10-16,Present,0,
ATT-STU2026021-2026-10-19,STU2026021,ALG1-A,2026-10-19,Present,0,
ATT-STU2026021-2026-10-20,STU2026021,ALG1-A,2026-10-20,Present,0,
ATT-STU2026021-2026-10-21,STU2026021,ALG1-A,2026-10-21,Present,0,
ATT-STU2026021-2026-10-22,STU2026021,ALG1-A,2026-10-22,Present,0,
ATT-STU2026021-2026-10-23,STU2026021,ALG1-A,2026-10-23,Present,0,
ATT-STU2026021-2026-10-26,STU2026021,ALG1-A,2026-10-26,Present,0,
ATT-STU2026021-2026-10-27,STU2026021,ALG1-A,2026-10-27,Present,0,
ATT-STU2026021-2026-10-28,STU2026021,ALG1-A,2026-10-28,Present,0,
ATT-STU2026021-2026-10-29,STU2026021,ALG1-A,2026-10-29,Present,0,
ATT-STU2026021-2026-10-30,STU2026021,ALG1-A,2026-10-30,Present,0,
ATT-STU2026021-2026-11-02,STU2026021,ALG1-A,2026-11-02,Present,0,
ATT-STU2026021-2026-11-03,STU2026021,ALG1-A,2026-11-03,Absent,0,No
ATT-STU2026021-2026-11-04,STU2026021,ALG1-A,2026-11-04,Present,0,
ATT-STU2026021-2026-11-05,STU2026021,ALG1-A,2026-11-05,Present,0,
ATT-STU2026021-2026-11-06,STU2026021,ALG1-A,2026-11-06,Present,0,
ATT-STU2026021-2026-11-09,STU2026021,ALG1-A,2026-11-09,Present,0,
ATT-STU2026022-2026-09-08,STU2026022,ALG1-A,2026-09-08,Present,0,
ATT-STU2026022-2026-09-09,STU2026022,ALG1-A,2026-09-09,Present,0,
ATT-STU2026022-2026-09-10,STU2026022,ALG1-A,2026-09-10,Present,0,
ATT-STU2026022-2026-09-11,STU2026022,ALG1-A,2026-09-11,Present,0,
ATT-STU2026022-2026-09-14,STU2026022,ALG1-A,2026-09-14,Present,0,
ATT-STU2026022-2026-09-15,STU2026022,ALG1-A,2026-09-15,Present,0,
ATT-STU2026022-2026-09-16,STU2026022,ALG1-A,2026-09-16,Present,0,
ATT-STU2026022-2026-09-17,STU2026022,ALG1-A,2026-09-17,Present,0,
ATT-STU2026022-2026-09-18,STU2026022,ALG1-A,2026-09-18,Present,0,
ATT-STU2026022-2026-09-21,STU2026022,ALG1-A,2026-09-21,Present,0,
ATT-STU2026022-2026-09-22,STU2026022,ALG1-A,2026-09-22,Present,0,
ATT-STU2026022-2026-09-23,STU2026022,ALG1-A,2026-09-23,Tardy,7,
ATT-STU2026022-2026-09-24,STU2026022,ALG1-A,2026-09-24,Present,0,
ATT-STU2026022-2026-09-25,STU2026022,ALG1-A,2026-09-25,Present,0,
ATT-STU2026022-2026-09-28,STU2026022,ALG1-A,2026-09-28,Present,0,
ATT-STU2026022-2026-09-29,STU2026022,ALG1-A,2026-09-29,Present,0,
ATT-STU2026022-2026-09-30,STU2026022,ALG1-A,2026-09-30,Present,0,
ATT-STU2026022-2026-10-01,STU2026022,ALG1-A,2026-10-01,Present,0,
ATT-STU2026022-2026-10-02,STU2026022,ALG1-A,2026-10-02,Present,0,
ATT-STU2026022-2026-10-05,STU2026022,ALG1-A,2026-10-05,Present,0,
ATT-STU2026022-2026-10-06,STU2026022,ALG1-A,2026-10-06,Present,0,
ATT-STU2026022-2026-10-07,STU2026022,ALG1-A,2026-10-07,Present,0,
ATT-STU2026022-2026-10-08,STU2026022,ALG1-A,2026-10-08,Present,0,
ATT-STU2026022-2026-10-09,STU2026022,ALG1-A,2026-10-09,Present,0,
ATT-STU2026022-2026-10-12,STU2026022,ALG1-A,2026-10-12,Present,0,
ATT-STU2026022-2026-10-13,STU2026022,ALG1-A,2026-10-13,Present,0,
ATT-STU2026022-2026-10-14,STU2026022,ALG1-A,2026-10-14,Present,0,
ATT-STU2026022-2026-10-15,STU2026022,ALG1-A,2026-10-15,Present,0,
ATT-STU2026022-2026-10-16,STU2026022,ALG1-A,2026-10-16,Present,0,
ATT-STU2026022-2026-10-19,STU2026022,ALG1-A,2026-10-19,Present,0,
ATT-STU2026022-2026-10-20,STU2026022,ALG1-A,2026-10-20,Present,0,
ATT-STU2026022-2026-10-21,STU2026022,ALG1-A,2026-10-21,Present,0,
ATT-STU2026022-2026-10-22,STU2026022,ALG1-A,2026-10-22,Present,0,
ATT-STU2026022-2026-10-23,STU2026022,ALG1-A,2026-10-23,Present,0,
ATT-STU2026022-2026-10-26,STU2026022,ALG1-A,2026-10-26,Present,0,
ATT-STU2026022-2026-10-27,STU2026022,ALG1-A,2026-10-27,Present,0,
ATT-STU2026022-2026-10-28,STU2026022,ALG1-A,2026-10-28,Present,0,
ATT-STU2026022-2026-10-29,STU2026022,ALG1-A,2026-10-29,Present,0,
ATT-STU2026022-2026-10-30,STU2026022,ALG1-A,2026-10-30,Present,0,
ATT-STU2026022-2026-11-02,STU2026022,ALG1-A,2026-11-02,Present,0,
ATT-STU2026022-2026-11-03,STU2026022,ALG1-A,2026-11-03,Present,0,
ATT-STU2026022-2026-11-04,STU2026022,ALG1-A,2026-11-04,Present,0,
ATT-STU2026022-2026-11-05,STU2026022,ALG1-A,2026-11-05,Present,0,
ATT-STU2026022-2026-11-06,STU2026022,ALG1-A,2026-11-06,Present,0,
ATT-STU2026022-2026-11-09,STU2026022,ALG1-A,2026-11-09,Present,0,
ATT-STU2026023-2026-09-08,STU2026023,ALG1-A,2026-09-08,Present,0,
ATT-STU2026023-2026-09-09,STU2026023,ALG1-A,2026-09-09,Present,0,
ATT-STU2026023-2026-09-10,STU2026023,ALG1-A,2026-09-10,Present,0,
ATT-STU2026023-2026-09-11,STU2026023,ALG1-A,2026-09-11,Present,0,
ATT-STU2026023-2026-09-14,STU2026023,ALG1-A,2026-09-14,Present,0,
ATT-STU2026023-2026-09-15,STU2026023,ALG1-A,2026-09-15,Present,0,
ATT-STU2026023-2026-09-16,STU2026023,ALG1-A,2026-09-16,Present,0,
ATT-STU2026023-2026-09-17,STU2026023,ALG1-A,2026-09-17,Present,0,
ATT-STU2026023-2026-09-18,STU2026023,ALG1-A,2026-09-18,Present,0,
ATT-STU2026023-2026-09-21,STU2026023,ALG1-A,2026-09-21,Present,0,
ATT-STU2026023-2026-09-22,STU2026023,ALG1-A,2026-09-22,Present,0,
ATT-STU2026023-2026-09-23,STU2026023,ALG1-A,2026-09-23,Tardy,5,
ATT-STU2026023-2026-09-24,STU2026023,ALG1-A,2026-09-24,Present,0,
ATT-STU2026023-2026-09-25,STU2026023,ALG1-A,2026-09-25,Present,0,
ATT-STU2026023-2026-09-28,STU2026023,ALG1-A,2026-09-28,Tardy,7,
ATT-STU2026023-2026-09-29,STU2026023,ALG1-A,2026-09-29,Absent,0,Yes
ATT-STU2026023-2026-09-30,STU2026023,ALG1-A,2026-09-30,Present,0,
ATT-STU2026023-2026-10-01,STU2026023,ALG1-A,2026-10-01,Present,0,
ATT-STU2026023-2026-10-02,STU2026023,ALG1-A,2026-10-02,Present,0,
ATT-STU2026023-2026-10-05,STU2026023,ALG1-A,2026-10-05,Present,0,
ATT-STU2026023-2026-10-06,STU2026023,ALG1-A,2026-10-06,Present,0,
ATT-STU2026023-2026-10-07,STU2026023,ALG1-A,2026-10-07,Present,0,
ATT-STU2026023-2026-10-08,STU2026023,ALG1-A,2026-10-08,Present,0,
ATT-STU2026023-2026-10-09,STU2026023,ALG1-A,2026-10-09,Present,0,
ATT-STU2026023-2026-10-12,STU2026023,ALG1-A,2026-10-12,Present,0,
ATT-STU2026023-2026-10-13,STU2026023,ALG1-A,2026-10-13,Present,0,
ATT-STU2026023-2026-10-14,STU2026023,ALG1-A,2026-10-14,Present,0,
ATT-STU2026023-2026-10-15,STU2026023,ALG1-A,2026-10-15,Present,0,
ATT-STU2026023-2026-10-16,STU2026023,ALG1-A,2026-10-16,Present,0,
ATT-STU2026023-2026-10-19,STU2026023,ALG1-A,2026-10-19,Present,0,
ATT-STU2026023-2026-10-20,STU2026023,ALG1-A,2026-10-20,Present,0,
ATT-STU2026023-2026-10-21,STU2026023,ALG1-A,2026-10-21,Present,0,
ATT-STU2026023-2026-10-22,STU2026023,ALG1-A,2026-10-22,Present,0,
ATT-STU2026023-2026-10-23,STU2026023,ALG1-A,2026-10-23,Present,0,
ATT-STU2026023-2026-10-26,STU2026023,ALG1-A,2026-10-26,Present,0,
ATT-STU2026023-2026-10-27,STU2026023,ALG1-A,2026-10-27,Present,0,
ATT-STU2026023-2026-10-28,STU2026023,ALG1-A,2026-10-28,Present,0,
ATT-STU2026023-2026-10-29,STU2026023,ALG1-A,2026-10-29,Present,0,
ATT-STU2026023-2026-10-30,STU2026023,ALG1-A,2026-10-30,Present,0,
ATT-STU2026023-2026-11-02,STU2026023,ALG1-A,2026-11-02,Present,0,
ATT-STU2026023-2026-11-03,STU2026023,ALG1-A,2026-11-03,Present,0,
ATT-STU2026023-2026-11-04,STU2026023,ALG1-A,2026-11-04,Present,0,
ATT-STU2026023-2026-11-05,STU2026023,ALG1-A,2026-11-05,Present,0,
ATT-STU2026023-2026-11-06,STU2026023,ALG1-A,2026-11-06,Present,0,
ATT-STU2026023-2026-11-09,STU2026023,ALG1-A,2026-11-09,Present,0,
ATT-STU2026024-2026-09-08,STU2026024,ALG1-A,2026-09-08,Present,0,
ATT-STU2026024-2026-09-09,STU2026024,ALG1-A,2026-09-09,Present,0,
ATT-STU2026024-2026-09-10,STU2026024,ALG1-A,2026-09-10,Present,0,
ATT-STU2026024-2026-09-11,STU2026024,ALG1-A,2026-09-11,Present,0,
ATT-STU2026024-2026-09-14,STU2026024,ALG1-A,2026-09-14,Present,0,
ATT-STU2026024-2026-09-15,STU2026024,ALG1-A,2026-09-15,Absent,0,No
ATT-STU2026024-2026-09-16,STU2026024,ALG1-A,2026-09-16,Present,0,
ATT-STU2026024-2026-09-17,STU2026024,ALG1-A,2026-09-17,Present,0,
ATT-STU2026024-2026-09-18,STU2026024,ALG1-A,2026-09-18,Present,0,
ATT-STU2026024-2026-09-21,STU2026024,ALG1-A,2026-09-21,Present,0,
ATT-STU2026024-2026-09-22,STU2026024,ALG1-A,2026-09-22,Present,0,
ATT-STU2026024-2026-09-23,STU2026024,ALG1-A,2026-09-23,Present,0,
ATT-STU2026024-2026-09-24,STU2026024,ALG1-A,2026-09-24,Present,0,
ATT-STU2026024-2026-09-25,STU2026024,ALG1-A,2026-09-25,Present,0,
ATT-STU2026024-2026-09-28,STU2026024,ALG1-A,2026-09-28,Absent,0,No
ATT-STU2026024-2026-09-29,STU2026024,ALG1-A,2026-09-29,Absent,0,No
ATT-STU2026024-2026-09-30,STU2026024,ALG1-A,2026-09-30,Present,0,
ATT-STU2026024-2026-10-01,STU2026024,ALG1-A,2026-10-01,Absent,0,Yes
ATT-STU2026024-2026-10-02,STU2026024,ALG1-A,2026-10-02,Absent,0,No
ATT-STU2026024-2026-10-05,STU2026024,ALG1-A,2026-10-05,Present,0,
ATT-STU2026024-2026-10-06,STU2026024,ALG1-A,2026-10-06,Present,0,
ATT-STU2026024-2026-10-07,STU2026024,ALG1-A,2026-10-07,Absent,0,No
ATT-STU2026024-2026-10-08,STU2026024,ALG1-A,2026-10-08,Present,0,
ATT-STU2026024-2026-10-09,STU2026024,ALG1-A,2026-10-09,Present,0,
ATT-STU2026024-2026-10-12,STU2026024,ALG1-A,2026-10-12,Present,0,
ATT-STU2026024-2026-10-13,STU2026024,ALG1-A,2026-10-13,Present,0,
ATT-STU2026024-2026-10-14,STU2026024,ALG1-A,2026-10-14,Present,0,
ATT-STU2026024-2026-10-15,STU2026024,ALG1-A,2026-10-15,Present,0,
ATT-STU2026024-2026-10-16,STU2026024,ALG1-A,2026-10-16,Present,0,
ATT-STU2026024-2026-10-19,STU2026024,ALG1-A,2026-10-19,Present,0,
ATT-STU2026024-2026-10-20,STU2026024,ALG1-A,2026-10-20,Present,0,
ATT-STU2026024-2026-10-21,STU2026024,ALG1-A,2026-10-21,Present,0,
ATT-STU2026024-2026-10-22,STU2026024,ALG1-A,2026-10-22,Present,0,
ATT-STU2026024-2026-10-23,STU2026024,ALG1-A,2026-10-23,Absent,0,No
ATT-STU2026024-2026-10-26,STU2026024,ALG1-A,2026-10-26,Absent,0,No
ATT-STU2026024-2026-10-27,STU2026024,ALG1-A,2026-10-27,Present,0,
ATT-STU2026024-2026-10-28,STU2026024,ALG1-A,2026-10-28,Present,0,
ATT-STU2026024-2026-10-29,STU2026024,ALG1-A,2026-10-29,Present,0,
ATT-STU2026024-2026-10-30,STU2026024,ALG1-A,2026-10-30,Absent,0,No
ATT-STU2026024-2026-11-02,STU2026024,ALG1-A,2026-11-02,Present,0,
ATT-STU2026024-2026-11-03,STU2026024,ALG1-A,2026-11-03,Present,0,
ATT-STU2026024-2026-11-04,STU2026024,ALG1-A,2026-11-04,Present,0,
ATT-STU2026024-2026-11-05,STU2026024,ALG1-A,2026-11-05,Present,0,
ATT-STU2026024-2026-11-06,STU2026024,ALG1-A,2026-11-06,Present,0,
ATT-STU2026024-2026-11-09,STU2026024,ALG1-A,2026-11-09,Present,0,
ATT-STU2026025-2026-09-08,STU2026025,ALG1-A,2026-09-08,Present,0,
ATT-STU2026025-2026-09-09,STU2026025,ALG1-A,2026-09-09,Present,0,
ATT-STU2026025-2026-09-10,STU2026025,ALG1-A,2026-09-10,Absent,0,No
ATT-STU2026025-2026-09-11,STU2026025,ALG1-A,2026-09-11,Present,0,
ATT-STU2026025-2026-09-14,STU2026025,ALG1-A,2026-09-14,Present,0,
ATT-STU2026025-2026-09-15,STU2026025,ALG1-A,2026-09-15,Absent,0,No
ATT-STU2026025-2026-09-16,STU2026025,ALG1-A,2026-09-16,Present,0,
ATT-STU2026025-2026-09-17,STU2026025,ALG1-A,2026-09-17,Present,0,
ATT-STU2026025-2026-09-18,STU2026025,ALG1-A,2026-09-18,Present,0,
ATT-STU2026025-2026-09-21,STU2026025,ALG1-A,2026-09-21,Tardy,3,
ATT-STU2026025-2026-09-22,STU2026025,ALG1-A,2026-09-22,Tardy,3,
ATT-STU2026025-2026-09-23,STU2026025,ALG1-A,2026-09-23,Present,0,
ATT-STU2026025-2026-09-24,STU2026025,ALG1-A,2026-09-24,Present,0,
ATT-STU2026025-2026-09-25,STU2026025,ALG1-A,2026-09-25,Present,0,
ATT-STU2026025-2026-09-28,STU2026025,ALG1-A,2026-09-28,Present,0,
ATT-STU2026025-2026-09-29,STU2026025,ALG1-A,2026-09-29,Present,0,
ATT-STU2026025-2026-09-30,STU2026025,ALG1-A,2026-09-30,Absent,0,No
ATT-STU2026025-2026-10-01,STU2026025,ALG1-A,2026-10-01,Absent,0,No
ATT-STU2026025-2026-10-02,STU2026025,ALG1-A,2026-10-02,Present,0,
ATT-STU2026025-2026-10-05,STU2026025,ALG1-A,2026-10-05,Absent,0,Yes
ATT-STU2026025-2026-10-06,STU2026025,ALG1-A,2026-10-06,Present,0,
ATT-STU2026025-2026-10-07,STU2026025,ALG1-A,2026-10-07,Present,0,
ATT-STU2026025-2026-10-08,STU2026025,ALG1-A,2026-10-08,Present,0,
ATT-STU2026025-2026-10-09,STU2026025,ALG1-A,2026-10-09,Absent,0,No
ATT-STU2026025-2026-10-12,STU2026025,ALG1-A,2026-10-12,Present,0,
ATT-STU2026025-2026-10-13,STU2026025,ALG1-A,2026-10-13,Present,0,
ATT-STU2026025-2026-10-14,STU2026025,ALG1-A,2026-10-14,Present,0,
ATT-STU2026025-2026-10-15,STU2026025,ALG1-A,2026-10-15,Present,0,
ATT-STU2026025-2026-10-16,STU2026025,ALG1-A,2026-10-16,Present,0,
ATT-STU2026025-2026-10-19,STU2026025,ALG1-A,2026-10-19,Present,0,
ATT-STU2026025-2026-10-20,STU2026025,ALG1-A,2026-10-20,Present,0,
ATT-STU2026025-2026-10-21,STU2026025,ALG1-A,2026-10-21,Present,0,
ATT-STU2026025-2026-10-22,STU2026025,ALG1-A,2026-10-22,Present,0,
ATT-STU2026025-2026-10-23,STU2026025,ALG1-A,2026-10-23,Absent,0,No
ATT-STU2026025-2026-10-26,STU2026025,ALG1-A,2026-10-26,Present,0,
ATT-STU2026025-2026-10-27,STU2026025,ALG1-A,2026-10-27,Present,0,
ATT-STU2026025-2026-10-28,STU2026025,ALG1-A,2026-10-28,Present,0,
ATT-STU2026025-2026-10-29,STU2026025,ALG1-A,2026-10-29,Absent,0,Yes
ATT-STU2026025-2026-10-30,STU2026025,ALG1-A,2026-10-30,Absent,0,Yes
ATT-STU2026025-2026-11-02,STU2026025,ALG1-A,2026-11-02,Present,0,
ATT-STU2026025-2026-11-03,STU2026025,ALG1-A,2026-11-03,Absent,0,Yes
ATT-STU2026025-2026-11-04,STU2026025,ALG1-A,2026-11-04,Present,0,
ATT-STU2026025-2026-11-05,STU2026025,ALG1-A,2026-11-05,Absent,0,No
ATT-STU2026025-2026-11-06,STU2026025,ALG1-A,2026-11-06,Present,0,
ATT-STU2026025-2026-11-09,STU2026025,ALG1-A,2026-11-09,Present,0,
ATT-STU2026026-2026-09-08,STU2026026,ALG1-A,2026-09-08,Present,0,
ATT-STU2026026-2026-09-09,STU2026026,ALG1-A,2026-09-09,Present,0,
ATT-STU2026026-2026-09-10,STU2026026,ALG1-A,2026-09-10,Present,0,
ATT-STU2026026-2026-09-11,STU2026026,ALG1-A,2026-09-11,Present,0,
ATT-STU2026026-2026-09-14,STU2026026,ALG1-A,2026-09-14,Present,0,
ATT-STU2026026-2026-09-15,STU2026026,ALG1-A,2026-09-15,Present,0,
ATT-STU2026026-2026-09-16,STU2026026,ALG1-A,2026-09-16,Absent,0,No
ATT-STU2026026-2026-09-17,STU2026026,ALG1-A,2026-09-17,Absent,0,Yes
ATT-STU2026026-2026-09-18,STU2026026,ALG1-A,2026-09-18,Present,0,
ATT-STU2026026-2026-09-21,STU2026026,ALG1-A,2026-09-21,Present,0,
ATT-STU2026026-2026-09-22,STU2026026,ALG1-A,2026-09-22,Present,0,
ATT-STU2026026-2026-09-23,STU2026026,ALG1-A,2026-09-23,Present,0,
ATT-STU2026026-2026-09-24,STU2026026,ALG1-A,2026-09-24,Present,0,
ATT-STU2026026-2026-09-25,STU2026026,ALG1-A,2026-09-25,Present,0,
ATT-STU2026026-2026-09-28,STU2026026,ALG1-A,2026-09-28,Present,0,
ATT-STU2026026-2026-09-29,STU2026026,ALG1-A,2026-09-29,Present,0,
ATT-STU2026026-2026-09-30,STU2026026,ALG1-A,2026-09-30,Present,0,
ATT-STU2026026-2026-10-01,STU2026026,ALG1-A,2026-10-01,Present,0,
ATT-STU2026026-2026-10-02,STU2026026,ALG1-A,2026-10-02,Present,0,
ATT-STU2026026-2026-10-05,STU2026026,ALG1-A,2026-10-05,Present,0,
ATT-STU2026026-2026-10-06,STU2026026,ALG1-A,2026-10-06,Present,0,
ATT-STU2026026-2026-10-07,STU2026026,ALG1-A,2026-10-07,Present,0,
ATT-STU2026026-2026-10-08,STU2026026,ALG1-A,2026-10-08,Present,0,
ATT-STU2026026-2026-10-09,STU2026026,ALG1-A,2026-10-09,Tardy,7,
ATT-STU2026026-2026-10-12,STU2026026,ALG1-A,2026-10-12,Present,0,
ATT-STU2026026-2026-10-13,STU2026026,ALG1-A,2026-10-13,Present,0,
ATT-STU2026026-2026-10-14,STU2026026,ALG1-A,2026-10-14,Present,0,
ATT-STU2026026-2026-10-15,STU2026026,ALG1-A,2026-10-15,Present,0,
ATT-STU2026026-2026-10-16,STU2026026,ALG1-A,2026-10-16,Present,0,
ATT-STU2026026-2026-10-19,STU2026026,ALG1-A,2026-10-19,Present,0,
ATT-STU2026026-2026-10-20,STU2026026,ALG1-A,2026-10-20,Tardy,7,
ATT-STU2026026-2026-10-21,STU2026026,ALG1-A,2026-10-21,Present,0,
ATT-STU2026026-2026-10-22,STU2026026,ALG1-A,2026-10-22,Absent,0,No
ATT-STU2026026-2026-10-23,STU2026026,ALG1-A,2026-10-23,Present,0,
ATT-STU2026026-2026-10-26,STU2026026,ALG1-A,2026-10-26,Present,0,
ATT-STU2026026-2026-10-27,STU2026026,ALG1-A,2026-10-27,Present,0,
ATT-STU2026026-2026-10-28,STU2026026,ALG1-A,2026-10-28,Present,0,
ATT-STU2026026-2026-10-29,STU2026026,ALG1-A,2026-10-29,Present,0,
ATT-STU2026026-2026-10-30,STU2026026,ALG1-A,2026-10-30,Present,0,
ATT-STU2026026-2026-11-02,STU2026026,ALG1-A,2026-11-02,Present,0,
ATT-STU2026026-2026-11-03,STU2026026,ALG1-A,2026-11-03,Present,0,
ATT-STU2026026-2026-11-04,STU2026026,ALG1-A,2026-11-04,Present,0,
ATT-STU2026026-2026-11-05,STU2026026,ALG1-A,2026-11-05,Present,0,
ATT-STU2026026-2026-11-06,STU2026026,ALG1-A,2026-11-06,Present,0,
ATT-STU2026026-2026-11-09,STU2026026,ALG1-A,2026-11-09,Present,0,
ATT-STU2026027-2026-09-08,STU2026027,ALG1-A,2026-09-08,Present,0,
ATT-STU2026027-2026-09-09,STU2026027,ALG1-A,2026-09-09,Present,0,
ATT-STU2026027-2026-09-10,STU2026027,ALG1-A,2026-09-10,Present,0,
ATT-STU2026027-2026-09-11,STU2026027,ALG1-A,2026-09-11,Present,0,
ATT-STU2026027-2026-09-14,STU2026027,ALG1-A,2026-09-14,Present,0,
ATT-STU2026027-2026-09-15,STU2026027,ALG1-A,2026-09-15,Tardy,5,
ATT-STU2026027-2026-09-16,STU2026027,ALG1-A,2026-09-16,Present,0,
ATT-STU2026027-2026-09-17,STU2026027,ALG1-A,2026-09-17,Present,0,
ATT-STU2026027-2026-09-18,STU2026027,ALG1-A,2026-09-18,Tardy,15,
ATT-STU2026027-2026-09-21,STU2026027,ALG1-A,2026-09-21,Present,0,
ATT-STU2026027-2026-09-22,STU2026027,ALG1-A,2026-09-22,Present,0,
ATT-STU2026027-2026-09-23,STU2026027,ALG1-A,2026-09-23,Present,0,
ATT-STU2026027-2026-09-24,STU2026027,ALG1-A,2026-09-24,Present,0,
ATT-STU2026027-2026-09-25,STU2026027,ALG1-A,2026-09-25,Present,0,
ATT-STU2026027-2026-09-28,STU2026027,ALG1-A,2026-09-28,Present,0,
ATT-STU2026027-2026-09-29,STU2026027,ALG1-A,2026-09-29,Present,0,
ATT-STU2026027-2026-09-30,STU2026027,ALG1-A,2026-09-30,Present,0,
ATT-STU2026027-2026-10-01,STU2026027,ALG1-A,2026-10-01,Present,0,
ATT-STU2026027-2026-10-02,STU2026027,ALG1-A,2026-10-02,Present,0,
ATT-STU2026027-2026-10-05,STU2026027,ALG1-A,2026-10-05,Present,0,
ATT-STU2026027-2026-10-06,STU2026027,ALG1-A,2026-10-06,Present,0,
ATT-STU2026027-2026-10-07,STU2026027,ALG1-A,2026-10-07,Present,0,
ATT-STU2026027-2026-10-08,STU2026027,ALG1-A,2026-10-08,Present,0,
ATT-STU2026027-2026-10-09,STU2026027,ALG1-A,2026-10-09,Present,0,
ATT-STU2026027-2026-10-12,STU2026027,ALG1-A,2026-10-12,Present,0,
ATT-STU2026027-2026-10-13,STU2026027,ALG1-A,2026-10-13,Present,0,
ATT-STU2026027-2026-10-14,STU2026027,ALG1-A,2026-10-14,Present,0,
ATT-STU2026027-2026-10-15,STU2026027,ALG1-A,2026-10-15,Present,0,
ATT-STU2026027-2026-10-16,STU2026027,ALG1-A,2026-10-16,Present,0,
ATT-STU2026027-2026-10-19,STU2026027,ALG1-A,2026-10-19,Present,0,
ATT-STU2026027-2026-10-20,STU2026027,ALG1-A,2026-10-20,Present,0,
ATT-STU2026027-2026-10-21,STU2026027,ALG1-A,2026-10-21,Present,0,
ATT-STU2026027-2026-10-22,STU2026027,ALG1-A,2026-10-22,Present,0,
ATT-STU2026027-2026-10-23,STU2026027,ALG1-A,2026-10-23,Present,0,
ATT-STU2026027-2026-10-26,STU2026027,ALG1-A,2026-10-26,Present,0,
ATT-STU2026027-2026-10-27,STU2026027,ALG1-A,2026-10-27,Present,0,
ATT-STU2026027-2026-10-28,STU2026027,ALG1-A,2026-10-28,Present,0,
ATT-STU2026027-2026-10-29,STU2026027,ALG1-A,2026-10-29,Present,0,
ATT-STU2026027-2026-10-30,STU2026027,ALG1-A,2026-10-30,Present,0,
ATT-STU2026027-2026-11-02,STU2026027,ALG1-A,2026-11-02,Present,0,
ATT-STU2026027-2026-11-03,STU2026027,ALG1-A,2026-11-03,Present,0,
ATT-STU2026027-2026-11-04,STU2026027,ALG1-A,2026-11-04,Present,0,
ATT-STU2026027-2026-11-05,STU2026027,ALG1-A,2026-11-05,Present,0,
ATT-STU2026027-2026-11-06,STU2026027,ALG1-A,2026-11-06,Present,0,
ATT-STU2026027-2026-11-09,STU2026027,ALG1-A,2026-11-09,Present,0,
ATT-STU2026028-2026-09-08,STU2026028,ALG1-A,2026-09-08,Absent,0,No
ATT-STU2026028-2026-09-09,STU2026028,ALG1-A,2026-09-09,Present,0,
ATT-STU2026028-2026-09-10,STU2026028,ALG1-A,2026-09-10,Present,0,
ATT-STU2026028-2026-09-11,STU2026028,ALG1-A,2026-09-11,Present,0,
ATT-STU2026028-2026-09-14,STU2026028,ALG1-A,2026-09-14,Present,0,
ATT-STU2026028-2026-09-15,STU2026028,ALG1-A,2026-09-15,Present,0,
ATT-STU2026028-2026-09-16,STU2026028,ALG1-A,2026-09-16,Present,0,
ATT-STU2026028-2026-09-17,STU2026028,ALG1-A,2026-09-17,Present,0,
ATT-STU2026028-2026-09-18,STU2026028,ALG1-A,2026-09-18,Present,0,
ATT-STU2026028-2026-09-21,STU2026028,ALG1-A,2026-09-21,Present,0,
ATT-STU2026028-2026-09-22,STU2026028,ALG1-A,2026-09-22,Present,0,
ATT-STU2026028-2026-09-23,STU2026028,ALG1-A,2026-09-23,Absent,0,No
ATT-STU2026028-2026-09-24,STU2026028,ALG1-A,2026-09-24,Absent,0,No
ATT-STU2026028-2026-09-25,STU2026028,ALG1-A,2026-09-25,Present,0,
ATT-STU2026028-2026-09-28,STU2026028,ALG1-A,2026-09-28,Absent,0,No
ATT-STU2026028-2026-09-29,STU2026028,ALG1-A,2026-09-29,Present,0,
ATT-STU2026028-2026-09-30,STU2026028,ALG1-A,2026-09-30,Absent,0,Yes
ATT-STU2026028-2026-10-01,STU2026028,ALG1-A,2026-10-01,Present,0,
ATT-STU2026028-2026-10-02,STU2026028,ALG1-A,2026-10-02,Present,0,
ATT-STU2026028-2026-10-05,STU2026028,ALG1-A,2026-10-05,Present,0,
ATT-STU2026028-2026-10-06,STU2026028,ALG1-A,2026-10-06,Present,0,
ATT-STU2026028-2026-10-07,STU2026028,ALG1-A,2026-10-07,Present,0,
ATT-STU2026028-2026-10-08,STU2026028,ALG1-A,2026-10-08,Present,0,
ATT-STU2026028-2026-10-09,STU2026028,ALG1-A,2026-10-09,Tardy,15,
ATT-STU2026028-2026-10-12,STU2026028,ALG1-A,2026-10-12,Absent,0,Yes
ATT-STU2026028-2026-10-13,STU2026028,ALG1-A,2026-10-13,Present,0,
ATT-STU2026028-2026-10-14,STU2026028,ALG1-A,2026-10-14,Absent,0,Yes
ATT-STU2026028-2026-10-15,STU2026028,ALG1-A,2026-10-15,Present,0,
ATT-STU2026028-2026-10-16,STU2026028,ALG1-A,2026-10-16,Present,0,
ATT-STU2026028-2026-10-19,STU2026028,ALG1-A,2026-10-19,Present,0,
ATT-STU2026028-2026-10-20,STU2026028,ALG1-A,2026-10-20,Present,0,
ATT-STU2026028-2026-10-21,STU2026028,ALG1-A,2026-10-21,Absent,0,No
ATT-STU2026028-2026-10-22,STU2026028,ALG1-A,2026-10-22,Present,0,
ATT-STU2026028-2026-10-23,STU2026028,ALG1-A,2026-10-23,Present,0,
ATT-STU2026028-2026-10-26,STU2026028,ALG1-A,2026-10-26,Present,0,
ATT-STU2026028-2026-10-27,STU2026028,ALG1-A,2026-10-27,Present,0,
ATT-STU2026028-2026-10-28,STU2026028,ALG1-A,2026-10-28,Present,0,
ATT-STU2026028-2026-10-29,STU2026028,ALG1-A,2026-10-29,Absent,0,No
ATT-STU2026028-2026-10-30,STU2026028,ALG1-A,2026-10-30,Present,0,
ATT-STU2026028-2026-11-02,STU2026028,ALG1-A,2026-11-02,Present,0,
ATT-STU2026028-2026-11-03,STU2026028,ALG1-A,2026-11-03,Present,0,
ATT-STU2026028-2026-11-04,STU2026028,ALG1-A,2026-11-04,Present,0,
ATT-STU2026028-2026-11-05,STU2026028,ALG1-A,2026-11-05,Present,0,
ATT-STU2026028-2026-11-06,STU2026028,ALG1-A,2026-11-06,Present,0,
ATT-STU2026028-2026-11-09,STU2026028,ALG1-A,2026-11-09,Absent,0,Yes
ATT-STU2026029-2026-09-08,STU2026029,ALG1-A,2026-09-08,Absent,0,No
ATT-STU2026029-2026-09-09,STU2026029,ALG1-A,2026-09-09,Present,0,
ATT-STU2026029-2026-09-10,STU2026029,ALG1-A,2026-09-10,Present,0,
ATT-STU2026029-2026-09-11,STU2026029,ALG1-A,2026-09-11,Present,0,
ATT-STU2026029-2026-09-14,STU2026029,ALG1-A,2026-09-14,Present,0,
ATT-STU2026029-2026-09-15,STU2026029,ALG1-A,2026-09-15,Present,0,
ATT-STU2026029-2026-09-16,STU2026029,ALG1-A,2026-09-16,Present,0,
ATT-STU2026029-2026-09-17,STU2026029,ALG1-A,2026-09-17,Present,0,
ATT-STU2026029-2026-09-18,STU2026029,ALG1-A,2026-09-18,Present,0,
ATT-STU2026029-2026-09-21,STU2026029,ALG1-A,2026-09-21,Present,0,
ATT-STU2026029-2026-09-22,STU2026029,ALG1-A,2026-09-22,Present,0,
ATT-STU2026029-2026-09-23,STU2026029,ALG1-A,2026-09-23,Present,0,
ATT-STU2026029-2026-09-24,STU2026029,ALG1-A,2026-09-24,Present,0,
ATT-STU2026029-2026-09-25,STU2026029,ALG1-A,2026-09-25,Present,0,
ATT-STU2026029-2026-09-28,STU2026029,ALG1-A,2026-09-28,Present,0,
ATT-STU2026029-2026-09-29,STU2026029,ALG1-A,2026-09-29,Present,0,
ATT-STU2026029-2026-09-30,STU2026029,ALG1-A,2026-09-30,Tardy,10,
ATT-STU2026029-2026-10-01,STU2026029,ALG1-A,2026-10-01,Present,0,
ATT-STU2026029-2026-10-02,STU2026029,ALG1-A,2026-10-02,Tardy,7,
ATT-STU2026029-2026-10-05,STU2026029,ALG1-A,2026-10-05,Present,0,
ATT-STU2026029-2026-10-06,STU2026029,ALG1-A,2026-10-06,Tardy,5,
ATT-STU2026029-2026-10-07,STU2026029,ALG1-A,2026-10-07,Present,0,
ATT-STU2026029-2026-10-08,STU2026029,ALG1-A,2026-10-08,Present,0,
ATT-STU2026029-2026-10-09,STU2026029,ALG1-A,2026-10-09,Present,0,
ATT-STU2026029-2026-10-12,STU2026029,ALG1-A,2026-10-12,Present,0,
ATT-STU2026029-2026-10-13,STU2026029,ALG1-A,2026-10-13,Present,0,
ATT-STU2026029-2026-10-14,STU2026029,ALG1-A,2026-10-14,Present,0,
ATT-STU2026029-2026-10-15,STU2026029,ALG1-A,2026-10-15,Present,0,
ATT-STU2026029-2026-10-16,STU2026029,ALG1-A,2026-10-16,Present,0,
ATT-STU2026029-2026-10-19,STU2026029,ALG1-A,2026-10-19,Present,0,
ATT-STU2026029-2026-10-20,STU2026029,ALG1-A,2026-10-20,Present,0,
ATT-STU2026029-2026-10-21,STU2026029,ALG1-A,2026-10-21,Present,0,
ATT-STU2026029-2026-10-22,STU2026029,ALG1-A,2026-10-22,Present,0,
ATT-STU2026029-2026-10-23,STU2026029,ALG1-A,2026-10-23,Present,0,
ATT-STU2026029-2026-10-26,STU2026029,ALG1-A,2026-10-26,Present,0,
ATT-STU2026029-2026-10-27,STU2026029,ALG1-A,2026-10-27,Present,0,
ATT-STU2026029-2026-10-28,STU2026029,ALG1-A,2026-10-28,Present,0,
ATT-STU2026029-2026-10-29,STU2026029,ALG1-A,2026-10-29,Present,0,
ATT-STU2026029-2026-10-30,STU2026029,ALG1-A,2026-10-30,Present,0,
ATT-STU2026029-2026-11-02,STU2026029,ALG1-A,2026-11-02,Absent,0,Yes
ATT-STU2026029-2026-11-03,STU2026029,ALG1-A,2026-11-03,Present,0,
ATT-STU2026029-2026-11-04,STU2026029,ALG1-A,2026-11-04,Present,0,
ATT-STU2026029-2026-11-05,STU2026029,ALG1-A,2026-11-05,Present,0,
ATT-STU2026029-2026-11-06,STU2026029,ALG1-A,2026-11-06,Present,0,
ATT-STU2026029-2026-11-09,STU2026029,ALG1-A,2026-11-09,Present,0,
ATT-STU2026030-2026-09-08,STU2026030,ALG1-A,2026-09-08,Tardy,10,
ATT-STU2026030-2026-09-09,STU2026030,ALG1-A,2026-09-09,Present,0,
ATT-STU2026030-2026-09-10,STU2026030,ALG1-A,2026-09-10,Present,0,
ATT-STU2026030-2026-09-11,STU2026030,ALG1-A,2026-09-11,Present,0,
ATT-STU2026030-2026-09-14,STU2026030,ALG1-A,2026-09-14,Present,0,
ATT-STU2026030-2026-09-15,STU2026030,ALG1-A,2026-09-15,Present,0,
ATT-STU2026030-2026-09-16,STU2026030,ALG1-A,2026-09-16,Present,0,
ATT-STU2026030-2026-09-17,STU2026030,ALG1-A,2026-09-17,Present,0,
ATT-STU2026030-2026-09-18,STU2026030,ALG1-A,2026-09-18,Tardy,5,
ATT-STU2026030-2026-09-21,STU2026030,ALG1-A,2026-09-21,Present,0,
ATT-STU2026030-2026-09-22,STU2026030,ALG1-A,2026-09-22,Present,0,
ATT-STU2026030-2026-09-23,STU2026030,ALG1-A,2026-09-23,Present,0,
ATT-STU2026030-2026-09-24,STU2026030,ALG1-A,2026-09-24,Present,0,
ATT-STU2026030-2026-09-25,STU2026030,ALG1-A,2026-09-25,Tardy,5,
ATT-STU2026030-2026-09-28,STU2026030,ALG1-A,2026-09-28,Absent,0,No
ATT-STU2026030-2026-09-29,STU2026030,ALG1-A,2026-09-29,Absent,0,Yes
ATT-STU2026030-2026-09-30,STU2026030,ALG1-A,2026-09-30,Present,0,
ATT-STU2026030-2026-10-01,STU2026030,ALG1-A,2026-10-01,Present,0,
ATT-STU2026030-2026-10-02,STU2026030,ALG1-A,2026-10-02,Present,0,
ATT-STU2026030-2026-10-05,STU2026030,ALG1-A,2026-10-05,Present,0,
ATT-STU2026030-2026-10-06,STU2026030,ALG1-A,2026-10-06,Present,0,
ATT-STU2026030-2026-10-07,STU2026030,ALG1-A,2026-10-07,Present,0,
ATT-STU2026030-2026-10-08,STU2026030,ALG1-A,2026-10-08,Present,0,
ATT-STU2026030-2026-10-09,STU2026030,ALG1-A,2026-10-09,Present,0,
ATT-STU2026030-2026-10-12,STU2026030,ALG1-A,2026-10-12,Present,0,
ATT-STU2026030-2026-10-13,STU2026030,ALG1-A,2026-10-13,Present,0,
ATT-STU2026030-2026-10-14,STU2026030,ALG1-A,2026-10-14,Present,0,
ATT-STU2026030-2026-10-15,STU2026030,ALG1-A,2026-10-15,Present,0,
ATT-STU2026030-2026-10-16,STU2026030,ALG1-A,2026-10-16,Present,0,
ATT-STU2026030-2026-10-19,STU2026030,ALG1-A,2026-10-19,Present,0,
ATT-STU2026030-2026-10-20,STU2026030,ALG1-A,2026-10-20,Present,0,
ATT-STU2026030-2026-10-21,STU2026030,ALG1-A,2026-10-21,Present,0,
ATT-STU2026030-2026-10-22,STU2026030,ALG1-A,2026-10-22,Present,0,
ATT-STU2026030-2026-10-23,STU2026030,ALG1-A,2026-10-23,Present,0,
ATT-STU2026030-2026-10-26,STU2026030,ALG1-A,2026-10-26,Present,0,
ATT-STU2026030-2026-10-27,STU2026030,ALG1-A,2026-10-27,Absent,0,No
ATT-STU2026030-2026-10-28,STU2026030,ALG1-A,2026-10-28,Present,0,
ATT-STU2026030-2026-10-29,STU2026030,ALG1-A,2026-10-29,Tardy,5,
ATT-STU2026030-2026-10-30,STU2026030,ALG1-A,2026-10-30,Absent,0,Yes
ATT-STU2026030-2026-11-02,STU2026030,ALG1-A,2026-11-02,Present,0,
ATT-STU2026030-2026-11-03,STU2026030,ALG1-A,2026-11-03,Absent,0,No
ATT-STU2026030-2026-11-04,STU2026030,ALG1-A,2026-11-04,Present,0,
ATT-STU2026030-2026-11-05,STU2026030,ALG1-A,2026-11-05,Present,0,
ATT-STU2026030-2026-11-06,STU2026030,ALG1-A,2026-11-06,Present,0,
ATT-STU2026030-2026-11-09,STU2026030,ALG1-A,2026-11-09,Present,0,
ATT-STU2026031-2026-09-08,STU2026031,ALG1-A,2026-09-08,Present,0,
ATT-STU2026031-2026-09-09,STU2026031,ALG1-A,2026-09-09,Present,0,
ATT-STU2026031-2026-09-10,STU2026031,ALG1-A,2026-09-10,Present,0,
ATT-STU2026031-2026-09-11,STU2026031,ALG1-A,2026-09-11,Present,0,
ATT-STU2026031-2026-09-14,STU2026031,ALG1-A,2026-09-14,Absent,0,Yes
ATT-STU2026031-2026-09-15,STU2026031,ALG1-A,2026-09-15,Present,0,
ATT-STU2026031-2026-09-16,STU2026031,ALG1-A,2026-09-16,Present,0,
ATT-STU2026031-2026-09-17,STU2026031,ALG1-A,2026-09-17,Absent,0,No
ATT-STU2026031-2026-09-18,STU2026031,ALG1-A,2026-09-18,Present,0,
ATT-STU2026031-2026-09-21,STU2026031,ALG1-A,2026-09-21,Absent,0,No
ATT-STU2026031-2026-09-22,STU2026031,ALG1-A,2026-09-22,Absent,0,Yes
ATT-STU2026031-2026-09-23,STU2026031,ALG1-A,2026-09-23,Present,0,
ATT-STU2026031-2026-09-24,STU2026031,ALG1-A,2026-09-24,Present,0,
ATT-STU2026031-2026-09-25,STU2026031,ALG1-A,2026-09-25,Present,0,
ATT-STU2026031-2026-09-28,STU2026031,ALG1-A,2026-09-28,Present,0,
ATT-STU2026031-2026-09-29,STU2026031,ALG1-A,2026-09-29,Present,0,
ATT-STU2026031-2026-09-30,STU2026031,ALG1-A,2026-09-30,Present,0,
ATT-STU2026031-2026-10-01,STU2026031,ALG1-A,2026-10-01,Present,0,
ATT-STU2026031-2026-10-02,STU2026031,ALG1-A,2026-10-02,Absent,0,No
ATT-STU2026031-2026-10-05,STU2026031,ALG1-A,2026-10-05,Present,0,
ATT-STU2026031-2026-10-06,STU2026031,ALG1-A,2026-10-06,Present,0,
ATT-STU2026031-2026-10-07,STU2026031,ALG1-A,2026-10-07,Present,0,
ATT-STU2026031-2026-10-08,STU2026031,ALG1-A,2026-10-08,Present,0,
ATT-STU2026031-2026-10-09,STU2026031,ALG1-A,2026-10-09,Absent,0,Yes
ATT-STU2026031-2026-10-12,STU2026031,ALG1-A,2026-10-12,Present,0,
ATT-STU2026031-2026-10-13,STU2026031,ALG1-A,2026-10-13,Present,0,
ATT-STU2026031-2026-10-14,STU2026031,ALG1-A,2026-10-14,Absent,0,No
ATT-STU2026031-2026-10-15,STU2026031,ALG1-A,2026-10-15,Present,0,
ATT-STU2026031-2026-10-16,STU2026031,ALG1-A,2026-10-16,Present,0,
ATT-STU2026031-2026-10-19,STU2026031,ALG1-A,2026-10-19,Present,0,
ATT-STU2026031-2026-10-20,STU2026031,ALG1-A,2026-10-20,Present,0,
ATT-STU2026031-2026-10-21,STU2026031,ALG1-A,2026-10-21,Present,0,
ATT-STU2026031-2026-10-22,STU2026031,ALG1-A,2026-10-22,Absent,0,No
ATT-STU2026031-2026-10-23,STU2026031,ALG1-A,2026-10-23,Present,0,
ATT-STU2026031-2026-10-26,STU2026031,ALG1-A,2026-10-26,Present,0,
ATT-STU2026031-2026-10-27,STU2026031,ALG1-A,2026-10-27,Present,0,
ATT-STU2026031-2026-10-28,STU2026031,ALG1-A,2026-10-28,Present,0,
ATT-STU2026031-2026-10-29,STU2026031,ALG1-A,2026-10-29,Present,0,
ATT-STU2026031-2026-10-30,STU2026031,ALG1-A,2026-10-30,Present,0,
ATT-STU2026031-2026-11-02,STU2026031,ALG1-A,2026-11-02,Present,0,
ATT-STU2026031-2026-11-03,STU2026031,ALG1-A,2026-11-03,Present,0,
ATT-STU2026031-2026-11-04,STU2026031,ALG1-A,2026-11-04,Present,0,
ATT-STU2026031-2026-11-05,STU2026031,ALG1-A,2026-11-05,Present,0,
ATT-STU2026031-2026-11-06,STU2026031,ALG1-A,2026-11-06,Present,0,
ATT-STU2026031-2026-11-09,STU2026031,ALG1-A,2026-11-09,Absent,0,Yes
ATT-STU2026032-2026-09-08,STU2026032,ALG1-A,2026-09-08,Present,0,
ATT-STU2026032-2026-09-09,STU2026032,ALG1-A,2026-09-09,Present,0,
ATT-STU2026032-2026-09-10,STU2026032,ALG1-A,2026-09-10,Present,0,
ATT-STU2026032-2026-09-11,STU2026032,ALG1-A,2026-09-11,Present,0,
ATT-STU2026032-2026-09-14,STU2026032,ALG1-A,2026-09-14,Present,0,
ATT-STU2026032-2026-09-15,STU2026032,ALG1-A,2026-09-15,Present,0,
ATT-STU2026032-2026-09-16,STU2026032,ALG1-A,2026-09-16,Present,0,
ATT-STU2026032-2026-09-17,STU2026032,ALG1-A,2026-09-17,Present,0,
ATT-STU2026032-2026-09-18,STU2026032,ALG1-A,2026-09-18,Absent,0,No
ATT-STU2026032-2026-09-21,STU2026032,ALG1-A,2026-09-21,Present,0,
ATT-STU2026032-2026-09-22,STU2026032,ALG1-A,2026-09-22,Present,0,
ATT-STU2026032-2026-09-23,STU2026032,ALG1-A,2026-09-23,Present,0,
ATT-STU2026032-2026-09-24,STU2026032,ALG1-A,2026-09-24,Present,0,
ATT-STU2026032-2026-09-25,STU2026032,ALG1-A,2026-09-25,Present,0,
ATT-STU2026032-2026-09-28,STU2026032,ALG1-A,2026-09-28,Present,0,
ATT-STU2026032-2026-09-29,STU2026032,ALG1-A,2026-09-29,Absent,0,Yes
ATT-STU2026032-2026-09-30,STU2026032,ALG1-A,2026-09-30,Present,0,
ATT-STU2026032-2026-10-01,STU2026032,ALG1-A,2026-10-01,Present,0,
ATT-STU2026032-2026-10-02,STU2026032,ALG1-A,2026-10-02,Present,0,
ATT-STU2026032-2026-10-05,STU2026032,ALG1-A,2026-10-05,Present,0,
ATT-STU2026032-2026-10-06,STU2026032,ALG1-A,2026-10-06,Present,0,
ATT-STU2026032-2026-10-07,STU2026032,ALG1-A,2026-10-07,Present,0,
ATT-STU2026032-2026-10-08,STU2026032,ALG1-A,2026-10-08,Present,0,
ATT-STU2026032-2026-10-09,STU2026032,ALG1-A,2026-10-09,Present,0,
ATT-STU2026032-2026-10-12,STU2026032,ALG1-A,2026-10-12,Present,0,
ATT-STU2026032-2026-10-13,STU2026032,ALG1-A,2026-10-13,Present,0,
ATT-STU2026032-2026-10-14,STU2026032,ALG1-A,2026-10-14,Absent,0,Yes
ATT-STU2026032-2026-10-15,STU2026032,ALG1-A,2026-10-15,Present,0,
ATT-STU2026032-2026-10-16,STU2026032,ALG1-A,2026-10-16,Present,0,
ATT-STU2026032-2026-10-19,STU2026032,ALG1-A,2026-10-19,Present,0,
ATT-STU2026032-2026-10-20,STU2026032,ALG1-A,2026-10-20,Present,0,
ATT-STU2026032-2026-10-21,STU2026032,ALG1-A,2026-10-21,Present,0,
ATT-STU2026032-2026-10-22,STU2026032,ALG1-A,2026-10-22,Present,0,
ATT-STU2026032-2026-10-23,STU2026032,ALG1-A,2026-10-23,Present,0,
ATT-STU2026032-2026-10-26,STU2026032,ALG1-A,2026-10-26,Present,0,
ATT-STU2026032-2026-10-27,STU2026032,ALG1-A,2026-10-27,Present,0,
ATT-STU2026032-2026-10-28,STU2026032,ALG1-A,2026-10-28,Present,0,
ATT-STU2026032-2026-10-29,STU2026032,ALG1-A,2026-10-29,Present,0,
ATT-STU2026032-2026-10-30,STU2026032,ALG1-A,2026-10-30,Present,0,
ATT-STU2026032-2026-11-02,STU2026032,ALG1-A,2026-11-02,Present,0,
ATT-STU2026032-2026-11-03,STU2026032,ALG1-A,2026-11-03,Tardy,10,
ATT-STU2026032-2026-11-04,STU2026032,ALG1-A,2026-11-04,Present,0,
ATT-STU2026032-2026-11-05,STU2026032,ALG1-A,2026-11-05,Present,0,
ATT-STU2026032-2026-11-06,STU2026032,ALG1-A,2026-11-06,Present,0,
ATT-STU2026032-2026-11-09,STU2026032,ALG1-A,2026-11-09,Present,0,
ATT-STU2026033-2026-09-08,STU2026033,ALG1-A,2026-09-08,Present,0,
ATT-STU2026033-2026-09-09,STU2026033,ALG1-A,2026-09-09,Absent,0,Yes
ATT-STU2026033-2026-09-10,STU2026033,ALG1-A,2026-09-10,Tardy,3,
ATT-STU2026033-2026-09-11,STU2026033,ALG1-A,2026-09-11,Present,0,
ATT-STU2026033-2026-09-14,STU2026033,ALG1-A,2026-09-14,Present,0,
ATT-STU2026033-2026-09-15,STU2026033,ALG1-A,2026-09-15,Present,0,
ATT-STU2026033-2026-09-16,STU2026033,ALG1-A,2026-09-16,Present,0,
ATT-STU2026033-2026-09-17,STU2026033,ALG1-A,2026-09-17,Present,0,
ATT-STU2026033-2026-09-18,STU2026033,ALG1-A,2026-09-18,Present,0,
ATT-STU2026033-2026-09-21,STU2026033,ALG1-A,2026-09-21,Present,0,
ATT-STU2026033-2026-09-22,STU2026033,ALG1-A,2026-09-22,Present,0,
ATT-STU2026033-2026-09-23,STU2026033,ALG1-A,2026-09-23,Absent,0,No
ATT-STU2026033-2026-09-24,STU2026033,ALG1-A,2026-09-24,Present,0,
ATT-STU2026033-2026-09-25,STU2026033,ALG1-A,2026-09-25,Present,0,
ATT-STU2026033-2026-09-28,STU2026033,ALG1-A,2026-09-28,Present,0,
ATT-STU2026033-2026-09-29,STU2026033,ALG1-A,2026-09-29,Tardy,15,
ATT-STU2026033-2026-09-30,STU2026033,ALG1-A,2026-09-30,Present,0,
ATT-STU2026033-2026-10-01,STU2026033,ALG1-A,2026-10-01,Present,0,
ATT-STU2026033-2026-10-02,STU2026033,ALG1-A,2026-10-02,Present,0,
ATT-STU2026033-2026-10-05,STU2026033,ALG1-A,2026-10-05,Absent,0,Yes
ATT-STU2026033-2026-10-06,STU2026033,ALG1-A,2026-10-06,Present,0,
ATT-STU2026033-2026-10-07,STU2026033,ALG1-A,2026-10-07,Absent,0,Yes
ATT-STU2026033-2026-10-08,STU2026033,ALG1-A,2026-10-08,Present,0,
ATT-STU2026033-2026-10-09,STU2026033,ALG1-A,2026-10-09,Present,0,
ATT-STU2026033-2026-10-12,STU2026033,ALG1-A,2026-10-12,Present,0,
ATT-STU2026033-2026-10-13,STU2026033,ALG1-A,2026-10-13,Present,0,
ATT-STU2026033-2026-10-14,STU2026033,ALG1-A,2026-10-14,Present,0,
ATT-STU2026033-2026-10-15,STU2026033,ALG1-A,2026-10-15,Present,0,
ATT-STU2026033-2026-10-16,STU2026033,ALG1-A,2026-10-16,Present,0,
ATT-STU2026033-2026-10-19,STU2026033,ALG1-A,2026-10-19,Absent,0,Yes
ATT-STU2026033-2026-10-20,STU2026033,ALG1-A,2026-10-20,Present,0,
ATT-STU2026033-2026-10-21,STU2026033,ALG1-A,2026-10-21,Present,0,
ATT-STU2026033-2026-10-22,STU2026033,ALG1-A,2026-10-22,Present,0,
ATT-STU2026033-2026-10-23,STU2026033,ALG1-A,2026-10-23,Present,0,
ATT-STU2026033-2026-10-26,STU2026033,ALG1-A,2026-10-26,Present,0,
ATT-STU2026033-2026-10-27,STU2026033,ALG1-A,2026-10-27,Present,0,
ATT-STU2026033-2026-10-28,STU2026033,ALG1-A,2026-10-28,Present,0,
ATT-STU2026033-2026-10-29,STU2026033,ALG1-A,2026-10-29,Absent,0,No
ATT-STU2026033-2026-10-30,STU2026033,ALG1-A,2026-10-30,Present,0,
ATT-STU2026033-2026-11-02,STU2026033,ALG1-A,2026-11-02,Present,0,
ATT-STU2026033-2026-11-03,STU2026033,ALG1-A,2026-11-03,Absent,0,No
ATT-STU2026033-2026-11-04,STU2026033,ALG1-A,2026-11-04,Present,0,
ATT-STU2026033-2026-11-05,STU2026033,ALG1-A,2026-11-05,Absent,0,No
ATT-STU2026033-2026-11-06,STU2026033,ALG1-A,2026-11-06,Present,0,
ATT-STU2026033-2026-11-09,STU2026033,ALG1-A,2026-11-09,Present,0,
ATT-STU2026034-2026-09-08,STU2026034,ALG1-A,2026-09-08,Present,0,
ATT-STU2026034-2026-09-09,STU2026034,ALG1-A,2026-09-09,Absent,0,No
ATT-STU2026034-2026-09-10,STU2026034,ALG1-A,2026-09-10,Absent,0,No
ATT-STU2026034-2026-09-11,STU2026034,ALG1-A,2026-09-11,Present,0,
ATT-STU2026034-2026-09-14,STU2026034,ALG1-A,2026-09-14,Present,0,
ATT-STU2026034-2026-09-15,STU2026034,ALG1-A,2026-09-15,Absent,0,No
ATT-STU2026034-2026-09-16,STU2026034,ALG1-A,2026-09-16,Absent,0,Yes
ATT-STU2026034-2026-09-17,STU2026034,ALG1-A,2026-09-17,Present,0,
ATT-STU2026034-2026-09-18,STU2026034,ALG1-A,2026-09-18,Present,0,
ATT-STU2026034-2026-09-21,STU2026034,ALG1-A,2026-09-21,Present,0,
ATT-STU2026034-2026-09-22,STU2026034,ALG1-A,2026-09-22,Present,0,
ATT-STU2026034-2026-09-23,STU2026034,ALG1-A,2026-09-23,Present,0,
ATT-STU2026034-2026-09-24,STU2026034,ALG1-A,2026-09-24,Absent,0,No
ATT-STU2026034-2026-09-25,STU2026034,ALG1-A,2026-09-25,Absent,0,Yes
ATT-STU2026034-2026-09-28,STU2026034,ALG1-A,2026-09-28,Absent,0,No
ATT-STU2026034-2026-09-29,STU2026034,ALG1-A,2026-09-29,Present,0,
ATT-STU2026034-2026-09-30,STU2026034,ALG1-A,2026-09-30,Present,0,
ATT-STU2026034-2026-10-01,STU2026034,ALG1-A,2026-10-01,Present,0,
ATT-STU2026034-2026-10-02,STU2026034,ALG1-A,2026-10-02,Present,0,
ATT-STU2026034-2026-10-05,STU2026034,ALG1-A,2026-10-05,Present,0,
ATT-STU2026034-2026-10-06,STU2026034,ALG1-A,2026-10-06,Present,0,
ATT-STU2026034-2026-10-07,STU2026034,ALG1-A,2026-10-07,Absent,0,Yes
ATT-STU2026034-2026-10-08,STU2026034,ALG1-A,2026-10-08,Present,0,
ATT-STU2026034-2026-10-09,STU2026034,ALG1-A,2026-10-09,Present,0,
ATT-STU2026034-2026-10-12,STU2026034,ALG1-A,2026-10-12,Present,0,
ATT-STU2026034-2026-10-13,STU2026034,ALG1-A,2026-10-13,Present,0,
ATT-STU2026034-2026-10-14,STU2026034,ALG1-A,2026-10-14,Present,0,
ATT-STU2026034-2026-10-15,STU2026034,ALG1-A,2026-10-15,Tardy,10,
ATT-STU2026034-2026-10-16,STU2026034,ALG1-A,2026-10-16,Present,0,
ATT-STU2026034-2026-10-19,STU2026034,ALG1-A,2026-10-19,Present,0,
ATT-STU2026034-2026-10-20,STU2026034,ALG1-A,2026-10-20,Present,0,
ATT-STU2026034-2026-10-21,STU2026034,ALG1-A,2026-10-21,Absent,0,No
ATT-STU2026034-2026-10-22,STU2026034,ALG1-A,2026-10-22,Present,0,
ATT-STU2026034-2026-10-23,STU2026034,ALG1-A,2026-10-23,Present,0,
ATT-STU2026034-2026-10-26,STU2026034,ALG1-A,2026-10-26,Present,0,
ATT-STU2026034-2026-10-27,STU2026034,ALG1-A,2026-10-27,Present,0,
ATT-STU2026034-2026-10-28,STU2026034,ALG1-A,2026-10-28,Absent,0,No
ATT-STU2026034-2026-10-29,STU2026034,ALG1-A,2026-10-29,Present,0,
ATT-STU2026034-2026-10-30,STU2026034,ALG1-A,2026-10-30,Present,0,
ATT-STU2026034-2026-11-02,STU2026034,ALG1-A,2026-11-02,Present,0,
ATT-STU2026034-2026-11-03,STU2026034,ALG1-A,2026-11-03,Present,0,
ATT-STU2026034-2026-11-04,STU2026034,ALG1-A,2026-11-04,Present,0,
ATT-STU2026034-2026-11-05,STU2026034,ALG1-A,2026-11-05,Present,0,
ATT-STU2026034-2026-11-06,STU2026034,ALG1-A,2026-11-06,Absent,0,No
ATT-STU2026034-2026-11-09,STU2026034,ALG1-A,2026-11-09,Present,0,
ATT-STU2026035-2026-09-08,STU2026035,ALG1-A,2026-09-08,Present,0,
ATT-STU2026035-2026-09-09,STU2026035,ALG1-A,2026-09-09,Present,0,
ATT-STU2026035-2026-09-10,STU2026035,ALG1-A,2026-09-10,Present,0,
ATT-STU2026035-2026-09-11,STU2026035,ALG1-A,2026-09-11,Present,0,
ATT-STU2026035-2026-09-14,STU2026035,ALG1-A,2026-09-14,Present,0,
ATT-STU2026035-2026-09-15,STU2026035,ALG1-A,2026-09-15,Present,0,
ATT-STU2026035-2026-09-16,STU2026035,ALG1-A,2026-09-16,Present,0,
ATT-STU2026035-2026-09-17,STU2026035,ALG1-A,2026-09-17,Present,0,
ATT-STU2026035-2026-09-18,STU2026035,ALG1-A,2026-09-18,Present,0,
ATT-STU2026035-2026-09-21,STU2026035,ALG1-A,2026-09-21,Present,0,
ATT-STU2026035-2026-09-22,STU2026035,ALG1-A,2026-09-22,Present,0,
ATT-STU2026035-2026-09-23,STU2026035,ALG1-A,2026-09-23,Present,0,
ATT-STU2026035-2026-09-24,STU2026035,ALG1-A,2026-09-24,Present,0,
ATT-STU2026035-2026-09-25,STU2026035,ALG1-A,2026-09-25,Present,0,
ATT-STU2026035-2026-09-28,STU2026035,ALG1-A,2026-09-28,Present,0,
ATT-STU2026035-2026-09-29,STU2026035,ALG1-A,2026-09-29,Present,0,
ATT-STU2026035-2026-09-30,STU2026035,ALG1-A,2026-09-30,Present,0,
ATT-STU2026035-2026-10-01,STU2026035,ALG1-A,2026-10-01,Present,0,
ATT-STU2026035-2026-10-02,STU2026035,ALG1-A,2026-10-02,Present,0,
ATT-STU2026035-2026-10-05,STU2026035,ALG1-A,2026-10-05,Present,0,
ATT-STU2026035-2026-10-06,STU2026035,ALG1-A,2026-10-06,Present,0,
ATT-STU2026035-2026-10-07,STU2026035,ALG1-A,2026-10-07,Present,0,
ATT-STU2026035-2026-10-08,STU2026035,ALG1-A,2026-10-08,Present,0,
ATT-STU2026035-2026-10-09,STU2026035,ALG1-A,2026-10-09,Present,0,
ATT-STU2026035-2026-10-12,STU2026035,ALG1-A,2026-10-12,Absent,0,No
ATT-STU2026035-2026-10-13,STU2026035,ALG1-A,2026-10-13,Present,0,
ATT-STU2026035-2026-10-14,STU2026035,ALG1-A,2026-10-14,Present,0,
ATT-STU2026035-2026-10-15,STU2026035,ALG1-A,2026-10-15,Tardy,3,
ATT-STU2026035-2026-10-16,STU2026035,ALG1-A,2026-10-16,Present,0,
ATT-STU2026035-2026-10-19,STU2026035,ALG1-A,2026-10-19,Present,0,
ATT-STU2026035-2026-10-20,STU2026035,ALG1-A,2026-10-20,Absent,0,No
ATT-STU2026035-2026-10-21,STU2026035,ALG1-A,2026-10-21,Present,0,
ATT-STU2026035-2026-10-22,STU2026035,ALG1-A,2026-10-22,Absent,0,No
ATT-STU2026035-2026-10-23,STU2026035,ALG1-A,2026-10-23,Present,0,
ATT-STU2026035-2026-10-26,STU2026035,ALG1-A,2026-10-26,Present,0,
ATT-STU2026035-2026-10-27,STU2026035,ALG1-A,2026-10-27,Present,0,
ATT-STU2026035-2026-10-28,STU2026035,ALG1-A,2026-10-28,Present,0,
ATT-STU2026035-2026-10-29,STU2026035,ALG1-A,2026-10-29,Present,0,
ATT-STU2026035-2026-10-30,STU2026035,ALG1-A,2026-10-30,Present,0,
ATT-STU2026035-2026-11-02,STU2026035,ALG1-A,2026-11-02,Present,0,
ATT-STU2026035-2026-11-03,STU2026035,ALG1-A,2026-11-03,Present,0,
ATT-STU2026035-2026-11-04,STU2026035,ALG1-A,2026-11-04,Present,0,
ATT-STU2026035-2026-11-05,STU2026035,ALG1-A,2026-11-05,Present,0,
ATT-STU2026035-2026-11-06,STU2026035,ALG1-A,2026-11-06,Present,0,
ATT-STU2026035-2026-11-09,STU2026035,ALG1-A,2026-11-09,Present,0,
ATT-STU2026036-2026-09-08,STU2026036,ALG1-A,2026-09-08,Present,0,
ATT-STU2026036-2026-09-09,STU2026036,ALG1-A,2026-09-09,Present,0,
ATT-STU2026036-2026-09-10,STU2026036,ALG1-A,2026-09-10,Present,0,
ATT-STU2026036-2026-09-11,STU2026036,ALG1-A,2026-09-11,Present,0,
ATT-STU2026036-2026-09-14,STU2026036,ALG1-A,2026-09-14,Absent,0,No
ATT-STU2026036-2026-09-15,STU2026036,ALG1-A,2026-09-15,Present,0,
ATT-STU2026036-2026-09-16,STU2026036,ALG1-A,2026-09-16,Present,0,
ATT-STU2026036-2026-09-17,STU2026036,ALG1-A,2026-09-17,Present,0,
ATT-STU2026036-2026-09-18,STU2026036,ALG1-A,2026-09-18,Present,0,
ATT-STU2026036-2026-09-21,STU2026036,ALG1-A,2026-09-21,Present,0,
ATT-STU2026036-2026-09-22,STU2026036,ALG1-A,2026-09-22,Tardy,15,
ATT-STU2026036-2026-09-23,STU2026036,ALG1-A,2026-09-23,Present,0,
ATT-STU2026036-2026-09-24,STU2026036,ALG1-A,2026-09-24,Absent,0,Yes
ATT-STU2026036-2026-09-25,STU2026036,ALG1-A,2026-09-25,Present,0,
ATT-STU2026036-2026-09-28,STU2026036,ALG1-A,2026-09-28,Present,0,
ATT-STU2026036-2026-09-29,STU2026036,ALG1-A,2026-09-29,Present,0,
ATT-STU2026036-2026-09-30,STU2026036,ALG1-A,2026-09-30,Present,0,
ATT-STU2026036-2026-10-01,STU2026036,ALG1-A,2026-10-01,Present,0,
ATT-STU2026036-2026-10-02,STU2026036,ALG1-A,2026-10-02,Present,0,
ATT-STU2026036-2026-10-05,STU2026036,ALG1-A,2026-10-05,Present,0,
ATT-STU2026036-2026-10-06,STU2026036,ALG1-A,2026-10-06,Tardy,15,
ATT-STU2026036-2026-10-07,STU2026036,ALG1-A,2026-10-07,Present,0,
ATT-STU2026036-2026-10-08,STU2026036,ALG1-A,2026-10-08,Absent,0,No
ATT-STU2026036-2026-10-09,STU2026036,ALG1-A,2026-10-09,Absent,0,No
ATT-STU2026036-2026-10-12,STU2026036,ALG1-A,2026-10-12,Present,0,
ATT-STU2026036-2026-10-13,STU2026036,ALG1-A,2026-10-13,Absent,0,Yes
ATT-STU2026036-2026-10-14,STU2026036,ALG1-A,2026-10-14,Present,0,
ATT-STU2026036-2026-10-15,STU2026036,ALG1-A,2026-10-15,Present,0,
ATT-STU2026036-2026-10-16,STU2026036,ALG1-A,2026-10-16,Present,0,
ATT-STU2026036-2026-10-19,STU2026036,ALG1-A,2026-10-19,Present,0,
ATT-STU2026036-2026-10-20,STU2026036,ALG1-A,2026-10-20,Present,0,
ATT-STU2026036-2026-10-21,STU2026036,ALG1-A,2026-10-21,Present,0,
ATT-STU2026036-2026-10-22,STU2026036,ALG1-A,2026-10-22,Present,0,
ATT-STU2026036-2026-10-23,STU2026036,ALG1-A,2026-10-23,Tardy,10,
ATT-STU2026036-2026-10-26,STU2026036,ALG1-A,2026-10-26,Present,0,
ATT-STU2026036-2026-10-27,STU2026036,ALG1-A,2026-10-27,Present,0,
ATT-STU2026036-2026-10-28,STU2026036,ALG1-A,2026-10-28,Present,0,
ATT-STU2026036-2026-10-29,STU2026036,ALG1-A,2026-10-29,Present,0,
ATT-STU2026036-2026-10-30,STU2026036,ALG1-A,2026-10-30,Absent,0,No
ATT-STU2026036-2026-11-02,STU2026036,ALG1-A,2026-11-02,Absent,0,Yes
ATT-STU2026036-2026-11-03,STU2026036,ALG1-A,2026-11-03,Present,0,
ATT-STU2026036-2026-11-04,STU2026036,ALG1-A,2026-11-04,Present,0,
ATT-STU2026036-2026-11-05,STU2026036,ALG1-A,2026-11-05,Present,0,
ATT-STU2026036-2026-11-06,STU2026036,ALG1-A,2026-11-06,Present,0,
ATT-STU2026036-2026-11-09,STU2026036,ALG1-A,2026-11-09,Absent,0,No
ATT-STU2026037-2026-09-08,STU2026037,ALG1-A,2026-09-08,Present,0,
ATT-STU2026037-2026-09-09,STU2026037,ALG1-A,2026-09-09,Present,0,
ATT-STU2026037-2026-09-10,STU2026037,ALG1-A,2026-09-10,Present,0,
ATT-STU2026037-2026-09-11,STU2026037,ALG1-A,2026-09-11,Present,0,
ATT-STU2026037-2026-09-14,STU2026037,ALG1-A,2026-09-14,Present,0,
ATT-STU2026037-2026-09-15,STU2026037,ALG1-A,2026-09-15,Present,0,
ATT-STU2026037-2026-09-16,STU2026037,ALG1-A,2026-09-16,Present,0,
ATT-STU2026037-2026-09-17,STU2026037,ALG1-A,2026-09-17,Present,0,
ATT-STU2026037-2026-09-18,STU2026037,ALG1-A,2026-09-18,Present,0,
ATT-STU2026037-2026-09-21,STU2026037,ALG1-A,2026-09-21,Present,0,
ATT-STU2026037-2026-09-22,STU2026037,ALG1-A,2026-09-22,Present,0,
ATT-STU2026037-2026-09-23,STU2026037,ALG1-A,2026-09-23,Present,0,
ATT-STU2026037-2026-09-24,STU2026037,ALG1-A,2026-09-24,Present,0,
ATT-STU2026037-2026-09-25,STU2026037,ALG1-A,2026-09-25,Present,0,
ATT-STU2026037-2026-09-28,STU2026037,ALG1-A,2026-09-28,Present,0,
ATT-STU2026037-2026-09-29,STU2026037,ALG1-A,2026-09-29,Present,0,
ATT-STU2026037-2026-09-30,STU2026037,ALG1-A,2026-09-30,Present,0,
ATT-STU2026037-2026-10-01,STU2026037,ALG1-A,2026-10-01,Present,0,
ATT-STU2026037-2026-10-02,STU2026037,ALG1-A,2026-10-02,Present,0,
ATT-STU2026037-2026-10-05,STU2026037,ALG1-A,2026-10-05,Present,0,
ATT-STU2026037-2026-10-06,STU2026037,ALG1-A,2026-10-06,Present,0,
ATT-STU2026037-2026-10-07,STU2026037,ALG1-A,2026-10-07,Present,0,
ATT-STU2026037-2026-10-08,STU2026037,ALG1-A,2026-10-08,Present,0,
ATT-STU2026037-2026-10-09,STU2026037,ALG1-A,2026-10-09,Present,0,
ATT-STU2026037-2026-10-12,STU2026037,ALG1-A,2026-10-12,Absent,0,Yes
ATT-STU2026037-2026-10-13,STU2026037,ALG1-A,2026-10-13,Present,0,
ATT-STU2026037-2026-10-14,STU2026037,ALG1-A,2026-10-14,Present,0,
ATT-STU2026037-2026-10-15,STU2026037,ALG1-A,2026-10-15,Present,0,
ATT-STU2026037-2026-10-16,STU2026037,ALG1-A,2026-10-16,Present,0,
ATT-STU2026037-2026-10-19,STU2026037,ALG1-A,2026-10-19,Present,0,
ATT-STU2026037-2026-10-20,STU2026037,ALG1-A,2026-10-20,Present,0,
ATT-STU2026037-2026-10-21,STU2026037,ALG1-A,2026-10-21,Present,0,
ATT-STU2026037-2026-10-22,STU2026037,ALG1-A,2026-10-22,Present,0,
ATT-STU2026037-2026-10-23,STU2026037,ALG1-A,2026-10-23,Present,0,
ATT-STU2026037-2026-10-26,STU2026037,ALG1-A,2026-10-26,Present,0,
ATT-STU2026037-2026-10-27,STU2026037,ALG1-A,2026-10-27,Present,0,
ATT-STU2026037-2026-10-28,STU2026037,ALG1-A,2026-10-28,Present,0,
ATT-STU2026037-2026-10-29,STU2026037,ALG1-A,2026-10-29,Present,0,
ATT-STU2026037-2026-10-30,STU2026037,ALG1-A,2026-10-30,Present,0,
ATT-STU2026037-2026-11-02,STU2026037,ALG1-A,2026-11-02,Present,0,
ATT-STU2026037-2026-11-03,STU2026037,ALG1-A,2026-11-03,Present,0,
ATT-STU2026037-2026-11-04,STU2026037,ALG1-A,2026-11-04,Present,0,
ATT-STU2026037-2026-11-05,STU2026037,ALG1-A,2026-11-05,Present,0,
ATT-STU2026037-2026-11-06,STU2026037,ALG1-A,2026-11-06,Present,0,
ATT-STU2026037-2026-11-09,STU2026037,ALG1-A,2026-11-09,Tardy,5,
ATT-STU2026038-2026-09-08,STU2026038,ALG1-A,2026-09-08,Present,0,
ATT-STU2026038-2026-09-09,STU2026038,ALG1-A,2026-09-09,Present,0,
ATT-STU2026038-2026-09-10,STU2026038,ALG1-A,2026-09-10,Present,0,
ATT-STU2026038-2026-09-11,STU2026038,ALG1-A,2026-09-11,Present,0,
ATT-STU2026038-2026-09-14,STU2026038,ALG1-A,2026-09-14,Present,0,
ATT-STU2026038-2026-09-15,STU2026038,ALG1-A,2026-09-15,Present,0,
ATT-STU2026038-2026-09-16,STU2026038,ALG1-A,2026-09-16,Present,0,
ATT-STU2026038-2026-09-17,STU2026038,ALG1-A,2026-09-17,Present,0,
ATT-STU2026038-2026-09-18,STU2026038,ALG1-A,2026-09-18,Present,0,
ATT-STU2026038-2026-09-21,STU2026038,ALG1-A,2026-09-21,Present,0,
ATT-STU2026038-2026-09-22,STU2026038,ALG1-A,2026-09-22,Present,0,
ATT-STU2026038-2026-09-23,STU2026038,ALG1-A,2026-09-23,Present,0,
ATT-STU2026038-2026-09-24,STU2026038,ALG1-A,2026-09-24,Present,0,
ATT-STU2026038-2026-09-25,STU2026038,ALG1-A,2026-09-25,Present,0,
ATT-STU2026038-2026-09-28,STU2026038,ALG1-A,2026-09-28,Present,0,
ATT-STU2026038-2026-09-29,STU2026038,ALG1-A,2026-09-29,Absent,0,No
ATT-STU2026038-2026-09-30,STU2026038,ALG1-A,2026-09-30,Present,0,
ATT-STU2026038-2026-10-01,STU2026038,ALG1-A,2026-10-01,Present,0,
ATT-STU2026038-2026-10-02,STU2026038,ALG1-A,2026-10-02,Present,0,
ATT-STU2026038-2026-10-05,STU2026038,ALG1-A,2026-10-05,Present,0,
ATT-STU2026038-2026-10-06,STU2026038,ALG1-A,2026-10-06,Present,0,
ATT-STU2026038-2026-10-07,STU2026038,ALG1-A,2026-10-07,Present,0,
ATT-STU2026038-2026-10-08,STU2026038,ALG1-A,2026-10-08,Present,0,
ATT-STU2026038-2026-10-09,STU2026038,ALG1-A,2026-10-09,Present,0,
ATT-STU2026038-2026-10-12,STU2026038,ALG1-A,2026-10-12,Present,0,
ATT-STU2026038-2026-10-13,STU2026038,ALG1-A,2026-10-13,Present,0,
ATT-STU2026038-2026-10-14,STU2026038,ALG1-A,2026-10-14,Present,0,
ATT-STU2026038-2026-10-15,STU2026038,ALG1-A,2026-10-15,Present,0,
ATT-STU2026038-2026-10-16,STU2026038,ALG1-A,2026-10-16,Present,0,
ATT-STU2026038-2026-10-19,STU2026038,ALG1-A,2026-10-19,Present,0,
ATT-STU2026038-2026-10-20,STU2026038,ALG1-A,2026-10-20,Tardy,3,
ATT-STU2026038-2026-10-21,STU2026038,ALG1-A,2026-10-21,Present,0,
ATT-STU2026038-2026-10-22,STU2026038,ALG1-A,2026-10-22,Present,0,
ATT-STU2026038-2026-10-23,STU2026038,ALG1-A,2026-10-23,Present,0,
ATT-STU2026038-2026-10-26,STU2026038,ALG1-A,2026-10-26,Present,0,
ATT-STU2026038-2026-10-27,STU2026038,ALG1-A,2026-10-27,Present,0,
ATT-STU2026038-2026-10-28,STU2026038,ALG1-A,2026-10-28,Present,0,
ATT-STU2026038-2026-10-29,STU2026038,ALG1-A,2026-10-29,Present,0,
ATT-STU2026038-2026-10-30,STU2026038,ALG1-A,2026-10-30,Present,0,
ATT-STU2026038-2026-11-02,STU2026038,ALG1-A,2026-11-02,Present,0,
ATT-STU2026038-2026-11-03,STU2026038,ALG1-A,2026-11-03,Present,0,
ATT-STU2026038-2026-11-04,STU2026038,ALG1-A,2026-11-04,Present,0,
ATT-STU2026038-2026-11-05,STU2026038,ALG1-A,2026-11-05,Tardy,7,
ATT-STU2026038-2026-11-06,STU2026038,ALG1-A,2026-11-06,Present,0,
ATT-STU2026038-2026-11-09,STU2026038,ALG1-A,2026-11-09,Present,0,
ATT-STU2026039-2026-09-08,STU2026039,ALG1-A,2026-09-08,Present,0,
ATT-STU2026039-2026-09-09,STU2026039,ALG1-A,2026-09-09,Absent,0,No
ATT-STU2026039-2026-09-10,STU2026039,ALG1-A,2026-09-10,Present,0,
ATT-STU2026039-2026-09-11,STU2026039,ALG1-A,2026-09-11,Present,0,
ATT-STU2026039-2026-09-14,STU2026039,ALG1-A,2026-09-14,Present,0,
ATT-STU2026039-2026-09-15,STU2026039,ALG1-A,2026-09-15,Present,0,
ATT-STU2026039-2026-09-16,STU2026039,ALG1-A,2026-09-16,Present,0,
ATT-STU2026039-2026-09-17,STU2026039,ALG1-A,2026-09-17,Present,0,
ATT-STU2026039-2026-09-18,STU2026039,ALG1-A,2026-09-18,Present,0,
ATT-STU2026039-2026-09-21,STU2026039,ALG1-A,2026-09-21,Present,0,
ATT-STU2026039-2026-09-22,STU2026039,ALG1-A,2026-09-22,Present,0,
ATT-STU2026039-2026-09-23,STU2026039,ALG1-A,2026-09-23,Present,0,
ATT-STU2026039-2026-09-24,STU2026039,ALG1-A,2026-09-24,Present,0,
ATT-STU2026039-2026-09-25,STU2026039,ALG1-A,2026-09-25,Present,0,
ATT-STU2026039-2026-09-28,STU2026039,ALG1-A,2026-09-28,Present,0,
ATT-STU2026039-2026-09-29,STU2026039,ALG1-A,2026-09-29,Present,0,
ATT-STU2026039-2026-09-30,STU2026039,ALG1-A,2026-09-30,Present,0,
ATT-STU2026039-2026-10-01,STU2026039,ALG1-A,2026-10-01,Present,0,
ATT-STU2026039-2026-10-02,STU2026039,ALG1-A,2026-10-02,Present,0,
ATT-STU2026039-2026-10-05,STU2026039,ALG1-A,2026-10-05,Present,0,
ATT-STU2026039-2026-10-06,STU2026039,ALG1-A,2026-10-06,Absent,0,No
ATT-STU2026039-2026-10-07,STU2026039,ALG1-A,2026-10-07,Present,0,
ATT-STU2026039-2026-10-08,STU2026039,ALG1-A,2026-10-08,Present,0,
ATT-STU2026039-2026-10-09,STU2026039,ALG1-A,2026-10-09,Present,0,
ATT-STU2026039-2026-10-12,STU2026039,ALG1-A,2026-10-12,Absent,0,No
ATT-STU2026039-2026-10-13,STU2026039,ALG1-A,2026-10-13,Present,0,
ATT-STU2026039-2026-10-14,STU2026039,ALG1-A,2026-10-14,Present,0,
ATT-STU2026039-2026-10-15,STU2026039,ALG1-A,2026-10-15,Present,0,
ATT-STU2026039-2026-10-16,STU2026039,ALG1-A,2026-10-16,Present,0,
ATT-STU2026039-2026-10-19,STU2026039,ALG1-A,2026-10-19,Present,0,
ATT-STU2026039-2026-10-20,STU2026039,ALG1-A,2026-10-20,Present,0,
ATT-STU2026039-2026-10-21,STU2026039,ALG1-A,2026-10-21,Present,0,
ATT-STU2026039-2026-10-22,STU2026039,ALG1-A,2026-10-22,Present,0,
ATT-STU2026039-2026-10-23,STU2026039,ALG1-A,2026-10-23,Present,0,
ATT-STU2026039-2026-10-26,STU2026039,ALG1-A,2026-10-26,Present,0,
ATT-STU2026039-2026-10-27,STU2026039,ALG1-A,2026-10-27,Present,0,
ATT-STU2026039-2026-10-28,STU2026039,ALG1-A,2026-10-28,Absent,0,No
ATT-STU2026039-2026-10-29,STU2026039,ALG1-A,2026-10-29,Present,0,
ATT-STU2026039-2026-10-30,STU2026039,ALG1-A,2026-10-30,Present,0,
ATT-STU2026039-2026-11-02,STU2026039,ALG1-A,2026-11-02,Present,0,
ATT-STU2026039-2026-11-03,STU2026039,ALG1-A,2026-11-03,Present,0,
ATT-STU2026039-2026-11-04,STU2026039,ALG1-A,2026-11-04,Present,0,
ATT-STU2026039-2026-11-05,STU2026039,ALG1-A,2026-11-05,Present,0,
ATT-STU2026039-2026-11-06,STU2026039,ALG1-A,2026-11-06,Present,0,
ATT-STU2026039-2026-11-09,STU2026039,ALG1-A,2026-11-09,Present,0,
ATT-STU2026040-2026-09-08,STU2026040,ALG1-A,2026-09-08,Present,0,
ATT-STU2026040-2026-09-09,STU2026040,ALG1-A,2026-09-09,Present,0,
ATT-STU2026040-2026-09-10,STU2026040,ALG1-A,2026-09-10,Absent,0,No
ATT-STU2026040-2026-09-11,STU2026040,ALG1-A,2026-09-11,Present,0,
ATT-STU2026040-2026-09-14,STU2026040,ALG1-A,2026-09-14,Present,0,
ATT-STU2026040-2026-09-15,STU2026040,ALG1-A,2026-09-15,Present,0,
ATT-STU2026040-2026-09-16,STU2026040,ALG1-A,2026-09-16,Present,0,
ATT-STU2026040-2026-09-17,STU2026040,ALG1-A,2026-09-17,Present,0,
ATT-STU2026040-2026-09-18,STU2026040,ALG1-A,2026-09-18,Present,0,
ATT-STU2026040-2026-09-21,STU2026040,ALG1-A,2026-09-21,Present,0,
ATT-STU2026040-2026-09-22,STU2026040,ALG1-A,2026-09-22,Present,0,
ATT-STU2026040-2026-09-23,STU2026040,ALG1-A,2026-09-23,Present,0,
ATT-STU2026040-2026-09-24,STU2026040,ALG1-A,2026-09-24,Present,0,
ATT-STU2026040-2026-09-25,STU2026040,ALG1-A,2026-09-25,Absent,0,No
ATT-STU2026040-2026-09-28,STU2026040,ALG1-A,2026-09-28,Present,0,
ATT-STU2026040-2026-09-29,STU2026040,ALG1-A,2026-09-29,Present,0,
ATT-STU2026040-2026-09-30,STU2026040,ALG1-A,2026-09-30,Present,0,
ATT-STU2026040-2026-10-01,STU2026040,ALG1-A,2026-10-01,Present,0,
ATT-STU2026040-2026-10-02,STU2026040,ALG1-A,2026-10-02,Present,0,
ATT-STU2026040-2026-10-05,STU2026040,ALG1-A,2026-10-05,Absent,0,Yes
ATT-STU2026040-2026-10-06,STU2026040,ALG1-A,2026-10-06,Absent,0,Yes
ATT-STU2026040-2026-10-07,STU2026040,ALG1-A,2026-10-07,Present,0,
ATT-STU2026040-2026-10-08,STU2026040,ALG1-A,2026-10-08,Absent,0,Yes
ATT-STU2026040-2026-10-09,STU2026040,ALG1-A,2026-10-09,Present,0,
ATT-STU2026040-2026-10-12,STU2026040,ALG1-A,2026-10-12,Present,0,
ATT-STU2026040-2026-10-13,STU2026040,ALG1-A,2026-10-13,Present,0,
ATT-STU2026040-2026-10-14,STU2026040,ALG1-A,2026-10-14,Present,0,
ATT-STU2026040-2026-10-15,STU2026040,ALG1-A,2026-10-15,Absent,0,Yes
ATT-STU2026040-2026-10-16,STU2026040,ALG1-A,2026-10-16,Present,0,
ATT-STU2026040-2026-10-19,STU2026040,ALG1-A,2026-10-19,Present,0,
ATT-STU2026040-2026-10-20,STU2026040,ALG1-A,2026-10-20,Present,0,
ATT-STU2026040-2026-10-21,STU2026040,ALG1-A,2026-10-21,Present,0,
ATT-STU2026040-2026-10-22,STU2026040,ALG1-A,2026-10-22,Present,0,
ATT-STU2026040-2026-10-23,STU2026040,ALG1-A,2026-10-23,Absent,0,No
ATT-STU2026040-2026-10-26,STU2026040,ALG1-A,2026-10-26,Present,0,
ATT-STU2026040-2026-10-27,STU2026040,ALG1-A,2026-10-27,Present,0,
ATT-STU2026040-2026-10-28,STU2026040,ALG1-A,2026-10-28,Present,0,
ATT-STU2026040-2026-10-29,STU2026040,ALG1-A,2026-10-29,Present,0,
ATT-STU2026040-2026-10-30,STU2026040,ALG1-A,2026-10-30,Present,0,
ATT-STU2026040-2026-11-02,STU2026040,ALG1-A,2026-11-02,Present,0,
ATT-STU2026040-2026-11-03,STU2026040,ALG1-A,2026-11-03,Absent,0,No
ATT-STU2026040-2026-11-04,STU2026040,ALG1-A,2026-11-04,Present,0,
ATT-STU2026040-2026-11-05,STU2026040,ALG1-A,2026-11-05,Present,0,
ATT-STU2026040-2026-11-06,STU2026040,ALG1-A,2026-11-06,Present,0,
ATT-STU2026040-2026-11-09,STU2026040,ALG1-A,2026-11-09,Present,0,
ATT-STU2026041-2026-09-08,STU2026041,ALG1-B,2026-09-08,Present,0,
ATT-STU2026041-2026-09-09,STU2026041,ALG1-B,2026-09-09,Absent,0,Yes
ATT-STU2026041-2026-09-10,STU2026041,ALG1-B,2026-09-10,Present,0,
ATT-STU2026041-2026-09-11,STU2026041,ALG1-B,2026-09-11,Present,0,
ATT-STU2026041-2026-09-14,STU2026041,ALG1-B,2026-09-14,Present,0,
ATT-STU2026041-2026-09-15,STU2026041,ALG1-B,2026-09-15,Present,0,
ATT-STU2026041-2026-09-16,STU2026041,ALG1-B,2026-09-16,Present,0,
ATT-STU2026041-2026-09-17,STU2026041,ALG1-B,2026-09-17,Present,0,
ATT-STU2026041-2026-09-18,STU2026041,ALG1-B,2026-09-18,Present,0,
ATT-STU2026041-2026-09-21,STU2026041,ALG1-B,2026-09-21,Present,0,
ATT-STU2026041-2026-09-22,STU2026041,ALG1-B,2026-09-22,Present,0,
ATT-STU2026041-2026-09-23,STU2026041,ALG1-B,2026-09-23,Present,0,
ATT-STU2026041-2026-09-24,STU2026041,ALG1-B,2026-09-24,Present,0,
ATT-STU2026041-2026-09-25,STU2026041,ALG1-B,2026-09-25,Present,0,
ATT-STU2026041-2026-09-28,STU2026041,ALG1-B,2026-09-28,Present,0,
ATT-STU2026041-2026-09-29,STU2026041,ALG1-B,2026-09-29,Present,0,
ATT-STU2026041-2026-09-30,STU2026041,ALG1-B,2026-09-30,Present,0,
ATT-STU2026041-2026-10-01,STU2026041,ALG1-B,2026-10-01,Present,0,
ATT-STU2026041-2026-10-02,STU2026041,ALG1-B,2026-10-02,Present,0,
ATT-STU2026041-2026-10-05,STU2026041,ALG1-B,2026-10-05,Present,0,
ATT-STU2026041-2026-10-06,STU2026041,ALG1-B,2026-10-06,Present,0,
ATT-STU2026041-2026-10-07,STU2026041,ALG1-B,2026-10-07,Present,0,
ATT-STU2026041-2026-10-08,STU2026041,ALG1-B,2026-10-08,Present,0,
ATT-STU2026041-2026-10-09,STU2026041,ALG1-B,2026-10-09,Present,0,
ATT-STU2026041-2026-10-12,STU2026041,ALG1-B,2026-10-12,Present,0,
ATT-STU2026041-2026-10-13,STU2026041,ALG1-B,2026-10-13,Present,0,
ATT-STU2026041-2026-10-14,STU2026041,ALG1-B,2026-10-14,Present,0,
ATT-STU2026041-2026-10-15,STU2026041,ALG1-B,2026-10-15,Present,0,
ATT-STU2026041-2026-10-16,STU2026041,ALG1-B,2026-10-16,Present,0,
ATT-STU2026041-2026-10-19,STU2026041,ALG1-B,2026-10-19,Present,0,
ATT-STU2026041-2026-10-20,STU2026041,ALG1-B,2026-10-20,Present,0,
ATT-STU2026041-2026-10-21,STU2026041,ALG1-B,2026-10-21,Absent,0,No
ATT-STU2026041-2026-10-22,STU2026041,ALG1-B,2026-10-22,Present,0,
ATT-STU2026041-2026-10-23,STU2026041,ALG1-B,2026-10-23,Present,0,
ATT-STU2026041-2026-10-26,STU2026041,ALG1-B,2026-10-26,Present,0,
ATT-STU2026041-2026-10-27,STU2026041,ALG1-B,2026-10-27,Present,0,
ATT-STU2026041-2026-10-28,STU2026041,ALG1-B,2026-10-28,Present,0,
ATT-STU2026041-2026-10-29,STU2026041,ALG1-B,2026-10-29,Present,0,
ATT-STU2026041-2026-10-30,STU2026041,ALG1-B,2026-10-30,Present,0,
ATT-STU2026041-2026-11-02,STU2026041,ALG1-B,2026-11-02,Present,0,
ATT-STU2026041-2026-11-03,STU2026041,ALG1-B,2026-11-03,Present,0,
ATT-STU2026041-2026-11-04,STU2026041,ALG1-B,2026-11-04,Tardy,5,
ATT-STU2026041-2026-11-05,STU2026041,ALG1-B,2026-11-05,Present,0,
ATT-STU2026041-2026-11-06,STU2026041,ALG1-B,2026-11-06,Present,0,
ATT-STU2026041-2026-11-09,STU2026041,ALG1-B,2026-11-09,Present,0,
ATT-STU2026042-2026-09-08,STU2026042,ALG1-B,2026-09-08,Present,0,
ATT-STU2026042-2026-09-09,STU2026042,ALG1-B,2026-09-09,Present,0,
ATT-STU2026042-2026-09-10,STU2026042,ALG1-B,2026-09-10,Present,0,
ATT-STU2026042-2026-09-11,STU2026042,ALG1-B,2026-09-11,Present,0,
ATT-STU2026042-2026-09-14,STU2026042,ALG1-B,2026-09-14,Present,0,
ATT-STU2026042-2026-09-15,STU2026042,ALG1-B,2026-09-15,Present,0,
ATT-STU2026042-2026-09-16,STU2026042,ALG1-B,2026-09-16,Present,0,
ATT-STU2026042-2026-09-17,STU2026042,ALG1-B,2026-09-17,Present,0,
ATT-STU2026042-2026-09-18,STU2026042,ALG1-B,2026-09-18,Present,0,
ATT-STU2026042-2026-09-21,STU2026042,ALG1-B,2026-09-21,Present,0,
ATT-STU2026042-2026-09-22,STU2026042,ALG1-B,2026-09-22,Present,0,
ATT-STU2026042-2026-09-23,STU2026042,ALG1-B,2026-09-23,Present,0,
ATT-STU2026042-2026-09-24,STU2026042,ALG1-B,2026-09-24,Present,0,
ATT-STU2026042-2026-09-25,STU2026042,ALG1-B,2026-09-25,Present,0,
ATT-STU2026042-2026-09-28,STU2026042,ALG1-B,2026-09-28,Present,0,
ATT-STU2026042-2026-09-29,STU2026042,ALG1-B,2026-09-29,Present,0,
ATT-STU2026042-2026-09-30,STU2026042,ALG1-B,2026-09-30,Present,0,
ATT-STU2026042-2026-10-01,STU2026042,ALG1-B,2026-10-01,Absent,0,Yes
ATT-STU2026042-2026-10-02,STU2026042,ALG1-B,2026-10-02,Present,0,
ATT-STU2026042-2026-10-05,STU2026042,ALG1-B,2026-10-05,Present,0,
ATT-STU2026042-2026-10-06,STU2026042,ALG1-B,2026-10-06,Present,0,
ATT-STU2026042-2026-10-07,STU2026042,ALG1-B,2026-10-07,Present,0,
ATT-STU2026042-2026-10-08,STU2026042,ALG1-B,2026-10-08,Present,0,
ATT-STU2026042-2026-10-09,STU2026042,ALG1-B,2026-10-09,Present,0,
ATT-STU2026042-2026-10-12,STU2026042,ALG1-B,2026-10-12,Present,0,
ATT-STU2026042-2026-10-13,STU2026042,ALG1-B,2026-10-13,Present,0,
ATT-STU2026042-2026-10-14,STU2026042,ALG1-B,2026-10-14,Present,0,
ATT-STU2026042-2026-10-15,STU2026042,ALG1-B,2026-10-15,Present,0,
ATT-STU2026042-2026-10-16,STU2026042,ALG1-B,2026-10-16,Present,0,
ATT-STU2026042-2026-10-19,STU2026042,ALG1-B,2026-10-19,Present,0,
ATT-STU2026042-2026-10-20,STU2026042,ALG1-B,2026-10-20,Present,0,
ATT-STU2026042-2026-10-21,STU2026042,ALG1-B,2026-10-21,Present,0,
ATT-STU2026042-2026-10-22,STU2026042,ALG1-B,2026-10-22,Present,0,
ATT-STU2026042-2026-10-23,STU2026042,ALG1-B,2026-10-23,Present,0,
ATT-STU2026042-2026-10-26,STU2026042,ALG1-B,2026-10-26,Present,0,
ATT-STU2026042-2026-10-27,STU2026042,ALG1-B,2026-10-27,Present,0,
ATT-STU2026042-2026-10-28,STU2026042,ALG1-B,2026-10-28,Present,0,
ATT-STU2026042-2026-10-29,STU2026042,ALG1-B,2026-10-29,Present,0,
ATT-STU2026042-2026-10-30,STU2026042,ALG1-B,2026-10-30,Present,0,
ATT-STU2026042-2026-11-02,STU2026042,ALG1-B,2026-11-02,Present,0,
ATT-STU2026042-2026-11-03,STU2026042,ALG1-B,2026-11-03,Present,0,
ATT-STU2026042-2026-11-04,STU2026042,ALG1-B,2026-11-04,Present,0,
ATT-STU2026042-2026-11-05,STU2026042,ALG1-B,2026-11-05,Present,0,
ATT-STU2026042-2026-11-06,STU2026042,ALG1-B,2026-11-06,Present,0,
ATT-STU2026042-2026-11-09,STU2026042,ALG1-B,2026-11-09,Present,0,
ATT-STU2026043-2026-09-08,STU2026043,ALG1-B,2026-09-08,Present,0,
ATT-STU2026043-2026-09-09,STU2026043,ALG1-B,2026-09-09,Present,0,
ATT-STU2026043-2026-09-10,STU2026043,ALG1-B,2026-09-10,Present,0,
ATT-STU2026043-2026-09-11,STU2026043,ALG1-B,2026-09-11,Present,0,
ATT-STU2026043-2026-09-14,STU2026043,ALG1-B,2026-09-14,Present,0,
ATT-STU2026043-2026-09-15,STU2026043,ALG1-B,2026-09-15,Present,0,
ATT-STU2026043-2026-09-16,STU2026043,ALG1-B,2026-09-16,Present,0,
ATT-STU2026043-2026-09-17,STU2026043,ALG1-B,2026-09-17,Present,0,
ATT-STU2026043-2026-09-18,STU2026043,ALG1-B,2026-09-18,Present,0,
ATT-STU2026043-2026-09-21,STU2026043,ALG1-B,2026-09-21,Present,0,
ATT-STU2026043-2026-09-22,STU2026043,ALG1-B,2026-09-22,Present,0,
ATT-STU2026043-2026-09-23,STU2026043,ALG1-B,2026-09-23,Present,0,
ATT-STU2026043-2026-09-24,STU2026043,ALG1-B,2026-09-24,Present,0,
ATT-STU2026043-2026-09-25,STU2026043,ALG1-B,2026-09-25,Present,0,
ATT-STU2026043-2026-09-28,STU2026043,ALG1-B,2026-09-28,Present,0,
ATT-STU2026043-2026-09-29,STU2026043,ALG1-B,2026-09-29,Present,0,
ATT-STU2026043-2026-09-30,STU2026043,ALG1-B,2026-09-30,Present,0,
ATT-STU2026043-2026-10-01,STU2026043,ALG1-B,2026-10-01,Present,0,
ATT-STU2026043-2026-10-02,STU2026043,ALG1-B,2026-10-02,Present,0,
ATT-STU2026043-2026-10-05,STU2026043,ALG1-B,2026-10-05,Tardy,5,
ATT-STU2026043-2026-10-06,STU2026043,ALG1-B,2026-10-06,Present,0,
ATT-STU2026043-2026-10-07,STU2026043,ALG1-B,2026-10-07,Present,0,
ATT-STU2026043-2026-10-08,STU2026043,ALG1-B,2026-10-08,Tardy,10,
ATT-STU2026043-2026-10-09,STU2026043,ALG1-B,2026-10-09,Present,0,
ATT-STU2026043-2026-10-12,STU2026043,ALG1-B,2026-10-12,Present,0,
ATT-STU2026043-2026-10-13,STU2026043,ALG1-B,2026-10-13,Present,0,
ATT-STU2026043-2026-10-14,STU2026043,ALG1-B,2026-10-14,Present,0,
ATT-STU2026043-2026-10-15,STU2026043,ALG1-B,2026-10-15,Present,0,
ATT-STU2026043-2026-10-16,STU2026043,ALG1-B,2026-10-16,Present,0,
ATT-STU2026043-2026-10-19,STU2026043,ALG1-B,2026-10-19,Present,0,
ATT-STU2026043-2026-10-20,STU2026043,ALG1-B,2026-10-20,Present,0,
ATT-STU2026043-2026-10-21,STU2026043,ALG1-B,2026-10-21,Present,0,
ATT-STU2026043-2026-10-22,STU2026043,ALG1-B,2026-10-22,Present,0,
ATT-STU2026043-2026-10-23,STU2026043,ALG1-B,2026-10-23,Present,0,
ATT-STU2026043-2026-10-26,STU2026043,ALG1-B,2026-10-26,Present,0,
ATT-STU2026043-2026-10-27,STU2026043,ALG1-B,2026-10-27,Present,0,
ATT-STU2026043-2026-10-28,STU2026043,ALG1-B,2026-10-28,Present,0,
ATT-STU2026043-2026-10-29,STU2026043,ALG1-B,2026-10-29,Present,0,
ATT-STU2026043-2026-10-30,STU2026043,ALG1-B,2026-10-30,Present,0,
ATT-STU2026043-2026-11-02,STU2026043,ALG1-B,2026-11-02,Present,0,
ATT-STU2026043-2026-11-03,STU2026043,ALG1-B,2026-11-03,Present,0,
ATT-STU2026043-2026-11-04,STU2026043,ALG1-B,2026-11-04,Present,0,
ATT-STU2026043-2026-11-05,STU2026043,ALG1-B,2026-11-05,Present,0,
ATT-STU2026043-2026-11-06,STU2026043,ALG1-B,2026-11-06,Present,0,
ATT-STU2026043-2026-11-09,STU2026043,ALG1-B,2026-11-09,Present,0,
ATT-STU2026044-2026-09-08,STU2026044,ALG1-B,2026-09-08,Absent,0,Yes
ATT-STU2026044-2026-09-09,STU2026044,ALG1-B,2026-09-09,Present,0,
ATT-STU2026044-2026-09-10,STU2026044,ALG1-B,2026-09-10,Present,0,
ATT-STU2026044-2026-09-11,STU2026044,ALG1-B,2026-09-11,Present,0,
ATT-STU2026044-2026-09-14,STU2026044,ALG1-B,2026-09-14,Present,0,
ATT-STU2026044-2026-09-15,STU2026044,ALG1-B,2026-09-15,Present,0,
ATT-STU2026044-2026-09-16,STU2026044,ALG1-B,2026-09-16,Present,0,
ATT-STU2026044-2026-09-17,STU2026044,ALG1-B,2026-09-17,Present,0,
ATT-STU2026044-2026-09-18,STU2026044,ALG1-B,2026-09-18,Present,0,
ATT-STU2026044-2026-09-21,STU2026044,ALG1-B,2026-09-21,Present,0,
ATT-STU2026044-2026-09-22,STU2026044,ALG1-B,2026-09-22,Present,0,
ATT-STU2026044-2026-09-23,STU2026044,ALG1-B,2026-09-23,Present,0,
ATT-STU2026044-2026-09-24,STU2026044,ALG1-B,2026-09-24,Absent,0,Yes
ATT-STU2026044-2026-09-25,STU2026044,ALG1-B,2026-09-25,Present,0,
ATT-STU2026044-2026-09-28,STU2026044,ALG1-B,2026-09-28,Present,0,
ATT-STU2026044-2026-09-29,STU2026044,ALG1-B,2026-09-29,Present,0,
ATT-STU2026044-2026-09-30,STU2026044,ALG1-B,2026-09-30,Present,0,
ATT-STU2026044-2026-10-01,STU2026044,ALG1-B,2026-10-01,Tardy,10,
ATT-STU2026044-2026-10-02,STU2026044,ALG1-B,2026-10-02,Present,0,
ATT-STU2026044-2026-10-05,STU2026044,ALG1-B,2026-10-05,Present,0,
ATT-STU2026044-2026-10-06,STU2026044,ALG1-B,2026-10-06,Present,0,
ATT-STU2026044-2026-10-07,STU2026044,ALG1-B,2026-10-07,Present,0,
ATT-STU2026044-2026-10-08,STU2026044,ALG1-B,2026-10-08,Present,0,
ATT-STU2026044-2026-10-09,STU2026044,ALG1-B,2026-10-09,Present,0,
ATT-STU2026044-2026-10-12,STU2026044,ALG1-B,2026-10-12,Present,0,
ATT-STU2026044-2026-10-13,STU2026044,ALG1-B,2026-10-13,Absent,0,No
ATT-STU2026044-2026-10-14,STU2026044,ALG1-B,2026-10-14,Present,0,
ATT-STU2026044-2026-10-15,STU2026044,ALG1-B,2026-10-15,Present,0,
ATT-STU2026044-2026-10-16,STU2026044,ALG1-B,2026-10-16,Present,0,
ATT-STU2026044-2026-10-19,STU2026044,ALG1-B,2026-10-19,Present,0,
ATT-STU2026044-2026-10-20,STU2026044,ALG1-B,2026-10-20,Tardy,7,
ATT-STU2026044-2026-10-21,STU2026044,ALG1-B,2026-10-21,Present,0,
ATT-STU2026044-2026-10-22,STU2026044,ALG1-B,2026-10-22,Present,0,
ATT-STU2026044-2026-10-23,STU2026044,ALG1-B,2026-10-23,Present,0,
ATT-STU2026044-2026-10-26,STU2026044,ALG1-B,2026-10-26,Present,0,
ATT-STU2026044-2026-10-27,STU2026044,ALG1-B,2026-10-27,Absent,0,No
ATT-STU2026044-2026-10-28,STU2026044,ALG1-B,2026-10-28,Present,0,
ATT-STU2026044-2026-10-29,STU2026044,ALG1-B,2026-10-29,Present,0,
ATT-STU2026044-2026-10-30,STU2026044,ALG1-B,2026-10-30,Present,0,
ATT-STU2026044-2026-11-02,STU2026044,ALG1-B,2026-11-02,Present,0,
ATT-STU2026044-2026-11-03,STU2026044,ALG1-B,2026-11-03,Present,0,
ATT-STU2026044-2026-11-04,STU2026044,ALG1-B,2026-11-04,Present,0,
ATT-STU2026044-2026-11-05,STU2026044,ALG1-B,2026-11-05,Present,0,
ATT-STU2026044-2026-11-06,STU2026044,ALG1-B,2026-11-06,Present,0,
ATT-STU2026044-2026-11-09,STU2026044,ALG1-B,2026-11-09,Present,0,
ATT-STU2026045-2026-09-08,STU2026045,ALG1-B,2026-09-08,Present,0,
ATT-STU2026045-2026-09-09,STU2026045,ALG1-B,2026-09-09,Present,0,
ATT-STU2026045-2026-09-10,STU2026045,ALG1-B,2026-09-10,Present,0,
ATT-STU2026045-2026-09-11,STU2026045,ALG1-B,2026-09-11,Present,0,
ATT-STU2026045-2026-09-14,STU2026045,ALG1-B,2026-09-14,Present,0,
ATT-STU2026045-2026-09-15,STU2026045,ALG1-B,2026-09-15,Present,0,
ATT-STU2026045-2026-09-16,STU2026045,ALG1-B,2026-09-16,Present,0,
ATT-STU2026045-2026-09-17,STU2026045,ALG1-B,2026-09-17,Absent,0,Yes
ATT-STU2026045-2026-09-18,STU2026045,ALG1-B,2026-09-18,Tardy,15,
ATT-STU2026045-2026-09-21,STU2026045,ALG1-B,2026-09-21,Present,0,
ATT-STU2026045-2026-09-22,STU2026045,ALG1-B,2026-09-22,Absent,0,Yes
ATT-STU2026045-2026-09-23,STU2026045,ALG1-B,2026-09-23,Present,0,
ATT-STU2026045-2026-09-24,STU2026045,ALG1-B,2026-09-24,Present,0,
ATT-STU2026045-2026-09-25,STU2026045,ALG1-B,2026-09-25,Present,0,
ATT-STU2026045-2026-09-28,STU2026045,ALG1-B,2026-09-28,Present,0,
ATT-STU2026045-2026-09-29,STU2026045,ALG1-B,2026-09-29,Present,0,
ATT-STU2026045-2026-09-30,STU2026045,ALG1-B,2026-09-30,Present,0,
ATT-STU2026045-2026-10-01,STU2026045,ALG1-B,2026-10-01,Present,0,
ATT-STU2026045-2026-10-02,STU2026045,ALG1-B,2026-10-02,Present,0,
ATT-STU2026045-2026-10-05,STU2026045,ALG1-B,2026-10-05,Present,0,
ATT-STU2026045-2026-10-06,STU2026045,ALG1-B,2026-10-06,Present,0,
ATT-STU2026045-2026-10-07,STU2026045,ALG1-B,2026-10-07,Absent,0,No
ATT-STU2026045-2026-10-08,STU2026045,ALG1-B,2026-10-08,Absent,0,Yes
ATT-STU2026045-2026-10-09,STU2026045,ALG1-B,2026-10-09,Present,0,
ATT-STU2026045-2026-10-12,STU2026045,ALG1-B,2026-10-12,Present,0,
ATT-STU2026045-2026-10-13,STU2026045,ALG1-B,2026-10-13,Present,0,
ATT-STU2026045-2026-10-14,STU2026045,ALG1-B,2026-10-14,Present,0,
ATT-STU2026045-2026-10-15,STU2026045,ALG1-B,2026-10-15,Present,0,
ATT-STU2026045-2026-10-16,STU2026045,ALG1-B,2026-10-16,Absent,0,No
ATT-STU2026045-2026-10-19,STU2026045,ALG1-B,2026-10-19,Present,0,
ATT-STU2026045-2026-10-20,STU2026045,ALG1-B,2026-10-20,Present,0,
ATT-STU2026045-2026-10-21,STU2026045,ALG1-B,2026-10-21,Present,0,
ATT-STU2026045-2026-10-22,STU2026045,ALG1-B,2026-10-22,Present,0,
ATT-STU2026045-2026-10-23,STU2026045,ALG1-B,2026-10-23,Present,0,
ATT-STU2026045-2026-10-26,STU2026045,ALG1-B,2026-10-26,Present,0,
ATT-STU2026045-2026-10-27,STU2026045,ALG1-B,2026-10-27,Present,0,
ATT-STU2026045-2026-10-28,STU2026045,ALG1-B,2026-10-28,Absent,0,No
ATT-STU2026045-2026-10-29,STU2026045,ALG1-B,2026-10-29,Present,0,
ATT-STU2026045-2026-10-30,STU2026045,ALG1-B,2026-10-30,Present,0,
ATT-STU2026045-2026-11-02,STU2026045,ALG1-B,2026-11-02,Present,0,
ATT-STU2026045-2026-11-03,STU2026045,ALG1-B,2026-11-03,Present,0,
ATT-STU2026045-2026-11-04,STU2026045,ALG1-B,2026-11-04,Present,0,
ATT-STU2026045-2026-11-05,STU2026045,ALG1-B,2026-11-05,Present,0,
ATT-STU2026045-2026-11-06,STU2026045,ALG1-B,2026-11-06,Present,0,
ATT-STU2026045-2026-11-09,STU2026045,ALG1-B,2026-11-09,Present,0,
ATT-STU2026046-2026-09-08,STU2026046,ALG1-B,2026-09-08,Present,0,
ATT-STU2026046-2026-09-09,STU2026046,ALG1-B,2026-09-09,Present,0,
ATT-STU2026046-2026-09-10,STU2026046,ALG1-B,2026-09-10,Absent,0,No
ATT-STU2026046-2026-09-11,STU2026046,ALG1-B,2026-09-11,Present,0,
ATT-STU2026046-2026-09-14,STU2026046,ALG1-B,2026-09-14,Present,0,
ATT-STU2026046-2026-09-15,STU2026046,ALG1-B,2026-09-15,Absent,0,Yes
ATT-STU2026046-2026-09-16,STU2026046,ALG1-B,2026-09-16,Tardy,15,
ATT-STU2026046-2026-09-17,STU2026046,ALG1-B,2026-09-17,Absent,0,Yes
ATT-STU2026046-2026-09-18,STU2026046,ALG1-B,2026-09-18,Absent,0,Yes
ATT-STU2026046-2026-09-21,STU2026046,ALG1-B,2026-09-21,Present,0,
ATT-STU2026046-2026-09-22,STU2026046,ALG1-B,2026-09-22,Present,0,
ATT-STU2026046-2026-09-23,STU2026046,ALG1-B,2026-09-23,Absent,0,Yes
ATT-STU2026046-2026-09-24,STU2026046,ALG1-B,2026-09-24,Present,0,
ATT-STU2026046-2026-09-25,STU2026046,ALG1-B,2026-09-25,Present,0,
ATT-STU2026046-2026-09-28,STU2026046,ALG1-B,2026-09-28,Absent,0,Yes
ATT-STU2026046-2026-09-29,STU2026046,ALG1-B,2026-09-29,Present,0,
ATT-STU2026046-2026-09-30,STU2026046,ALG1-B,2026-09-30,Present,0,
ATT-STU2026046-2026-10-01,STU2026046,ALG1-B,2026-10-01,Absent,0,Yes
ATT-STU2026046-2026-10-02,STU2026046,ALG1-B,2026-10-02,Absent,0,No
ATT-STU2026046-2026-10-05,STU2026046,ALG1-B,2026-10-05,Present,0,
ATT-STU2026046-2026-10-06,STU2026046,ALG1-B,2026-10-06,Present,0,
ATT-STU2026046-2026-10-07,STU2026046,ALG1-B,2026-10-07,Absent,0,Yes
ATT-STU2026046-2026-10-08,STU2026046,ALG1-B,2026-10-08,Present,0,
ATT-STU2026046-2026-10-09,STU2026046,ALG1-B,2026-10-09,Present,0,
ATT-STU2026046-2026-10-12,STU2026046,ALG1-B,2026-10-12,Present,0,
ATT-STU2026046-2026-10-13,STU2026046,ALG1-B,2026-10-13,Present,0,
ATT-STU2026046-2026-10-14,STU2026046,ALG1-B,2026-10-14,Present,0,
ATT-STU2026046-2026-10-15,STU2026046,ALG1-B,2026-10-15,Present,0,
ATT-STU2026046-2026-10-16,STU2026046,ALG1-B,2026-10-16,Present,0,
ATT-STU2026046-2026-10-19,STU2026046,ALG1-B,2026-10-19,Present,0,
ATT-STU2026046-2026-10-20,STU2026046,ALG1-B,2026-10-20,Present,0,
ATT-STU2026046-2026-10-21,STU2026046,ALG1-B,2026-10-21,Present,0,
ATT-STU2026046-2026-10-22,STU2026046,ALG1-B,2026-10-22,Present,0,
ATT-STU2026046-2026-10-23,STU2026046,ALG1-B,2026-10-23,Present,0,
ATT-STU2026046-2026-10-26,STU2026046,ALG1-B,2026-10-26,Present,0,
ATT-STU2026046-2026-10-27,STU2026046,ALG1-B,2026-10-27,Present,0,
ATT-STU2026046-2026-10-28,STU2026046,ALG1-B,2026-10-28,Present,0,
ATT-STU2026046-2026-10-29,STU2026046,ALG1-B,2026-10-29,Absent,0,Yes
ATT-STU2026046-2026-10-30,STU2026046,ALG1-B,2026-10-30,Present,0,
ATT-STU2026046-2026-11-02,STU2026046,ALG1-B,2026-11-02,Present,0,
ATT-STU2026046-2026-11-03,STU2026046,ALG1-B,2026-11-03,Present,0,
ATT-STU2026046-2026-11-04,STU2026046,ALG1-B,2026-11-04,Present,0,
ATT-STU2026046-2026-11-05,STU2026046,ALG1-B,2026-11-05,Present,0,
ATT-STU2026046-2026-11-06,STU2026046,ALG1-B,2026-11-06,Present,0,
ATT-STU2026046-2026-11-09,STU2026046,ALG1-B,2026-11-09,Absent,0,Yes
ATT-STU2026047-2026-09-08,STU2026047,ALG1-B,2026-09-08,Present,0,
ATT-STU2026047-2026-09-09,STU2026047,ALG1-B,2026-09-09,Absent,0,Yes
ATT-STU2026047-2026-09-10,STU2026047,ALG1-B,2026-09-10,Present,0,
ATT-STU2026047-2026-09-11,STU2026047,ALG1-B,2026-09-11,Present,0,
ATT-STU2026047-2026-09-14,STU2026047,ALG1-B,2026-09-14,Present,0,
ATT-STU2026047-2026-09-15,STU2026047,ALG1-B,2026-09-15,Tardy,7,
ATT-STU2026047-2026-09-16,STU2026047,ALG1-B,2026-09-16,Present,0,
ATT-STU2026047-2026-09-17,STU2026047,ALG1-B,2026-09-17,Present,0,
ATT-STU2026047-2026-09-18,STU2026047,ALG1-B,2026-09-18,Present,0,
ATT-STU2026047-2026-09-21,STU2026047,ALG1-B,2026-09-21,Present,0,
ATT-STU2026047-2026-09-22,STU2026047,ALG1-B,2026-09-22,Present,0,
ATT-STU2026047-2026-09-23,STU2026047,ALG1-B,2026-09-23,Present,0,
ATT-STU2026047-2026-09-24,STU2026047,ALG1-B,2026-09-24,Present,0,
ATT-STU2026047-2026-09-25,STU2026047,ALG1-B,2026-09-25,Present,0,
ATT-STU2026047-2026-09-28,STU2026047,ALG1-B,2026-09-28,Present,0,
ATT-STU2026047-2026-09-29,STU2026047,ALG1-B,2026-09-29,Present,0,
ATT-STU2026047-2026-09-30,STU2026047,ALG1-B,2026-09-30,Present,0,
ATT-STU2026047-2026-10-01,STU2026047,ALG1-B,2026-10-01,Present,0,
ATT-STU2026047-2026-10-02,STU2026047,ALG1-B,2026-10-02,Present,0,
ATT-STU2026047-2026-10-05,STU2026047,ALG1-B,2026-10-05,Present,0,
ATT-STU2026047-2026-10-06,STU2026047,ALG1-B,2026-10-06,Present,0,
ATT-STU2026047-2026-10-07,STU2026047,ALG1-B,2026-10-07,Present,0,
ATT-STU2026047-2026-10-08,STU2026047,ALG1-B,2026-10-08,Tardy,5,
ATT-STU2026047-2026-10-09,STU2026047,ALG1-B,2026-10-09,Present,0,
ATT-STU2026047-2026-10-12,STU2026047,ALG1-B,2026-10-12,Present,0,
ATT-STU2026047-2026-10-13,STU2026047,ALG1-B,2026-10-13,Present,0,
ATT-STU2026047-2026-10-14,STU2026047,ALG1-B,2026-10-14,Present,0,
ATT-STU2026047-2026-10-15,STU2026047,ALG1-B,2026-10-15,Present,0,
ATT-STU2026047-2026-10-16,STU2026047,ALG1-B,2026-10-16,Present,0,
ATT-STU2026047-2026-10-19,STU2026047,ALG1-B,2026-10-19,Present,0,
ATT-STU2026047-2026-10-20,STU2026047,ALG1-B,2026-10-20,Present,0,
ATT-STU2026047-2026-10-21,STU2026047,ALG1-B,2026-10-21,Present,0,
ATT-STU2026047-2026-10-22,STU2026047,ALG1-B,2026-10-22,Present,0,
ATT-STU2026047-2026-10-23,STU2026047,ALG1-B,2026-10-23,Absent,0,No
ATT-STU2026047-2026-10-26,STU2026047,ALG1-B,2026-10-26,Present,0,
ATT-STU2026047-2026-10-27,STU2026047,ALG1-B,2026-10-27,Present,0,
ATT-STU2026047-2026-10-28,STU2026047,ALG1-B,2026-10-28,Present,0,
ATT-STU2026047-2026-10-29,STU2026047,ALG1-B,2026-10-29,Present,0,
ATT-STU2026047-2026-10-30,STU2026047,ALG1-B,2026-10-30,Present,0,
ATT-STU2026047-2026-11-02,STU2026047,ALG1-B,2026-11-02,Present,0,
ATT-STU2026047-2026-11-03,STU2026047,ALG1-B,2026-11-03,Present,0,
ATT-STU2026047-2026-11-04,STU2026047,ALG1-B,2026-11-04,Absent,0,No
ATT-STU2026047-2026-11-05,STU2026047,ALG1-B,2026-11-05,Present,0,
ATT-STU2026047-2026-11-06,STU2026047,ALG1-B,2026-11-06,Absent,0,No
ATT-STU2026047-2026-11-09,STU2026047,ALG1-B,2026-11-09,Present,0,
ATT-STU2026048-2026-09-08,STU2026048,ALG1-B,2026-09-08,Tardy,10,
ATT-STU2026048-2026-09-09,STU2026048,ALG1-B,2026-09-09,Absent,0,No
ATT-STU2026048-2026-09-10,STU2026048,ALG1-B,2026-09-10,Present,0,
ATT-STU2026048-2026-09-11,STU2026048,ALG1-B,2026-09-11,Present,0,
ATT-STU2026048-2026-09-14,STU2026048,ALG1-B,2026-09-14,Present,0,
ATT-STU2026048-2026-09-15,STU2026048,ALG1-B,2026-09-15,Present,0,
ATT-STU2026048-2026-09-16,STU2026048,ALG1-B,2026-09-16,Present,0,
ATT-STU2026048-2026-09-17,STU2026048,ALG1-B,2026-09-17,Present,0,
ATT-STU2026048-2026-09-18,STU2026048,ALG1-B,2026-09-18,Present,0,
ATT-STU2026048-2026-09-21,STU2026048,ALG1-B,2026-09-21,Present,0,
ATT-STU2026048-2026-09-22,STU2026048,ALG1-B,2026-09-22,Present,0,
ATT-STU2026048-2026-09-23,STU2026048,ALG1-B,2026-09-23,Present,0,
ATT-STU2026048-2026-09-24,STU2026048,ALG1-B,2026-09-24,Present,0,
ATT-STU2026048-2026-09-25,STU2026048,ALG1-B,2026-09-25,Present,0,
ATT-STU2026048-2026-09-28,STU2026048,ALG1-B,2026-09-28,Present,0,
ATT-STU2026048-2026-09-29,STU2026048,ALG1-B,2026-09-29,Present,0,
ATT-STU2026048-2026-09-30,STU2026048,ALG1-B,2026-09-30,Present,0,
ATT-STU2026048-2026-10-01,STU2026048,ALG1-B,2026-10-01,Absent,0,Yes
ATT-STU2026048-2026-10-02,STU2026048,ALG1-B,2026-10-02,Absent,0,Yes
ATT-STU2026048-2026-10-05,STU2026048,ALG1-B,2026-10-05,Present,0,
ATT-STU2026048-2026-10-06,STU2026048,ALG1-B,2026-10-06,Present,0,
ATT-STU2026048-2026-10-07,STU2026048,ALG1-B,2026-10-07,Present,0,
ATT-STU2026048-2026-10-08,STU2026048,ALG1-B,2026-10-08,Present,0,
ATT-STU2026048-2026-10-09,STU2026048,ALG1-B,2026-10-09,Present,0,
ATT-STU2026048-2026-10-12,STU2026048,ALG1-B,2026-10-12,Present,0,
ATT-STU2026048-2026-10-13,STU2026048,ALG1-B,2026-10-13,Present,0,
ATT-STU2026048-2026-10-14,STU2026048,ALG1-B,2026-10-14,Present,0,
ATT-STU2026048-2026-10-15,STU2026048,ALG1-B,2026-10-15,Present,0,
ATT-STU2026048-2026-10-16,STU2026048,ALG1-B,2026-10-16,Present,0,
ATT-STU2026048-2026-10-19,STU2026048,ALG1-B,2026-10-19,Present,0,
ATT-STU2026048-2026-10-20,STU2026048,ALG1-B,2026-10-20,Present,0,
ATT-STU2026048-2026-10-21,STU2026048,ALG1-B,2026-10-21,Present,0,
ATT-STU2026048-2026-10-22,STU2026048,ALG1-B,2026-10-22,Present,0,
ATT-STU2026048-2026-10-23,STU2026048,ALG1-B,2026-10-23,Present,0,
ATT-STU2026048-2026-10-26,STU2026048,ALG1-B,2026-10-26,Present,0,
ATT-STU2026048-2026-10-27,STU2026048,ALG1-B,2026-10-27,Present,0,
ATT-STU2026048-2026-10-28,STU2026048,ALG1-B,2026-10-28,Present,0,
ATT-STU2026048-2026-10-29,STU2026048,ALG1-B,2026-10-29,Present,0,
ATT-STU2026048-2026-10-30,STU2026048,ALG1-B,2026-10-30,Present,0,
ATT-STU2026048-2026-11-02,STU2026048,ALG1-B,2026-11-02,Present,0,
ATT-STU2026048-2026-11-03,STU2026048,ALG1-B,2026-11-03,Present,0,
ATT-STU2026048-2026-11-04,STU2026048,ALG1-B,2026-11-04,Present,0,
ATT-STU2026048-2026-11-05,STU2026048,ALG1-B,2026-11-05,Absent,0,Yes
ATT-STU2026048-2026-11-06,STU2026048,ALG1-B,2026-11-06,Present,0,
ATT-STU2026048-2026-11-09,STU2026048,ALG1-B,2026-11-09,Absent,0,No
ATT-STU2026049-2026-09-08,STU2026049,ALG1-B,2026-09-08,Present,0,
ATT-STU2026049-2026-09-09,STU2026049,ALG1-B,2026-09-09,Present,0,
ATT-STU2026049-2026-09-10,STU2026049,ALG1-B,2026-09-10,Tardy,15,
ATT-STU2026049-2026-09-11,STU2026049,ALG1-B,2026-09-11,Present,0,
ATT-STU2026049-2026-09-14,STU2026049,ALG1-B,2026-09-14,Present,0,
ATT-STU2026049-2026-09-15,STU2026049,ALG1-B,2026-09-15,Present,0,
ATT-STU2026049-2026-09-16,STU2026049,ALG1-B,2026-09-16,Present,0,
ATT-STU2026049-2026-09-17,STU2026049,ALG1-B,2026-09-17,Absent,0,No
ATT-STU2026049-2026-09-18,STU2026049,ALG1-B,2026-09-18,Present,0,
ATT-STU2026049-2026-09-21,STU2026049,ALG1-B,2026-09-21,Present,0,
ATT-STU2026049-2026-09-22,STU2026049,ALG1-B,2026-09-22,Absent,0,Yes
ATT-STU2026049-2026-09-23,STU2026049,ALG1-B,2026-09-23,Present,0,
ATT-STU2026049-2026-09-24,STU2026049,ALG1-B,2026-09-24,Present,0,
ATT-STU2026049-2026-09-25,STU2026049,ALG1-B,2026-09-25,Present,0,
ATT-STU2026049-2026-09-28,STU2026049,ALG1-B,2026-09-28,Present,0,
ATT-STU2026049-2026-09-29,STU2026049,ALG1-B,2026-09-29,Absent,0,Yes
ATT-STU2026049-2026-09-30,STU2026049,ALG1-B,2026-09-30,Absent,0,Yes
ATT-STU2026049-2026-10-01,STU2026049,ALG1-B,2026-10-01,Present,0,
ATT-STU2026049-2026-10-02,STU2026049,ALG1-B,2026-10-02,Present,0,
ATT-STU2026049-2026-10-05,STU2026049,ALG1-B,2026-10-05,Present,0,
ATT-STU2026049-2026-10-06,STU2026049,ALG1-B,2026-10-06,Absent,0,No
ATT-STU2026049-2026-10-07,STU2026049,ALG1-B,2026-10-07,Present,0,
ATT-STU2026049-2026-10-08,STU2026049,ALG1-B,2026-10-08,Absent,0,No
ATT-STU2026049-2026-10-09,STU2026049,ALG1-B,2026-10-09,Present,0,
ATT-STU2026049-2026-10-12,STU2026049,ALG1-B,2026-10-12,Present,0,
ATT-STU2026049-2026-10-13,STU2026049,ALG1-B,2026-10-13,Present,0,
ATT-STU2026049-2026-10-14,STU2026049,ALG1-B,2026-10-14,Present,0,
ATT-STU2026049-2026-10-15,STU2026049,ALG1-B,2026-10-15,Present,0,
ATT-STU2026049-2026-10-16,STU2026049,ALG1-B,2026-10-16,Absent,0,No
ATT-STU2026049-2026-10-19,STU2026049,ALG1-B,2026-10-19,Absent,0,No
ATT-STU2026049-2026-10-20,STU2026049,ALG1-B,2026-10-20,Present,0,
ATT-STU2026049-2026-10-21,STU2026049,ALG1-B,2026-10-21,Absent,0,No
ATT-STU2026049-2026-10-22,STU2026049,ALG1-B,2026-10-22,Present,0,
ATT-STU2026049-2026-10-23,STU2026049,ALG1-B,2026-10-23,Present,0,
ATT-STU2026049-2026-10-26,STU2026049,ALG1-B,2026-10-26,Present,0,
ATT-STU2026049-2026-10-27,STU2026049,ALG1-B,2026-10-27,Present,0,
ATT-STU2026049-2026-10-28,STU2026049,ALG1-B,2026-10-28,Present,0,
ATT-STU2026049-2026-10-29,STU2026049,ALG1-B,2026-10-29,Absent,0,Yes
ATT-STU2026049-2026-10-30,STU2026049,ALG1-B,2026-10-30,Present,0,
ATT-STU2026049-2026-11-02,STU2026049,ALG1-B,2026-11-02,Absent,0,No
ATT-STU2026049-2026-11-03,STU2026049,ALG1-B,2026-11-03,Present,0,
ATT-STU2026049-2026-11-04,STU2026049,ALG1-B,2026-11-04,Present,0,
ATT-STU2026049-2026-11-05,STU2026049,ALG1-B,2026-11-05,Absent,0,No
ATT-STU2026049-2026-11-06,STU2026049,ALG1-B,2026-11-06,Absent,0,Yes
ATT-STU2026049-2026-11-09,STU2026049,ALG1-B,2026-11-09,Absent,0,No
ATT-STU2026050-2026-09-08,STU2026050,ALG1-B,2026-09-08,Present,0,
ATT-STU2026050-2026-09-09,STU2026050,ALG1-B,2026-09-09,Present,0,
ATT-STU2026050-2026-09-10,STU2026050,ALG1-B,2026-09-10,Present,0,
ATT-STU2026050-2026-09-11,STU2026050,ALG1-B,2026-09-11,Present,0,
ATT-STU2026050-2026-09-14,STU2026050,ALG1-B,2026-09-14,Present,0,
ATT-STU2026050-2026-09-15,STU2026050,ALG1-B,2026-09-15,Present,0,
ATT-STU2026050-2026-09-16,STU2026050,ALG1-B,2026-09-16,Present,0,
ATT-STU2026050-2026-09-17,STU2026050,ALG1-B,2026-09-17,Present,0,
ATT-STU2026050-2026-09-18,STU2026050,ALG1-B,2026-09-18,Present,0,
ATT-STU2026050-2026-09-21,STU2026050,ALG1-B,2026-09-21,Present,0,
ATT-STU2026050-2026-09-22,STU2026050,ALG1-B,2026-09-22,Present,0,
ATT-STU2026050-2026-09-23,STU2026050,ALG1-B,2026-09-23,Present,0,
ATT-STU2026050-2026-09-24,STU2026050,ALG1-B,2026-09-24,Present,0,
ATT-STU2026050-2026-09-25,STU2026050,ALG1-B,2026-09-25,Present,0,
ATT-STU2026050-2026-09-28,STU2026050,ALG1-B,2026-09-28,Present,0,
ATT-STU2026050-2026-09-29,STU2026050,ALG1-B,2026-09-29,Present,0,
ATT-STU2026050-2026-09-30,STU2026050,ALG1-B,2026-09-30,Present,0,
ATT-STU2026050-2026-10-01,STU2026050,ALG1-B,2026-10-01,Present,0,
ATT-STU2026050-2026-10-02,STU2026050,ALG1-B,2026-10-02,Present,0,
ATT-STU2026050-2026-10-05,STU2026050,ALG1-B,2026-10-05,Present,0,
ATT-STU2026050-2026-10-06,STU2026050,ALG1-B,2026-10-06,Present,0,
ATT-STU2026050-2026-10-07,STU2026050,ALG1-B,2026-10-07,Present,0,
ATT-STU2026050-2026-10-08,STU2026050,ALG1-B,2026-10-08,Present,0,
ATT-STU2026050-2026-10-09,STU2026050,ALG1-B,2026-10-09,Present,0,
ATT-STU2026050-2026-10-12,STU2026050,ALG1-B,2026-10-12,Present,0,
ATT-STU2026050-2026-10-13,STU2026050,ALG1-B,2026-10-13,Present,0,
ATT-STU2026050-2026-10-14,STU2026050,ALG1-B,2026-10-14,Present,0,
ATT-STU2026050-2026-10-15,STU2026050,ALG1-B,2026-10-15,Present,0,
ATT-STU2026050-2026-10-16,STU2026050,ALG1-B,2026-10-16,Present,0,
ATT-STU2026050-2026-10-19,STU2026050,ALG1-B,2026-10-19,Present,0,
ATT-STU2026050-2026-10-20,STU2026050,ALG1-B,2026-10-20,Present,0,
ATT-STU2026050-2026-10-21,STU2026050,ALG1-B,2026-10-21,Present,0,
ATT-STU2026050-2026-10-22,STU2026050,ALG1-B,2026-10-22,Present,0,
ATT-STU2026050-2026-10-23,STU2026050,ALG1-B,2026-10-23,Present,0,
ATT-STU2026050-2026-10-26,STU2026050,ALG1-B,2026-10-26,Absent,0,No
ATT-STU2026050-2026-10-27,STU2026050,ALG1-B,2026-10-27,Tardy,7,
ATT-STU2026050-2026-10-28,STU2026050,ALG1-B,2026-10-28,Present,0,
ATT-STU2026050-2026-10-29,STU2026050,ALG1-B,2026-10-29,Present,0,
ATT-STU2026050-2026-10-30,STU2026050,ALG1-B,2026-10-30,Present,0,
ATT-STU2026050-2026-11-02,STU2026050,ALG1-B,2026-11-02,Present,0,
ATT-STU2026050-2026-11-03,STU2026050,ALG1-B,2026-11-03,Present,0,
ATT-STU2026050-2026-11-04,STU2026050,ALG1-B,2026-11-04,Present,0,
ATT-STU2026050-2026-11-05,STU2026050,ALG1-B,2026-11-05,Absent,0,Yes
ATT-STU2026050-2026-11-06,STU2026050,ALG1-B,2026-11-06,Present,0,
ATT-STU2026050-2026-11-09,STU2026050,ALG1-B,2026-11-09,Present,0,
ATT-STU2026051-2026-09-08,STU2026051,ALG1-B,2026-09-08,Present,0,
ATT-STU2026051-2026-09-09,STU2026051,ALG1-B,2026-09-09,Present,0,
ATT-STU2026051-2026-09-10,STU2026051,ALG1-B,2026-09-10,Tardy,7,
ATT-STU2026051-2026-09-11,STU2026051,ALG1-B,2026-09-11,Present,0,
ATT-STU2026051-2026-09-14,STU2026051,ALG1-B,2026-09-14,Tardy,10,
ATT-STU2026051-2026-09-15,STU2026051,ALG1-B,2026-09-15,Present,0,
ATT-STU2026051-2026-09-16,STU2026051,ALG1-B,2026-09-16,Present,0,
ATT-STU2026051-2026-09-17,STU2026051,ALG1-B,2026-09-17,Present,0,
ATT-STU2026051-2026-09-18,STU2026051,ALG1-B,2026-09-18,Present,0,
ATT-STU2026051-2026-09-21,STU2026051,ALG1-B,2026-09-21,Present,0,
ATT-STU2026051-2026-09-22,STU2026051,ALG1-B,2026-09-22,Present,0,
ATT-STU2026051-2026-09-23,STU2026051,ALG1-B,2026-09-23,Present,0,
ATT-STU2026051-2026-09-24,STU2026051,ALG1-B,2026-09-24,Present,0,
ATT-STU2026051-2026-09-25,STU2026051,ALG1-B,2026-09-25,Present,0,
ATT-STU2026051-2026-09-28,STU2026051,ALG1-B,2026-09-28,Present,0,
ATT-STU2026051-2026-09-29,STU2026051,ALG1-B,2026-09-29,Present,0,
ATT-STU2026051-2026-09-30,STU2026051,ALG1-B,2026-09-30,Present,0,
ATT-STU2026051-2026-10-01,STU2026051,ALG1-B,2026-10-01,Present,0,
ATT-STU2026051-2026-10-02,STU2026051,ALG1-B,2026-10-02,Present,0,
ATT-STU2026051-2026-10-05,STU2026051,ALG1-B,2026-10-05,Present,0,
ATT-STU2026051-2026-10-06,STU2026051,ALG1-B,2026-10-06,Present,0,
ATT-STU2026051-2026-10-07,STU2026051,ALG1-B,2026-10-07,Tardy,3,
ATT-STU2026051-2026-10-08,STU2026051,ALG1-B,2026-10-08,Present,0,
ATT-STU2026051-2026-10-09,STU2026051,ALG1-B,2026-10-09,Present,0,
ATT-STU2026051-2026-10-12,STU2026051,ALG1-B,2026-10-12,Present,0,
ATT-STU2026051-2026-10-13,STU2026051,ALG1-B,2026-10-13,Tardy,10,
ATT-STU2026051-2026-10-14,STU2026051,ALG1-B,2026-10-14,Present,0,
ATT-STU2026051-2026-10-15,STU2026051,ALG1-B,2026-10-15,Present,0,
ATT-STU2026051-2026-10-16,STU2026051,ALG1-B,2026-10-16,Present,0,
ATT-STU2026051-2026-10-19,STU2026051,ALG1-B,2026-10-19,Present,0,
ATT-STU2026051-2026-10-20,STU2026051,ALG1-B,2026-10-20,Present,0,
ATT-STU2026051-2026-10-21,STU2026051,ALG1-B,2026-10-21,Present,0,
ATT-STU2026051-2026-10-22,STU2026051,ALG1-B,2026-10-22,Present,0,
ATT-STU2026051-2026-10-23,STU2026051,ALG1-B,2026-10-23,Present,0,
ATT-STU2026051-2026-10-26,STU2026051,ALG1-B,2026-10-26,Present,0,
ATT-STU2026051-2026-10-27,STU2026051,ALG1-B,2026-10-27,Present,0,
ATT-STU2026051-2026-10-28,STU2026051,ALG1-B,2026-10-28,Present,0,
ATT-STU2026051-2026-10-29,STU2026051,ALG1-B,2026-10-29,Present,0,
ATT-STU2026051-2026-10-30,STU2026051,ALG1-B,2026-10-30,Present,0,
ATT-STU2026051-2026-11-02,STU2026051,ALG1-B,2026-11-02,Present,0,
ATT-STU2026051-2026-11-03,STU2026051,ALG1-B,2026-11-03,Present,0,
ATT-STU2026051-2026-11-04,STU2026051,ALG1-B,2026-11-04,Present,0,
ATT-STU2026051-2026-11-05,STU2026051,ALG1-B,2026-11-05,Present,0,
ATT-STU2026051-2026-11-06,STU2026051,ALG1-B,2026-11-06,Present,0,
ATT-STU2026051-2026-11-09,STU2026051,ALG1-B,2026-11-09,Present,0,
ATT-STU2026052-2026-09-08,STU2026052,ALG1-B,2026-09-08,Present,0,
ATT-STU2026052-2026-09-09,STU2026052,ALG1-B,2026-09-09,Present,0,
ATT-STU2026052-2026-09-10,STU2026052,ALG1-B,2026-09-10,Present,0,
ATT-STU2026052-2026-09-11,STU2026052,ALG1-B,2026-09-11,Present,0,
ATT-STU2026052-2026-09-14,STU2026052,ALG1-B,2026-09-14,Present,0,
ATT-STU2026052-2026-09-15,STU2026052,ALG1-B,2026-09-15,Present,0,
ATT-STU2026052-2026-09-16,STU2026052,ALG1-B,2026-09-16,Absent,0,No
ATT-STU2026052-2026-09-17,STU2026052,ALG1-B,2026-09-17,Present,0,
ATT-STU2026052-2026-09-18,STU2026052,ALG1-B,2026-09-18,Present,0,
ATT-STU2026052-2026-09-21,STU2026052,ALG1-B,2026-09-21,Tardy,7,
ATT-STU2026052-2026-09-22,STU2026052,ALG1-B,2026-09-22,Present,0,
ATT-STU2026052-2026-09-23,STU2026052,ALG1-B,2026-09-23,Present,0,
ATT-STU2026052-2026-09-24,STU2026052,ALG1-B,2026-09-24,Present,0,
ATT-STU2026052-2026-09-25,STU2026052,ALG1-B,2026-09-25,Present,0,
ATT-STU2026052-2026-09-28,STU2026052,ALG1-B,2026-09-28,Present,0,
ATT-STU2026052-2026-09-29,STU2026052,ALG1-B,2026-09-29,Tardy,15,
ATT-STU2026052-2026-09-30,STU2026052,ALG1-B,2026-09-30,Present,0,
ATT-STU2026052-2026-10-01,STU2026052,ALG1-B,2026-10-01,Present,0,
ATT-STU2026052-2026-10-02,STU2026052,ALG1-B,2026-10-02,Present,0,
ATT-STU2026052-2026-10-05,STU2026052,ALG1-B,2026-10-05,Present,0,
ATT-STU2026052-2026-10-06,STU2026052,ALG1-B,2026-10-06,Present,0,
ATT-STU2026052-2026-10-07,STU2026052,ALG1-B,2026-10-07,Present,0,
ATT-STU2026052-2026-10-08,STU2026052,ALG1-B,2026-10-08,Present,0,
ATT-STU2026052-2026-10-09,STU2026052,ALG1-B,2026-10-09,Present,0,
ATT-STU2026052-2026-10-12,STU2026052,ALG1-B,2026-10-12,Present,0,
ATT-STU2026052-2026-10-13,STU2026052,ALG1-B,2026-10-13,Present,0,
ATT-STU2026052-2026-10-14,STU2026052,ALG1-B,2026-10-14,Present,0,
ATT-STU2026052-2026-10-15,STU2026052,ALG1-B,2026-10-15,Present,0,
ATT-STU2026052-2026-10-16,STU2026052,ALG1-B,2026-10-16,Present,0,
ATT-STU2026052-2026-10-19,STU2026052,ALG1-B,2026-10-19,Present,0,
ATT-STU2026052-2026-10-20,STU2026052,ALG1-B,2026-10-20,Present,0,
ATT-STU2026052-2026-10-21,STU2026052,ALG1-B,2026-10-21,Absent,0,Yes
ATT-STU2026052-2026-10-22,STU2026052,ALG1-B,2026-10-22,Present,0,
ATT-STU2026052-2026-10-23,STU2026052,ALG1-B,2026-10-23,Present,0,
ATT-STU2026052-2026-10-26,STU2026052,ALG1-B,2026-10-26,Present,0,
ATT-STU2026052-2026-10-27,STU2026052,ALG1-B,2026-10-27,Present,0,
ATT-STU2026052-2026-10-28,STU2026052,ALG1-B,2026-10-28,Present,0,
ATT-STU2026052-2026-10-29,STU2026052,ALG1-B,2026-10-29,Present,0,
ATT-STU2026052-2026-10-30,STU2026052,ALG1-B,2026-10-30,Present,0,
ATT-STU2026052-2026-11-02,STU2026052,ALG1-B,2026-11-02,Present,0,
ATT-STU2026052-2026-11-03,STU2026052,ALG1-B,2026-11-03,Present,0,
ATT-STU2026052-2026-11-04,STU2026052,ALG1-B,2026-11-04,Present,0,
ATT-STU2026052-2026-11-05,STU2026052,ALG1-B,2026-11-05,Present,0,
ATT-STU2026052-2026-11-06,STU2026052,ALG1-B,2026-11-06,Present,0,
ATT-STU2026052-2026-11-09,STU2026052,ALG1-B,2026-11-09,Present,0,
ATT-STU2026053-2026-09-08,STU2026053,ALG1-B,2026-09-08,Present,0,
ATT-STU2026053-2026-09-09,STU2026053,ALG1-B,2026-09-09,Absent,0,No
ATT-STU2026053-2026-09-10,STU2026053,ALG1-B,2026-09-10,Present,0,
ATT-STU2026053-2026-09-11,STU2026053,ALG1-B,2026-09-11,Present,0,
ATT-STU2026053-2026-09-14,STU2026053,ALG1-B,2026-09-14,Present,0,
ATT-STU2026053-2026-09-15,STU2026053,ALG1-B,2026-09-15,Absent,0,Yes
ATT-STU2026053-2026-09-16,STU2026053,ALG1-B,2026-09-16,Present,0,
ATT-STU2026053-2026-09-17,STU2026053,ALG1-B,2026-09-17,Present,0,
ATT-STU2026053-2026-09-18,STU2026053,ALG1-B,2026-09-18,Present,0,
ATT-STU2026053-2026-09-21,STU2026053,ALG1-B,2026-09-21,Present,0,
ATT-STU2026053-2026-09-22,STU2026053,ALG1-B,2026-09-22,Present,0,
ATT-STU2026053-2026-09-23,STU2026053,ALG1-B,2026-09-23,Present,0,
ATT-STU2026053-2026-09-24,STU2026053,ALG1-B,2026-09-24,Present,0,
ATT-STU2026053-2026-09-25,STU2026053,ALG1-B,2026-09-25,Present,0,
ATT-STU2026053-2026-09-28,STU2026053,ALG1-B,2026-09-28,Present,0,
ATT-STU2026053-2026-09-29,STU2026053,ALG1-B,2026-09-29,Absent,0,Yes
ATT-STU2026053-2026-09-30,STU2026053,ALG1-B,2026-09-30,Present,0,
ATT-STU2026053-2026-10-01,STU2026053,ALG1-B,2026-10-01,Present,0,
ATT-STU2026053-2026-10-02,STU2026053,ALG1-B,2026-10-02,Present,0,
ATT-STU2026053-2026-10-05,STU2026053,ALG1-B,2026-10-05,Present,0,
ATT-STU2026053-2026-10-06,STU2026053,ALG1-B,2026-10-06,Absent,0,No
ATT-STU2026053-2026-10-07,STU2026053,ALG1-B,2026-10-07,Present,0,
ATT-STU2026053-2026-10-08,STU2026053,ALG1-B,2026-10-08,Present,0,
ATT-STU2026053-2026-10-09,STU2026053,ALG1-B,2026-10-09,Present,0,
ATT-STU2026053-2026-10-12,STU2026053,ALG1-B,2026-10-12,Present,0,
ATT-STU2026053-2026-10-13,STU2026053,ALG1-B,2026-10-13,Present,0,
ATT-STU2026053-2026-10-14,STU2026053,ALG1-B,2026-10-14,Present,0,
ATT-STU2026053-2026-10-15,STU2026053,ALG1-B,2026-10-15,Present,0,
ATT-STU2026053-2026-10-16,STU2026053,ALG1-B,2026-10-16,Present,0,
ATT-STU2026053-2026-10-19,STU2026053,ALG1-B,2026-10-19,Present,0,
ATT-STU2026053-2026-10-20,STU2026053,ALG1-B,2026-10-20,Absent,0,No
ATT-STU2026053-2026-10-21,STU2026053,ALG1-B,2026-10-21,Present,0,
ATT-STU2026053-2026-10-22,STU2026053,ALG1-B,2026-10-22,Present,0,
ATT-STU2026053-2026-10-23,STU2026053,ALG1-B,2026-10-23,Present,0,
ATT-STU2026053-2026-10-26,STU2026053,ALG1-B,2026-10-26,Absent,0,No
ATT-STU2026053-2026-10-27,STU2026053,ALG1-B,2026-10-27,Present,0,
ATT-STU2026053-2026-10-28,STU2026053,ALG1-B,2026-10-28,Present,0,
ATT-STU2026053-2026-10-29,STU2026053,ALG1-B,2026-10-29,Tardy,7,
ATT-STU2026053-2026-10-30,STU2026053,ALG1-B,2026-10-30,Present,0,
ATT-STU2026053-2026-11-02,STU2026053,ALG1-B,2026-11-02,Present,0,
ATT-STU2026053-2026-11-03,STU2026053,ALG1-B,2026-11-03,Present,0,
ATT-STU2026053-2026-11-04,STU2026053,ALG1-B,2026-11-04,Present,0,
ATT-STU2026053-2026-11-05,STU2026053,ALG1-B,2026-11-05,Tardy,3,
ATT-STU2026053-2026-11-06,STU2026053,ALG1-B,2026-11-06,Present,0,
ATT-STU2026053-2026-11-09,STU2026053,ALG1-B,2026-11-09,Present,0,
ATT-STU2026054-2026-09-08,STU2026054,ALG1-B,2026-09-08,Present,0,
ATT-STU2026054-2026-09-09,STU2026054,ALG1-B,2026-09-09,Present,0,
ATT-STU2026054-2026-09-10,STU2026054,ALG1-B,2026-09-10,Present,0,
ATT-STU2026054-2026-09-11,STU2026054,ALG1-B,2026-09-11,Present,0,
ATT-STU2026054-2026-09-14,STU2026054,ALG1-B,2026-09-14,Present,0,
ATT-STU2026054-2026-09-15,STU2026054,ALG1-B,2026-09-15,Present,0,
ATT-STU2026054-2026-09-16,STU2026054,ALG1-B,2026-09-16,Present,0,
ATT-STU2026054-2026-09-17,STU2026054,ALG1-B,2026-09-17,Absent,0,No
ATT-STU2026054-2026-09-18,STU2026054,ALG1-B,2026-09-18,Present,0,
ATT-STU2026054-2026-09-21,STU2026054,ALG1-B,2026-09-21,Present,0,
ATT-STU2026054-2026-09-22,STU2026054,ALG1-B,2026-09-22,Present,0,
ATT-STU2026054-2026-09-23,STU2026054,ALG1-B,2026-09-23,Present,0,
ATT-STU2026054-2026-09-24,STU2026054,ALG1-B,2026-09-24,Present,0,
ATT-STU2026054-2026-09-25,STU2026054,ALG1-B,2026-09-25,Present,0,
ATT-STU2026054-2026-09-28,STU2026054,ALG1-B,2026-09-28,Present,0,
ATT-STU2026054-2026-09-29,STU2026054,ALG1-B,2026-09-29,Present,0,
ATT-STU2026054-2026-09-30,STU2026054,ALG1-B,2026-09-30,Present,0,
ATT-STU2026054-2026-10-01,STU2026054,ALG1-B,2026-10-01,Present,0,
ATT-STU2026054-2026-10-02,STU2026054,ALG1-B,2026-10-02,Present,0,
ATT-STU2026054-2026-10-05,STU2026054,ALG1-B,2026-10-05,Present,0,
ATT-STU2026054-2026-10-06,STU2026054,ALG1-B,2026-10-06,Present,0,
ATT-STU2026054-2026-10-07,STU2026054,ALG1-B,2026-10-07,Present,0,
ATT-STU2026054-2026-10-08,STU2026054,ALG1-B,2026-10-08,Absent,0,Yes
ATT-STU2026054-2026-10-09,STU2026054,ALG1-B,2026-10-09,Present,0,
ATT-STU2026054-2026-10-12,STU2026054,ALG1-B,2026-10-12,Present,0,
ATT-STU2026054-2026-10-13,STU2026054,ALG1-B,2026-10-13,Present,0,
ATT-STU2026054-2026-10-14,STU2026054,ALG1-B,2026-10-14,Present,0,
ATT-STU2026054-2026-10-15,STU2026054,ALG1-B,2026-10-15,Present,0,
ATT-STU2026054-2026-10-16,STU2026054,ALG1-B,2026-10-16,Present,0,
ATT-STU2026054-2026-10-19,STU2026054,ALG1-B,2026-10-19,Present,0,
ATT-STU2026054-2026-10-20,STU2026054,ALG1-B,2026-10-20,Present,0,
ATT-STU2026054-2026-10-21,STU2026054,ALG1-B,2026-10-21,Present,0,
ATT-STU2026054-2026-10-22,STU2026054,ALG1-B,2026-10-22,Present,0,
ATT-STU2026054-2026-10-23,STU2026054,ALG1-B,2026-10-23,Present,0,
ATT-STU2026054-2026-10-26,STU2026054,ALG1-B,2026-10-26,Present,0,
ATT-STU2026054-2026-10-27,STU2026054,ALG1-B,2026-10-27,Present,0,
ATT-STU2026054-2026-10-28,STU2026054,ALG1-B,2026-10-28,Present,0,
ATT-STU2026054-2026-10-29,STU2026054,ALG1-B,2026-10-29,Present,0,
ATT-STU2026054-2026-10-30,STU2026054,ALG1-B,2026-10-30,Present,0,
ATT-STU2026054-2026-11-02,STU2026054,ALG1-B,2026-11-02,Present,0,
ATT-STU2026054-2026-11-03,STU2026054,ALG1-B,2026-11-03,Present,0,
ATT-STU2026054-2026-11-04,STU2026054,ALG1-B,2026-11-04,Present,0,
ATT-STU2026054-2026-11-05,STU2026054,ALG1-B,2026-11-05,Absent,0,No
ATT-STU2026054-2026-11-06,STU2026054,ALG1-B,2026-11-06,Present,0,
ATT-STU2026054-2026-11-09,STU2026054,ALG1-B,2026-11-09,Present,0,
ATT-STU2026055-2026-09-08,STU2026055,ALG1-B,2026-09-08,Present,0,
ATT-STU2026055-2026-09-09,STU2026055,ALG1-B,2026-09-09,Present,0,
ATT-STU2026055-2026-09-10,STU2026055,ALG1-B,2026-09-10,Present,0,
ATT-STU2026055-2026-09-11,STU2026055,ALG1-B,2026-09-11,Present,0,
ATT-STU2026055-2026-09-14,STU2026055,ALG1-B,2026-09-14,Present,0,
ATT-STU2026055-2026-09-15,STU2026055,ALG1-B,2026-09-15,Present,0,
ATT-STU2026055-2026-09-16,STU2026055,ALG1-B,2026-09-16,Present,0,
ATT-STU2026055-2026-09-17,STU2026055,ALG1-B,2026-09-17,Present,0,
ATT-STU2026055-2026-09-18,STU2026055,ALG1-B,2026-09-18,Present,0,
ATT-STU2026055-2026-09-21,STU2026055,ALG1-B,2026-09-21,Present,0,
ATT-STU2026055-2026-09-22,STU2026055,ALG1-B,2026-09-22,Present,0,
ATT-STU2026055-2026-09-23,STU2026055,ALG1-B,2026-09-23,Present,0,
ATT-STU2026055-2026-09-24,STU2026055,ALG1-B,2026-09-24,Present,0,
ATT-STU2026055-2026-09-25,STU2026055,ALG1-B,2026-09-25,Present,0,
ATT-STU2026055-2026-09-28,STU2026055,ALG1-B,2026-09-28,Present,0,
ATT-STU2026055-2026-09-29,STU2026055,ALG1-B,2026-09-29,Present,0,
ATT-STU2026055-2026-09-30,STU2026055,ALG1-B,2026-09-30,Present,0,
ATT-STU2026055-2026-10-01,STU2026055,ALG1-B,2026-10-01,Present,0,
ATT-STU2026055-2026-10-02,STU2026055,ALG1-B,2026-10-02,Present,0,
ATT-STU2026055-2026-10-05,STU2026055,ALG1-B,2026-10-05,Present,0,
ATT-STU2026055-2026-10-06,STU2026055,ALG1-B,2026-10-06,Present,0,
ATT-STU2026055-2026-10-07,STU2026055,ALG1-B,2026-10-07,Present,0,
ATT-STU2026055-2026-10-08,STU2026055,ALG1-B,2026-10-08,Present,0,
ATT-STU2026055-2026-10-09,STU2026055,ALG1-B,2026-10-09,Present,0,
ATT-STU2026055-2026-10-12,STU2026055,ALG1-B,2026-10-12,Present,0,
ATT-STU2026055-2026-10-13,STU2026055,ALG1-B,2026-10-13,Present,0,
ATT-STU2026055-2026-10-14,STU2026055,ALG1-B,2026-10-14,Present,0,
ATT-STU2026055-2026-10-15,STU2026055,ALG1-B,2026-10-15,Present,0,
ATT-STU2026055-2026-10-16,STU2026055,ALG1-B,2026-10-16,Present,0,
ATT-STU2026055-2026-10-19,STU2026055,ALG1-B,2026-10-19,Present,0,
ATT-STU2026055-2026-10-20,STU2026055,ALG1-B,2026-10-20,Absent,0,Yes
ATT-STU2026055-2026-10-21,STU2026055,ALG1-B,2026-10-21,Present,0,
ATT-STU2026055-2026-10-22,STU2026055,ALG1-B,2026-10-22,Present,0,
ATT-STU2026055-2026-10-23,STU2026055,ALG1-B,2026-10-23,Present,0,
ATT-STU2026055-2026-10-26,STU2026055,ALG1-B,2026-10-26,Present,0,
ATT-STU2026055-2026-10-27,STU2026055,ALG1-B,2026-10-27,Tardy,7,
ATT-STU2026055-2026-10-28,STU2026055,ALG1-B,2026-10-28,Present,0,
ATT-STU2026055-2026-10-29,STU2026055,ALG1-B,2026-10-29,Present,0,
ATT-STU2026055-2026-10-30,STU2026055,ALG1-B,2026-10-30,Present,0,
ATT-STU2026055-2026-11-02,STU2026055,ALG1-B,2026-11-02,Present,0,
ATT-STU2026055-2026-11-03,STU2026055,ALG1-B,2026-11-03,Present,0,
ATT-STU2026055-2026-11-04,STU2026055,ALG1-B,2026-11-04,Present,0,
ATT-STU2026055-2026-11-05,STU2026055,ALG1-B,2026-11-05,Present,0,
ATT-STU2026055-2026-11-06,STU2026055,ALG1-B,2026-11-06,Present,0,
ATT-STU2026055-2026-11-09,STU2026055,ALG1-B,2026-11-09,Present,0,
ATT-STU2026056-2026-09-08,STU2026056,ALG1-B,2026-09-08,Present,0,
ATT-STU2026056-2026-09-09,STU2026056,ALG1-B,2026-09-09,Present,0,
ATT-STU2026056-2026-09-10,STU2026056,ALG1-B,2026-09-10,Present,0,
ATT-STU2026056-2026-09-11,STU2026056,ALG1-B,2026-09-11,Present,0,
ATT-STU2026056-2026-09-14,STU2026056,ALG1-B,2026-09-14,Present,0,
ATT-STU2026056-2026-09-15,STU2026056,ALG1-B,2026-09-15,Absent,0,No
ATT-STU2026056-2026-09-16,STU2026056,ALG1-B,2026-09-16,Present,0,
ATT-STU2026056-2026-09-17,STU2026056,ALG1-B,2026-09-17,Present,0,
ATT-STU2026056-2026-09-18,STU2026056,ALG1-B,2026-09-18,Absent,0,Yes
ATT-STU2026056-2026-09-21,STU2026056,ALG1-B,2026-09-21,Present,0,
ATT-STU2026056-2026-09-22,STU2026056,ALG1-B,2026-09-22,Present,0,
ATT-STU2026056-2026-09-23,STU2026056,ALG1-B,2026-09-23,Present,0,
ATT-STU2026056-2026-09-24,STU2026056,ALG1-B,2026-09-24,Present,0,
ATT-STU2026056-2026-09-25,STU2026056,ALG1-B,2026-09-25,Present,0,
ATT-STU2026056-2026-09-28,STU2026056,ALG1-B,2026-09-28,Present,0,
ATT-STU2026056-2026-09-29,STU2026056,ALG1-B,2026-09-29,Present,0,
ATT-STU2026056-2026-09-30,STU2026056,ALG1-B,2026-09-30,Present,0,
ATT-STU2026056-2026-10-01,STU2026056,ALG1-B,2026-10-01,Present,0,
ATT-STU2026056-2026-10-02,STU2026056,ALG1-B,2026-10-02,Present,0,
ATT-STU2026056-2026-10-05,STU2026056,ALG1-B,2026-10-05,Present,0,
ATT-STU2026056-2026-10-06,STU2026056,ALG1-B,2026-10-06,Present,0,
ATT-STU2026056-2026-10-07,STU2026056,ALG1-B,2026-10-07,Present,0,
ATT-STU2026056-2026-10-08,STU2026056,ALG1-B,2026-10-08,Present,0,
ATT-STU2026056-2026-10-09,STU2026056,ALG1-B,2026-10-09,Absent,0,No
ATT-STU2026056-2026-10-12,STU2026056,ALG1-B,2026-10-12,Present,0,
ATT-STU2026056-2026-10-13,STU2026056,ALG1-B,2026-10-13,Absent,0,No
ATT-STU2026056-2026-10-14,STU2026056,ALG1-B,2026-10-14,Present,0,
ATT-STU2026056-2026-10-15,STU2026056,ALG1-B,2026-10-15,Present,0,
ATT-STU2026056-2026-10-16,STU2026056,ALG1-B,2026-10-16,Present,0,
ATT-STU2026056-2026-10-19,STU2026056,ALG1-B,2026-10-19,Present,0,
ATT-STU2026056-2026-10-20,STU2026056,ALG1-B,2026-10-20,Present,0,
ATT-STU2026056-2026-10-21,STU2026056,ALG1-B,2026-10-21,Present,0,
ATT-STU2026056-2026-10-22,STU2026056,ALG1-B,2026-10-22,Present,0,
ATT-STU2026056-2026-10-23,STU2026056,ALG1-B,2026-10-23,Present,0,
ATT-STU2026056-2026-10-26,STU2026056,ALG1-B,2026-10-26,Present,0,
ATT-STU2026056-2026-10-27,STU2026056,ALG1-B,2026-10-27,Present,0,
ATT-STU2026056-2026-10-28,STU2026056,ALG1-B,2026-10-28,Present,0,
ATT-STU2026056-2026-10-29,STU2026056,ALG1-B,2026-10-29,Present,0,
ATT-STU2026056-2026-10-30,STU2026056,ALG1-B,2026-10-30,Present,0,
ATT-STU2026056-2026-11-02,STU2026056,ALG1-B,2026-11-02,Present,0,
ATT-STU2026056-2026-11-03,STU2026056,ALG1-B,2026-11-03,Present,0,
ATT-STU2026056-2026-11-04,STU2026056,ALG1-B,2026-11-04,Present,0,
ATT-STU2026056-2026-11-05,STU2026056,ALG1-B,2026-11-05,Present,0,
ATT-STU2026056-2026-11-06,STU2026056,ALG1-B,2026-11-06,Present,0,
ATT-STU2026056-2026-11-09,STU2026056,ALG1-B,2026-11-09,Present,0,
ATT-STU2026057-2026-09-08,STU2026057,ALG1-B,2026-09-08,Present,0,
ATT-STU2026057-2026-09-09,STU2026057,ALG1-B,2026-09-09,Present,0,
ATT-STU2026057-2026-09-10,STU2026057,ALG1-B,2026-09-10,Present,0,
ATT-STU2026057-2026-09-11,STU2026057,ALG1-B,2026-09-11,Present,0,
ATT-STU2026057-2026-09-14,STU2026057,ALG1-B,2026-09-14,Absent,0,Yes
ATT-STU2026057-2026-09-15,STU2026057,ALG1-B,2026-09-15,Absent,0,Yes
ATT-STU2026057-2026-09-16,STU2026057,ALG1-B,2026-09-16,Present,0,
ATT-STU2026057-2026-09-17,STU2026057,ALG1-B,2026-09-17,Present,0,
ATT-STU2026057-2026-09-18,STU2026057,ALG1-B,2026-09-18,Present,0,
ATT-STU2026057-2026-09-21,STU2026057,ALG1-B,2026-09-21,Present,0,
ATT-STU2026057-2026-09-22,STU2026057,ALG1-B,2026-09-22,Absent,0,Yes
ATT-STU2026057-2026-09-23,STU2026057,ALG1-B,2026-09-23,Present,0,
ATT-STU2026057-2026-09-24,STU2026057,ALG1-B,2026-09-24,Present,0,
ATT-STU2026057-2026-09-25,STU2026057,ALG1-B,2026-09-25,Present,0,
ATT-STU2026057-2026-09-28,STU2026057,ALG1-B,2026-09-28,Present,0,
ATT-STU2026057-2026-09-29,STU2026057,ALG1-B,2026-09-29,Present,0,
ATT-STU2026057-2026-09-30,STU2026057,ALG1-B,2026-09-30,Absent,0,Yes
ATT-STU2026057-2026-10-01,STU2026057,ALG1-B,2026-10-01,Present,0,
ATT-STU2026057-2026-10-02,STU2026057,ALG1-B,2026-10-02,Present,0,
ATT-STU2026057-2026-10-05,STU2026057,ALG1-B,2026-10-05,Present,0,
ATT-STU2026057-2026-10-06,STU2026057,ALG1-B,2026-10-06,Absent,0,No
ATT-STU2026057-2026-10-07,STU2026057,ALG1-B,2026-10-07,Present,0,
ATT-STU2026057-2026-10-08,STU2026057,ALG1-B,2026-10-08,Present,0,
ATT-STU2026057-2026-10-09,STU2026057,ALG1-B,2026-10-09,Present,0,
ATT-STU2026057-2026-10-12,STU2026057,ALG1-B,2026-10-12,Present,0,
ATT-STU2026057-2026-10-13,STU2026057,ALG1-B,2026-10-13,Present,0,
ATT-STU2026057-2026-10-14,STU2026057,ALG1-B,2026-10-14,Absent,0,No
ATT-STU2026057-2026-10-15,STU2026057,ALG1-B,2026-10-15,Absent,0,Yes
ATT-STU2026057-2026-10-16,STU2026057,ALG1-B,2026-10-16,Tardy,7,
ATT-STU2026057-2026-10-19,STU2026057,ALG1-B,2026-10-19,Present,0,
ATT-STU2026057-2026-10-20,STU2026057,ALG1-B,2026-10-20,Absent,0,No
ATT-STU2026057-2026-10-21,STU2026057,ALG1-B,2026-10-21,Present,0,
ATT-STU2026057-2026-10-22,STU2026057,ALG1-B,2026-10-22,Present,0,
ATT-STU2026057-2026-10-23,STU2026057,ALG1-B,2026-10-23,Absent,0,No
ATT-STU2026057-2026-10-26,STU2026057,ALG1-B,2026-10-26,Present,0,
ATT-STU2026057-2026-10-27,STU2026057,ALG1-B,2026-10-27,Present,0,
ATT-STU2026057-2026-10-28,STU2026057,ALG1-B,2026-10-28,Present,0,
ATT-STU2026057-2026-10-29,STU2026057,ALG1-B,2026-10-29,Present,0,
ATT-STU2026057-2026-10-30,STU2026057,ALG1-B,2026-10-30,Present,0,
ATT-STU2026057-2026-11-02,STU2026057,ALG1-B,2026-11-02,Present,0,
ATT-STU2026057-2026-11-03,STU2026057,ALG1-B,2026-11-03,Tardy,10,
ATT-STU2026057-2026-11-04,STU2026057,ALG1-B,2026-11-04,Present,0,
ATT-STU2026057-2026-11-05,STU2026057,ALG1-B,2026-11-05,Present,0,
ATT-STU2026057-2026-11-06,STU2026057,ALG1-B,2026-11-06,Present,0,
ATT-STU2026057-2026-11-09,STU2026057,ALG1-B,2026-11-09,Present,0,
ATT-STU2026058-2026-09-08,STU2026058,ALG1-B,2026-09-08,Tardy,5,
ATT-STU2026058-2026-09-09,STU2026058,ALG1-B,2026-09-09,Present,0,
ATT-STU2026058-2026-09-10,STU2026058,ALG1-B,2026-09-10,Present,0,
ATT-STU2026058-2026-09-11,STU2026058,ALG1-B,2026-09-11,Present,0,
ATT-STU2026058-2026-09-14,STU2026058,ALG1-B,2026-09-14,Tardy,3,
ATT-STU2026058-2026-09-15,STU2026058,ALG1-B,2026-09-15,Present,0,
ATT-STU2026058-2026-09-16,STU2026058,ALG1-B,2026-09-16,Present,0,
ATT-STU2026058-2026-09-17,STU2026058,ALG1-B,2026-09-17,Present,0,
ATT-STU2026058-2026-09-18,STU2026058,ALG1-B,2026-09-18,Present,0,
ATT-STU2026058-2026-09-21,STU2026058,ALG1-B,2026-09-21,Tardy,15,
ATT-STU2026058-2026-09-22,STU2026058,ALG1-B,2026-09-22,Present,0,
ATT-STU2026058-2026-09-23,STU2026058,ALG1-B,2026-09-23,Present,0,
ATT-STU2026058-2026-09-24,STU2026058,ALG1-B,2026-09-24,Present,0,
ATT-STU2026058-2026-09-25,STU2026058,ALG1-B,2026-09-25,Present,0,
ATT-STU2026058-2026-09-28,STU2026058,ALG1-B,2026-09-28,Absent,0,Yes
ATT-STU2026058-2026-09-29,STU2026058,ALG1-B,2026-09-29,Present,0,
ATT-STU2026058-2026-09-30,STU2026058,ALG1-B,2026-09-30,Present,0,
ATT-STU2026058-2026-10-01,STU2026058,ALG1-B,2026-10-01,Present,0,
ATT-STU2026058-2026-10-02,STU2026058,ALG1-B,2026-10-02,Present,0,
ATT-STU2026058-2026-10-05,STU2026058,ALG1-B,2026-10-05,Present,0,
ATT-STU2026058-2026-10-06,STU2026058,ALG1-B,2026-10-06,Present,0,
ATT-STU2026058-2026-10-07,STU2026058,ALG1-B,2026-10-07,Present,0,
ATT-STU2026058-2026-10-08,STU2026058,ALG1-B,2026-10-08,Present,0,
ATT-STU2026058-2026-10-09,STU2026058,ALG1-B,2026-10-09,Present,0,
ATT-STU2026058-2026-10-12,STU2026058,ALG1-B,2026-10-12,Present,0,
ATT-STU2026058-2026-10-13,STU2026058,ALG1-B,2026-10-13,Present,0,
ATT-STU2026058-2026-10-14,STU2026058,ALG1-B,2026-10-14,Present,0,
ATT-STU2026058-2026-10-15,STU2026058,ALG1-B,2026-10-15,Present,0,
ATT-STU2026058-2026-10-16,STU2026058,ALG1-B,2026-10-16,Present,0,
ATT-STU2026058-2026-10-19,STU2026058,ALG1-B,2026-10-19,Present,0,
ATT-STU2026058-2026-10-20,STU2026058,ALG1-B,2026-10-20,Present,0,
ATT-STU2026058-2026-10-21,STU2026058,ALG1-B,2026-10-21,Present,0,
ATT-STU2026058-2026-10-22,STU2026058,ALG1-B,2026-10-22,Present,0,
ATT-STU2026058-2026-10-23,STU2026058,ALG1-B,2026-10-23,Present,0,
ATT-STU2026058-2026-10-26,STU2026058,ALG1-B,2026-10-26,Present,0,
ATT-STU2026058-2026-10-27,STU2026058,ALG1-B,2026-10-27,Present,0,
ATT-STU2026058-2026-10-28,STU2026058,ALG1-B,2026-10-28,Absent,0,Yes
ATT-STU2026058-2026-10-29,STU2026058,ALG1-B,2026-10-29,Present,0,
ATT-STU2026058-2026-10-30,STU2026058,ALG1-B,2026-10-30,Present,0,
ATT-STU2026058-2026-11-02,STU2026058,ALG1-B,2026-11-02,Present,0,
ATT-STU2026058-2026-11-03,STU2026058,ALG1-B,2026-11-03,Present,0,
ATT-STU2026058-2026-11-04,STU2026058,ALG1-B,2026-11-04,Present,0,
ATT-STU2026058-2026-11-05,STU2026058,ALG1-B,2026-11-05,Present,0,
ATT-STU2026058-2026-11-06,STU2026058,ALG1-B,2026-11-06,Absent,0,No
ATT-STU2026058-2026-11-09,STU2026058,ALG1-B,2026-11-09,Present,0,
ATT-STU2026059-2026-09-08,STU2026059,ALG1-B,2026-09-08,Present,0,
ATT-STU2026059-2026-09-09,STU2026059,ALG1-B,2026-09-09,Present,0,
ATT-STU2026059-2026-09-10,STU2026059,ALG1-B,2026-09-10,Present,0,
ATT-STU2026059-2026-09-11,STU2026059,ALG1-B,2026-09-11,Present,0,
ATT-STU2026059-2026-09-14,STU2026059,ALG1-B,2026-09-14,Present,0,
ATT-STU2026059-2026-09-15,STU2026059,ALG1-B,2026-09-15,Absent,0,No
ATT-STU2026059-2026-09-16,STU2026059,ALG1-B,2026-09-16,Present,0,
ATT-STU2026059-2026-09-17,STU2026059,ALG1-B,2026-09-17,Present,0,
ATT-STU2026059-2026-09-18,STU2026059,ALG1-B,2026-09-18,Present,0,
ATT-STU2026059-2026-09-21,STU2026059,ALG1-B,2026-09-21,Present,0,
ATT-STU2026059-2026-09-22,STU2026059,ALG1-B,2026-09-22,Present,0,
ATT-STU2026059-2026-09-23,STU2026059,ALG1-B,2026-09-23,Present,0,
ATT-STU2026059-2026-09-24,STU2026059,ALG1-B,2026-09-24,Present,0,
ATT-STU2026059-2026-09-25,STU2026059,ALG1-B,2026-09-25,Present,0,
ATT-STU2026059-2026-09-28,STU2026059,ALG1-B,2026-09-28,Present,0,
ATT-STU2026059-2026-09-29,STU2026059,ALG1-B,2026-09-29,Present,0,
ATT-STU2026059-2026-09-30,STU2026059,ALG1-B,2026-09-30,Present,0,
ATT-STU2026059-2026-10-01,STU2026059,ALG1-B,2026-10-01,Present,0,
ATT-STU2026059-2026-10-02,STU2026059,ALG1-B,2026-10-02,Present,0,
ATT-STU2026059-2026-10-05,STU2026059,ALG1-B,2026-10-05,Present,0,
ATT-STU2026059-2026-10-06,STU2026059,ALG1-B,2026-10-06,Present,0,
ATT-STU2026059-2026-10-07,STU2026059,ALG1-B,2026-10-07,Present,0,
ATT-STU2026059-2026-10-08,STU2026059,ALG1-B,2026-10-08,Present,0,
ATT-STU2026059-2026-10-09,STU2026059,ALG1-B,2026-10-09,Present,0,
ATT-STU2026059-2026-10-12,STU2026059,ALG1-B,2026-10-12,Present,0,
ATT-STU2026059-2026-10-13,STU2026059,ALG1-B,2026-10-13,Present,0,
ATT-STU2026059-2026-10-14,STU2026059,ALG1-B,2026-10-14,Present,0,
ATT-STU2026059-2026-10-15,STU2026059,ALG1-B,2026-10-15,Present,0,
ATT-STU2026059-2026-10-16,STU2026059,ALG1-B,2026-10-16,Present,0,
ATT-STU2026059-2026-10-19,STU2026059,ALG1-B,2026-10-19,Present,0,
ATT-STU2026059-2026-10-20,STU2026059,ALG1-B,2026-10-20,Present,0,
ATT-STU2026059-2026-10-21,STU2026059,ALG1-B,2026-10-21,Present,0,
ATT-STU2026059-2026-10-22,STU2026059,ALG1-B,2026-10-22,Present,0,
ATT-STU2026059-2026-10-23,STU2026059,ALG1-B,2026-10-23,Present,0,
ATT-STU2026059-2026-10-26,STU2026059,ALG1-B,2026-10-26,Present,0,
ATT-STU2026059-2026-10-27,STU2026059,ALG1-B,2026-10-27,Present,0,
ATT-STU2026059-2026-10-28,STU2026059,ALG1-B,2026-10-28,Tardy,10,
ATT-STU2026059-2026-10-29,STU2026059,ALG1-B,2026-10-29,Present,0,
ATT-STU2026059-2026-10-30,STU2026059,ALG1-B,2026-10-30,Present,0,
ATT-STU2026059-2026-11-02,STU2026059,ALG1-B,2026-11-02,Present,0,
ATT-STU2026059-2026-11-03,STU2026059,ALG1-B,2026-11-03,Present,0,
ATT-STU2026059-2026-11-04,STU2026059,ALG1-B,2026-11-04,Present,0,
ATT-STU2026059-2026-11-05,STU2026059,ALG1-B,2026-11-05,Tardy,3,
ATT-STU2026059-2026-11-06,STU2026059,ALG1-B,2026-11-06,Present,0,
ATT-STU2026059-2026-11-09,STU2026059,ALG1-B,2026-11-09,Present,0,
ATT-STU2026060-2026-09-08,STU2026060,ALG1-B,2026-09-08,Absent,0,No
ATT-STU2026060-2026-09-09,STU2026060,ALG1-B,2026-09-09,Absent,0,No
ATT-STU2026060-2026-09-10,STU2026060,ALG1-B,2026-09-10,Absent,0,Yes
ATT-STU2026060-2026-09-11,STU2026060,ALG1-B,2026-09-11,Present,0,
ATT-STU2026060-2026-09-14,STU2026060,ALG1-B,2026-09-14,Present,0,
ATT-STU2026060-2026-09-15,STU2026060,ALG1-B,2026-09-15,Absent,0,Yes
ATT-STU2026060-2026-09-16,STU2026060,ALG1-B,2026-09-16,Present,0,
ATT-STU2026060-2026-09-17,STU2026060,ALG1-B,2026-09-17,Present,0,
ATT-STU2026060-2026-09-18,STU2026060,ALG1-B,2026-09-18,Present,0,
ATT-STU2026060-2026-09-21,STU2026060,ALG1-B,2026-09-21,Present,0,
ATT-STU2026060-2026-09-22,STU2026060,ALG1-B,2026-09-22,Present,0,
ATT-STU2026060-2026-09-23,STU2026060,ALG1-B,2026-09-23,Present,0,
ATT-STU2026060-2026-09-24,STU2026060,ALG1-B,2026-09-24,Present,0,
ATT-STU2026060-2026-09-25,STU2026060,ALG1-B,2026-09-25,Absent,0,Yes
ATT-STU2026060-2026-09-28,STU2026060,ALG1-B,2026-09-28,Present,0,
ATT-STU2026060-2026-09-29,STU2026060,ALG1-B,2026-09-29,Present,0,
ATT-STU2026060-2026-09-30,STU2026060,ALG1-B,2026-09-30,Present,0,
ATT-STU2026060-2026-10-01,STU2026060,ALG1-B,2026-10-01,Present,0,
ATT-STU2026060-2026-10-02,STU2026060,ALG1-B,2026-10-02,Present,0,
ATT-STU2026060-2026-10-05,STU2026060,ALG1-B,2026-10-05,Present,0,
ATT-STU2026060-2026-10-06,STU2026060,ALG1-B,2026-10-06,Present,0,
ATT-STU2026060-2026-10-07,STU2026060,ALG1-B,2026-10-07,Present,0,
ATT-STU2026060-2026-10-08,STU2026060,ALG1-B,2026-10-08,Present,0,
ATT-STU2026060-2026-10-09,STU2026060,ALG1-B,2026-10-09,Present,0,
ATT-STU2026060-2026-10-12,STU2026060,ALG1-B,2026-10-12,Present,0,
ATT-STU2026060-2026-10-13,STU2026060,ALG1-B,2026-10-13,Present,0,
ATT-STU2026060-2026-10-14,STU2026060,ALG1-B,2026-10-14,Present,0,
ATT-STU2026060-2026-10-15,STU2026060,ALG1-B,2026-10-15,Present,0,
ATT-STU2026060-2026-10-16,STU2026060,ALG1-B,2026-10-16,Present,0,
ATT-STU2026060-2026-10-19,STU2026060,ALG1-B,2026-10-19,Present,0,
ATT-STU2026060-2026-10-20,STU2026060,ALG1-B,2026-10-20,Present,0,
ATT-STU2026060-2026-10-21,STU2026060,ALG1-B,2026-10-21,Present,0,
ATT-STU2026060-2026-10-22,STU2026060,ALG1-B,2026-10-22,Absent,0,Yes
ATT-STU2026060-2026-10-23,STU2026060,ALG1-B,2026-10-23,Present,0,
ATT-STU2026060-2026-10-26,STU2026060,ALG1-B,2026-10-26,Present,0,
ATT-STU2026060-2026-10-27,STU2026060,ALG1-B,2026-10-27,Absent,0,No
ATT-STU2026060-2026-10-28,STU2026060,ALG1-B,2026-10-28,Present,0,
ATT-STU2026060-2026-10-29,STU2026060,ALG1-B,2026-10-29,Present,0,
ATT-STU2026060-2026-10-30,STU2026060,ALG1-B,2026-10-30,Present,0,
ATT-STU2026060-2026-11-02,STU2026060,ALG1-B,2026-11-02,Absent,0,Yes
ATT-STU2026060-2026-11-03,STU2026060,ALG1-B,2026-11-03,Present,0,
ATT-STU2026060-2026-11-04,STU2026060,ALG1-B,2026-11-04,Present,0,
ATT-STU2026060-2026-11-05,STU2026060,ALG1-B,2026-11-05,Present,0,
ATT-STU2026060-2026-11-06,STU2026060,ALG1-B,2026-11-06,Present,0,
ATT-STU2026060-2026-11-09,STU2026060,ALG1-B,2026-11-09,Absent,0,No
ATT-STU2026061-2026-09-08,STU2026061,ALG1-B,2026-09-08,Present,0,
ATT-STU2026061-2026-09-09,STU2026061,ALG1-B,2026-09-09,Present,0,
ATT-STU2026061-2026-09-10,STU2026061,ALG1-B,2026-09-10,Present,0,
ATT-STU2026061-2026-09-11,STU2026061,ALG1-B,2026-09-11,Present,0,
ATT-STU2026061-2026-09-14,STU2026061,ALG1-B,2026-09-14,Present,0,
ATT-STU2026061-2026-09-15,STU2026061,ALG1-B,2026-09-15,Present,0,
ATT-STU2026061-2026-09-16,STU2026061,ALG1-B,2026-09-16,Present,0,
ATT-STU2026061-2026-09-17,STU2026061,ALG1-B,2026-09-17,Present,0,
ATT-STU2026061-2026-09-18,STU2026061,ALG1-B,2026-09-18,Present,0,
ATT-STU2026061-2026-09-21,STU2026061,ALG1-B,2026-09-21,Present,0,
ATT-STU2026061-2026-09-22,STU2026061,ALG1-B,2026-09-22,Present,0,
ATT-STU2026061-2026-09-23,STU2026061,ALG1-B,2026-09-23,Present,0,
ATT-STU2026061-2026-09-24,STU2026061,ALG1-B,2026-09-24,Tardy,5,
ATT-STU2026061-2026-09-25,STU2026061,ALG1-B,2026-09-25,Present,0,
ATT-STU2026061-2026-09-28,STU2026061,ALG1-B,2026-09-28,Present,0,
ATT-STU2026061-2026-09-29,STU2026061,ALG1-B,2026-09-29,Present,0,
ATT-STU2026061-2026-09-30,STU2026061,ALG1-B,2026-09-30,Present,0,
ATT-STU2026061-2026-10-01,STU2026061,ALG1-B,2026-10-01,Present,0,
ATT-STU2026061-2026-10-02,STU2026061,ALG1-B,2026-10-02,Present,0,
ATT-STU2026061-2026-10-05,STU2026061,ALG1-B,2026-10-05,Present,0,
ATT-STU2026061-2026-10-06,STU2026061,ALG1-B,2026-10-06,Present,0,
ATT-STU2026061-2026-10-07,STU2026061,ALG1-B,2026-10-07,Present,0,
ATT-STU2026061-2026-10-08,STU2026061,ALG1-B,2026-10-08,Present,0,
ATT-STU2026061-2026-10-09,STU2026061,ALG1-B,2026-10-09,Present,0,
ATT-STU2026061-2026-10-12,STU2026061,ALG1-B,2026-10-12,Present,0,
ATT-STU2026061-2026-10-13,STU2026061,ALG1-B,2026-10-13,Present,0,
ATT-STU2026061-2026-10-14,STU2026061,ALG1-B,2026-10-14,Present,0,
ATT-STU2026061-2026-10-15,STU2026061,ALG1-B,2026-10-15,Present,0,
ATT-STU2026061-2026-10-16,STU2026061,ALG1-B,2026-10-16,Present,0,
ATT-STU2026061-2026-10-19,STU2026061,ALG1-B,2026-10-19,Present,0,
ATT-STU2026061-2026-10-20,STU2026061,ALG1-B,2026-10-20,Present,0,
ATT-STU2026061-2026-10-21,STU2026061,ALG1-B,2026-10-21,Present,0,
ATT-STU2026061-2026-10-22,STU2026061,ALG1-B,2026-10-22,Present,0,
ATT-STU2026061-2026-10-23,STU2026061,ALG1-B,2026-10-23,Present,0,
ATT-STU2026061-2026-10-26,STU2026061,ALG1-B,2026-10-26,Present,0,
ATT-STU2026061-2026-10-27,STU2026061,ALG1-B,2026-10-27,Present,0,
ATT-STU2026061-2026-10-28,STU2026061,ALG1-B,2026-10-28,Present,0,
ATT-STU2026061-2026-10-29,STU2026061,ALG1-B,2026-10-29,Present,0,
ATT-STU2026061-2026-10-30,STU2026061,ALG1-B,2026-10-30,Present,0,
ATT-STU2026061-2026-11-02,STU2026061,ALG1-B,2026-11-02,Present,0,
ATT-STU2026061-2026-11-03,STU2026061,ALG1-B,2026-11-03,Present,0,
ATT-STU2026061-2026-11-04,STU2026061,ALG1-B,2026-11-04,Present,0,
ATT-STU2026061-2026-11-05,STU2026061,ALG1-B,2026-11-05,Present,0,
ATT-STU2026061-2026-11-06,STU2026061,ALG1-B,2026-11-06,Present,0,
ATT-STU2026061-2026-11-09,STU2026061,ALG1-B,2026-11-09,Present,0,
ATT-STU2026062-2026-09-08,STU2026062,ALG1-B,2026-09-08,Present,0,
ATT-STU2026062-2026-09-09,STU2026062,ALG1-B,2026-09-09,Present,0,
ATT-STU2026062-2026-09-10,STU2026062,ALG1-B,2026-09-10,Present,0,
ATT-STU2026062-2026-09-11,STU2026062,ALG1-B,2026-09-11,Present,0,
ATT-STU2026062-2026-09-14,STU2026062,ALG1-B,2026-09-14,Present,0,
ATT-STU2026062-2026-09-15,STU2026062,ALG1-B,2026-09-15,Present,0,
ATT-STU2026062-2026-09-16,STU2026062,ALG1-B,2026-09-16,Present,0,
ATT-STU2026062-2026-09-17,STU2026062,ALG1-B,2026-09-17,Present,0,
ATT-STU2026062-2026-09-18,STU2026062,ALG1-B,2026-09-18,Present,0,
ATT-STU2026062-2026-09-21,STU2026062,ALG1-B,2026-09-21,Present,0,
ATT-STU2026062-2026-09-22,STU2026062,ALG1-B,2026-09-22,Present,0,
ATT-STU2026062-2026-09-23,STU2026062,ALG1-B,2026-09-23,Present,0,
ATT-STU2026062-2026-09-24,STU2026062,ALG1-B,2026-09-24,Present,0,
ATT-STU2026062-2026-09-25,STU2026062,ALG1-B,2026-09-25,Present,0,
ATT-STU2026062-2026-09-28,STU2026062,ALG1-B,2026-09-28,Present,0,
ATT-STU2026062-2026-09-29,STU2026062,ALG1-B,2026-09-29,Present,0,
ATT-STU2026062-2026-09-30,STU2026062,ALG1-B,2026-09-30,Present,0,
ATT-STU2026062-2026-10-01,STU2026062,ALG1-B,2026-10-01,Present,0,
ATT-STU2026062-2026-10-02,STU2026062,ALG1-B,2026-10-02,Present,0,
ATT-STU2026062-2026-10-05,STU2026062,ALG1-B,2026-10-05,Present,0,
ATT-STU2026062-2026-10-06,STU2026062,ALG1-B,2026-10-06,Present,0,
ATT-STU2026062-2026-10-07,STU2026062,ALG1-B,2026-10-07,Present,0,
ATT-STU2026062-2026-10-08,STU2026062,ALG1-B,2026-10-08,Present,0,
ATT-STU2026062-2026-10-09,STU2026062,ALG1-B,2026-10-09,Present,0,
ATT-STU2026062-2026-10-12,STU2026062,ALG1-B,2026-10-12,Present,0,
ATT-STU2026062-2026-10-13,STU2026062,ALG1-B,2026-10-13,Present,0,
ATT-STU2026062-2026-10-14,STU2026062,ALG1-B,2026-10-14,Present,0,
ATT-STU2026062-2026-10-15,STU2026062,ALG1-B,2026-10-15,Present,0,
ATT-STU2026062-2026-10-16,STU2026062,ALG1-B,2026-10-16,Absent,0,Yes
ATT-STU2026062-2026-10-19,STU2026062,ALG1-B,2026-10-19,Present,0,
ATT-STU2026062-2026-10-20,STU2026062,ALG1-B,2026-10-20,Present,0,
ATT-STU2026062-2026-10-21,STU2026062,ALG1-B,2026-10-21,Absent,0,Yes
ATT-STU2026062-2026-10-22,STU2026062,ALG1-B,2026-10-22,Present,0,
ATT-STU2026062-2026-10-23,STU2026062,ALG1-B,2026-10-23,Present,0,
ATT-STU2026062-2026-10-26,STU2026062,ALG1-B,2026-10-26,Present,0,
ATT-STU2026062-2026-10-27,STU2026062,ALG1-B,2026-10-27,Present,0,
ATT-STU2026062-2026-10-28,STU2026062,ALG1-B,2026-10-28,Present,0,
ATT-STU2026062-2026-10-29,STU2026062,ALG1-B,2026-10-29,Present,0,
ATT-STU2026062-2026-10-30,STU2026062,ALG1-B,2026-10-30,Present,0,
ATT-STU2026062-2026-11-02,STU2026062,ALG1-B,2026-11-02,Present,0,
ATT-STU2026062-2026-11-03,STU2026062,ALG1-B,2026-11-03,Present,0,
ATT-STU2026062-2026-11-04,STU2026062,ALG1-B,2026-11-04,Present,0,
ATT-STU2026062-2026-11-05,STU2026062,ALG1-B,2026-11-05,Present,0,
ATT-STU2026062-2026-11-06,STU2026062,ALG1-B,2026-11-06,Present,0,
ATT-STU2026062-2026-11-09,STU2026062,ALG1-B,2026-11-09,Present,0,
ATT-STU2026063-2026-09-08,STU2026063,ALG1-B,2026-09-08,Present,0,
ATT-STU2026063-2026-09-09,STU2026063,ALG1-B,2026-09-09,Present,0,
ATT-STU2026063-2026-09-10,STU2026063,ALG1-B,2026-09-10,Present,0,
ATT-STU2026063-2026-09-11,STU2026063,ALG1-B,2026-09-11,Tardy,15,
ATT-STU2026063-2026-09-14,STU2026063,ALG1-B,2026-09-14,Absent,0,Yes
ATT-STU2026063-2026-09-15,STU2026063,ALG1-B,2026-09-15,Present,0,
ATT-STU2026063-2026-09-16,STU2026063,ALG1-B,2026-09-16,Present,0,
ATT-STU2026063-2026-09-17,STU2026063,ALG1-B,2026-09-17,Present,0,
ATT-STU2026063-2026-09-18,STU2026063,ALG1-B,2026-09-18,Present,0,
ATT-STU2026063-2026-09-21,STU2026063,ALG1-B,2026-09-21,Present,0,
ATT-STU2026063-2026-09-22,STU2026063,ALG1-B,2026-09-22,Tardy,3,
ATT-STU2026063-2026-09-23,STU2026063,ALG1-B,2026-09-23,Present,0,
ATT-STU2026063-2026-09-24,STU2026063,ALG1-B,2026-09-24,Present,0,
ATT-STU2026063-2026-09-25,STU2026063,ALG1-B,2026-09-25,Present,0,
ATT-STU2026063-2026-09-28,STU2026063,ALG1-B,2026-09-28,Present,0,
ATT-STU2026063-2026-09-29,STU2026063,ALG1-B,2026-09-29,Present,0,
ATT-STU2026063-2026-09-30,STU2026063,ALG1-B,2026-09-30,Present,0,
ATT-STU2026063-2026-10-01,STU2026063,ALG1-B,2026-10-01,Present,0,
ATT-STU2026063-2026-10-02,STU2026063,ALG1-B,2026-10-02,Present,0,
ATT-STU2026063-2026-10-05,STU2026063,ALG1-B,2026-10-05,Present,0,
ATT-STU2026063-2026-10-06,STU2026063,ALG1-B,2026-10-06,Absent,0,Yes
ATT-STU2026063-2026-10-07,STU2026063,ALG1-B,2026-10-07,Absent,0,Yes
ATT-STU2026063-2026-10-08,STU2026063,ALG1-B,2026-10-08,Present,0,
ATT-STU2026063-2026-10-09,STU2026063,ALG1-B,2026-10-09,Present,0,
ATT-STU2026063-2026-10-12,STU2026063,ALG1-B,2026-10-12,Absent,0,No
ATT-STU2026063-2026-10-13,STU2026063,ALG1-B,2026-10-13,Present,0,
ATT-STU2026063-2026-10-14,STU2026063,ALG1-B,2026-10-14,Present,0,
ATT-STU2026063-2026-10-15,STU2026063,ALG1-B,2026-10-15,Present,0,
ATT-STU2026063-2026-10-16,STU2026063,ALG1-B,2026-10-16,Present,0,
ATT-STU2026063-2026-10-19,STU2026063,ALG1-B,2026-10-19,Absent,0,No
ATT-STU2026063-2026-10-20,STU2026063,ALG1-B,2026-10-20,Present,0,
ATT-STU2026063-2026-10-21,STU2026063,ALG1-B,2026-10-21,Absent,0,Yes
ATT-STU2026063-2026-10-22,STU2026063,ALG1-B,2026-10-22,Present,0,
ATT-STU2026063-2026-10-23,STU2026063,ALG1-B,2026-10-23,Present,0,
ATT-STU2026063-2026-10-26,STU2026063,ALG1-B,2026-10-26,Present,0,
ATT-STU2026063-2026-10-27,STU2026063,ALG1-B,2026-10-27,Present,0,
ATT-STU2026063-2026-10-28,STU2026063,ALG1-B,2026-10-28,Present,0,
ATT-STU2026063-2026-10-29,STU2026063,ALG1-B,2026-10-29,Tardy,15,
ATT-STU2026063-2026-10-30,STU2026063,ALG1-B,2026-10-30,Present,0,
ATT-STU2026063-2026-11-02,STU2026063,ALG1-B,2026-11-02,Absent,0,No
ATT-STU2026063-2026-11-03,STU2026063,ALG1-B,2026-11-03,Present,0,
ATT-STU2026063-2026-11-04,STU2026063,ALG1-B,2026-11-04,Present,0,
ATT-STU2026063-2026-11-05,STU2026063,ALG1-B,2026-11-05,Present,0,
ATT-STU2026063-2026-11-06,STU2026063,ALG1-B,2026-11-06,Present,0,
ATT-STU2026063-2026-11-09,STU2026063,ALG1-B,2026-11-09,Present,0,
ATT-STU2026064-2026-09-08,STU2026064,ALG1-B,2026-09-08,Absent,0,Yes
ATT-STU2026064-2026-09-09,STU2026064,ALG1-B,2026-09-09,Tardy,15,
ATT-STU2026064-2026-09-10,STU2026064,ALG1-B,2026-09-10,Present,0,
ATT-STU2026064-2026-09-11,STU2026064,ALG1-B,2026-09-11,Present,0,
ATT-STU2026064-2026-09-14,STU2026064,ALG1-B,2026-09-14,Present,0,
ATT-STU2026064-2026-09-15,STU2026064,ALG1-B,2026-09-15,Present,0,
ATT-STU2026064-2026-09-16,STU2026064,ALG1-B,2026-09-16,Present,0,
ATT-STU2026064-2026-09-17,STU2026064,ALG1-B,2026-09-17,Present,0,
ATT-STU2026064-2026-09-18,STU2026064,ALG1-B,2026-09-18,Present,0,
ATT-STU2026064-2026-09-21,STU2026064,ALG1-B,2026-09-21,Present,0,
ATT-STU2026064-2026-09-22,STU2026064,ALG1-B,2026-09-22,Present,0,
ATT-STU2026064-2026-09-23,STU2026064,ALG1-B,2026-09-23,Present,0,
ATT-STU2026064-2026-09-24,STU2026064,ALG1-B,2026-09-24,Present,0,
ATT-STU2026064-2026-09-25,STU2026064,ALG1-B,2026-09-25,Present,0,
ATT-STU2026064-2026-09-28,STU2026064,ALG1-B,2026-09-28,Present,0,
ATT-STU2026064-2026-09-29,STU2026064,ALG1-B,2026-09-29,Present,0,
ATT-STU2026064-2026-09-30,STU2026064,ALG1-B,2026-09-30,Present,0,
ATT-STU2026064-2026-10-01,STU2026064,ALG1-B,2026-10-01,Present,0,
ATT-STU2026064-2026-10-02,STU2026064,ALG1-B,2026-10-02,Present,0,
ATT-STU2026064-2026-10-05,STU2026064,ALG1-B,2026-10-05,Present,0,
ATT-STU2026064-2026-10-06,STU2026064,ALG1-B,2026-10-06,Present,0,
ATT-STU2026064-2026-10-07,STU2026064,ALG1-B,2026-10-07,Present,0,
ATT-STU2026064-2026-10-08,STU2026064,ALG1-B,2026-10-08,Absent,0,No
ATT-STU2026064-2026-10-09,STU2026064,ALG1-B,2026-10-09,Present,0,
ATT-STU2026064-2026-10-12,STU2026064,ALG1-B,2026-10-12,Absent,0,No
ATT-STU2026064-2026-10-13,STU2026064,ALG1-B,2026-10-13,Present,0,
ATT-STU2026064-2026-10-14,STU2026064,ALG1-B,2026-10-14,Present,0,
ATT-STU2026064-2026-10-15,STU2026064,ALG1-B,2026-10-15,Tardy,15,
ATT-STU2026064-2026-10-16,STU2026064,ALG1-B,2026-10-16,Present,0,
ATT-STU2026064-2026-10-19,STU2026064,ALG1-B,2026-10-19,Present,0,
ATT-STU2026064-2026-10-20,STU2026064,ALG1-B,2026-10-20,Present,0,
ATT-STU2026064-2026-10-21,STU2026064,ALG1-B,2026-10-21,Present,0,
ATT-STU2026064-2026-10-22,STU2026064,ALG1-B,2026-10-22,Absent,0,Yes
ATT-STU2026064-2026-10-23,STU2026064,ALG1-B,2026-10-23,Present,0,
ATT-STU2026064-2026-10-26,STU2026064,ALG1-B,2026-10-26,Tardy,7,
ATT-STU2026064-2026-10-27,STU2026064,ALG1-B,2026-10-27,Present,0,
ATT-STU2026064-2026-10-28,STU2026064,ALG1-B,2026-10-28,Present,0,
ATT-STU2026064-2026-10-29,STU2026064,ALG1-B,2026-10-29,Absent,0,Yes
ATT-STU2026064-2026-10-30,STU2026064,ALG1-B,2026-10-30,Present,0,
ATT-STU2026064-2026-11-02,STU2026064,ALG1-B,2026-11-02,Present,0,
ATT-STU2026064-2026-11-03,STU2026064,ALG1-B,2026-11-03,Present,0,
ATT-STU2026064-2026-11-04,STU2026064,ALG1-B,2026-11-04,Present,0,
ATT-STU2026064-2026-11-05,STU2026064,ALG1-B,2026-11-05,Present,0,
ATT-STU2026064-2026-11-06,STU2026064,ALG1-B,2026-11-06,Present,0,
ATT-STU2026064-2026-11-09,STU2026064,ALG1-B,2026-11-09,Present,0,
ATT-STU2026065-2026-09-08,STU2026065,ALG1-B,2026-09-08,Present,0,
ATT-STU2026065-2026-09-09,STU2026065,ALG1-B,2026-09-09,Present,0,
ATT-STU2026065-2026-09-10,STU2026065,ALG1-B,2026-09-10,Present,0,
ATT-STU2026065-2026-09-11,STU2026065,ALG1-B,2026-09-11,Absent,0,No
ATT-STU2026065-2026-09-14,STU2026065,ALG1-B,2026-09-14,Present,0,
ATT-STU2026065-2026-09-15,STU2026065,ALG1-B,2026-09-15,Present,0,
ATT-STU2026065-2026-09-16,STU2026065,ALG1-B,2026-09-16,Present,0,
ATT-STU2026065-2026-09-17,STU2026065,ALG1-B,2026-09-17,Present,0,
ATT-STU2026065-2026-09-18,STU2026065,ALG1-B,2026-09-18,Present,0,
ATT-STU2026065-2026-09-21,STU2026065,ALG1-B,2026-09-21,Present,0,
ATT-STU2026065-2026-09-22,STU2026065,ALG1-B,2026-09-22,Present,0,
ATT-STU2026065-2026-09-23,STU2026065,ALG1-B,2026-09-23,Absent,0,No
ATT-STU2026065-2026-09-24,STU2026065,ALG1-B,2026-09-24,Present,0,
ATT-STU2026065-2026-09-25,STU2026065,ALG1-B,2026-09-25,Present,0,
ATT-STU2026065-2026-09-28,STU2026065,ALG1-B,2026-09-28,Absent,0,No
ATT-STU2026065-2026-09-29,STU2026065,ALG1-B,2026-09-29,Present,0,
ATT-STU2026065-2026-09-30,STU2026065,ALG1-B,2026-09-30,Present,0,
ATT-STU2026065-2026-10-01,STU2026065,ALG1-B,2026-10-01,Present,0,
ATT-STU2026065-2026-10-02,STU2026065,ALG1-B,2026-10-02,Present,0,
ATT-STU2026065-2026-10-05,STU2026065,ALG1-B,2026-10-05,Present,0,
ATT-STU2026065-2026-10-06,STU2026065,ALG1-B,2026-10-06,Present,0,
ATT-STU2026065-2026-10-07,STU2026065,ALG1-B,2026-10-07,Absent,0,No
ATT-STU2026065-2026-10-08,STU2026065,ALG1-B,2026-10-08,Absent,0,Yes
ATT-STU2026065-2026-10-09,STU2026065,ALG1-B,2026-10-09,Present,0,
ATT-STU2026065-2026-10-12,STU2026065,ALG1-B,2026-10-12,Present,0,
ATT-STU2026065-2026-10-13,STU2026065,ALG1-B,2026-10-13,Present,0,
ATT-STU2026065-2026-10-14,STU2026065,ALG1-B,2026-10-14,Present,0,
ATT-STU2026065-2026-10-15,STU2026065,ALG1-B,2026-10-15,Present,0,
ATT-STU2026065-2026-10-16,STU2026065,ALG1-B,2026-10-16,Present,0,
ATT-STU2026065-2026-10-19,STU2026065,ALG1-B,2026-10-19,Present,0,
ATT-STU2026065-2026-10-20,STU2026065,ALG1-B,2026-10-20,Present,0,
ATT-STU2026065-2026-10-21,STU2026065,ALG1-B,2026-10-21,Present,0,
ATT-STU2026065-2026-10-22,STU2026065,ALG1-B,2026-10-22,Present,0,
ATT-STU2026065-2026-10-23,STU2026065,ALG1-B,2026-10-23,Present,0,
ATT-STU2026065-2026-10-26,STU2026065,ALG1-B,2026-10-26,Present,0,
ATT-STU2026065-2026-10-27,STU2026065,ALG1-B,2026-10-27,Present,0,
ATT-STU2026065-2026-10-28,STU2026065,ALG1-B,2026-10-28,Present,0,
ATT-STU2026065-2026-10-29,STU2026065,ALG1-B,2026-10-29,Present,0,
ATT-STU2026065-2026-10-30,STU2026065,ALG1-B,2026-10-30,Present,0,
ATT-STU2026065-2026-11-02,STU2026065,ALG1-B,2026-11-02,Present,0,
ATT-STU2026065-2026-11-03,STU2026065,ALG1-B,2026-11-03,Present,0,
ATT-STU2026065-2026-11-04,STU2026065,ALG1-B,2026-11-04,Present,0,
ATT-STU2026065-2026-11-05,STU2026065,ALG1-B,2026-11-05,Absent,0,No
ATT-STU2026065-2026-11-06,STU2026065,ALG1-B,2026-11-06,Present,0,
ATT-STU2026065-2026-11-09,STU2026065,ALG1-B,2026-11-09,Present,0,
ATT-STU2026066-2026-09-08,STU2026066,ALG1-B,2026-09-08,Present,0,
ATT-STU2026066-2026-09-09,STU2026066,ALG1-B,2026-09-09,Present,0,
ATT-STU2026066-2026-09-10,STU2026066,ALG1-B,2026-09-10,Present,0,
ATT-STU2026066-2026-09-11,STU2026066,ALG1-B,2026-09-11,Present,0,
ATT-STU2026066-2026-09-14,STU2026066,ALG1-B,2026-09-14,Present,0,
ATT-STU2026066-2026-09-15,STU2026066,ALG1-B,2026-09-15,Present,0,
ATT-STU2026066-2026-09-16,STU2026066,ALG1-B,2026-09-16,Present,0,
ATT-STU2026066-2026-09-17,STU2026066,ALG1-B,2026-09-17,Absent,0,No
ATT-STU2026066-2026-09-18,STU2026066,ALG1-B,2026-09-18,Absent,0,No
ATT-STU2026066-2026-09-21,STU2026066,ALG1-B,2026-09-21,Present,0,
ATT-STU2026066-2026-09-22,STU2026066,ALG1-B,2026-09-22,Absent,0,No
ATT-STU2026066-2026-09-23,STU2026066,ALG1-B,2026-09-23,Present,0,
ATT-STU2026066-2026-09-24,STU2026066,ALG1-B,2026-09-24,Present,0,
ATT-STU2026066-2026-09-25,STU2026066,ALG1-B,2026-09-25,Present,0,
ATT-STU2026066-2026-09-28,STU2026066,ALG1-B,2026-09-28,Present,0,
ATT-STU2026066-2026-09-29,STU2026066,ALG1-B,2026-09-29,Present,0,
ATT-STU2026066-2026-09-30,STU2026066,ALG1-B,2026-09-30,Present,0,
ATT-STU2026066-2026-10-01,STU2026066,ALG1-B,2026-10-01,Present,0,
ATT-STU2026066-2026-10-02,STU2026066,ALG1-B,2026-10-02,Present,0,
ATT-STU2026066-2026-10-05,STU2026066,ALG1-B,2026-10-05,Present,0,
ATT-STU2026066-2026-10-06,STU2026066,ALG1-B,2026-10-06,Absent,0,No
ATT-STU2026066-2026-10-07,STU2026066,ALG1-B,2026-10-07,Present,0,
ATT-STU2026066-2026-10-08,STU2026066,ALG1-B,2026-10-08,Present,0,
ATT-STU2026066-2026-10-09,STU2026066,ALG1-B,2026-10-09,Present,0,
ATT-STU2026066-2026-10-12,STU2026066,ALG1-B,2026-10-12,Tardy,10,
ATT-STU2026066-2026-10-13,STU2026066,ALG1-B,2026-10-13,Present,0,
ATT-STU2026066-2026-10-14,STU2026066,ALG1-B,2026-10-14,Present,0,
ATT-STU2026066-2026-10-15,STU2026066,ALG1-B,2026-10-15,Present,0,
ATT-STU2026066-2026-10-16,STU2026066,ALG1-B,2026-10-16,Present,0,
ATT-STU2026066-2026-10-19,STU2026066,ALG1-B,2026-10-19,Present,0,
ATT-STU2026066-2026-10-20,STU2026066,ALG1-B,2026-10-20,Present,0,
ATT-STU2026066-2026-10-21,STU2026066,ALG1-B,2026-10-21,Present,0,
ATT-STU2026066-2026-10-22,STU2026066,ALG1-B,2026-10-22,Present,0,
ATT-STU2026066-2026-10-23,STU2026066,ALG1-B,2026-10-23,Present,0,
ATT-STU2026066-2026-10-26,STU2026066,ALG1-B,2026-10-26,Present,0,
ATT-STU2026066-2026-10-27,STU2026066,ALG1-B,2026-10-27,Tardy,5,
ATT-STU2026066-2026-10-28,STU2026066,ALG1-B,2026-10-28,Present,0,
ATT-STU2026066-2026-10-29,STU2026066,ALG1-B,2026-10-29,Present,0,
ATT-STU2026066-2026-10-30,STU2026066,ALG1-B,2026-10-30,Present,0,
ATT-STU2026066-2026-11-02,STU2026066,ALG1-B,2026-11-02,Present,0,
ATT-STU2026066-2026-11-03,STU2026066,ALG1-B,2026-11-03,Present,0,
ATT-STU2026066-2026-11-04,STU2026066,ALG1-B,2026-11-04,Present,0,
ATT-STU2026066-2026-11-05,STU2026066,ALG1-B,2026-11-05,Tardy,3,
ATT-STU2026066-2026-11-06,STU2026066,ALG1-B,2026-11-06,Present,0,
ATT-STU2026066-2026-11-09,STU2026066,ALG1-B,2026-11-09,Present,0,
ATT-STU2026067-2026-09-08,STU2026067,ALG1-B,2026-09-08,Present,0,
ATT-STU2026067-2026-09-09,STU2026067,ALG1-B,2026-09-09,Absent,0,Yes
ATT-STU2026067-2026-09-10,STU2026067,ALG1-B,2026-09-10,Present,0,
ATT-STU2026067-2026-09-11,STU2026067,ALG1-B,2026-09-11,Present,0,
ATT-STU2026067-2026-09-14,STU2026067,ALG1-B,2026-09-14,Present,0,
ATT-STU2026067-2026-09-15,STU2026067,ALG1-B,2026-09-15,Present,0,
ATT-STU2026067-2026-09-16,STU2026067,ALG1-B,2026-09-16,Present,0,
ATT-STU2026067-2026-09-17,STU2026067,ALG1-B,2026-09-17,Present,0,
ATT-STU2026067-2026-09-18,STU2026067,ALG1-B,2026-09-18,Present,0,
ATT-STU2026067-2026-09-21,STU2026067,ALG1-B,2026-09-21,Present,0,
ATT-STU2026067-2026-09-22,STU2026067,ALG1-B,2026-09-22,Present,0,
ATT-STU2026067-2026-09-23,STU2026067,ALG1-B,2026-09-23,Present,0,
ATT-STU2026067-2026-09-24,STU2026067,ALG1-B,2026-09-24,Present,0,
ATT-STU2026067-2026-09-25,STU2026067,ALG1-B,2026-09-25,Tardy,3,
ATT-STU2026067-2026-09-28,STU2026067,ALG1-B,2026-09-28,Present,0,
ATT-STU2026067-2026-09-29,STU2026067,ALG1-B,2026-09-29,Present,0,
ATT-STU2026067-2026-09-30,STU2026067,ALG1-B,2026-09-30,Present,0,
ATT-STU2026067-2026-10-01,STU2026067,ALG1-B,2026-10-01,Present,0,
ATT-STU2026067-2026-10-02,STU2026067,ALG1-B,2026-10-02,Present,0,
ATT-STU2026067-2026-10-05,STU2026067,ALG1-B,2026-10-05,Present,0,
ATT-STU2026067-2026-10-06,STU2026067,ALG1-B,2026-10-06,Present,0,
ATT-STU2026067-2026-10-07,STU2026067,ALG1-B,2026-10-07,Present,0,
ATT-STU2026067-2026-10-08,STU2026067,ALG1-B,2026-10-08,Present,0,
ATT-STU2026067-2026-10-09,STU2026067,ALG1-B,2026-10-09,Present,0,
ATT-STU2026067-2026-10-12,STU2026067,ALG1-B,2026-10-12,Present,0,
ATT-STU2026067-2026-10-13,STU2026067,ALG1-B,2026-10-13,Present,0,
ATT-STU2026067-2026-10-14,STU2026067,ALG1-B,2026-10-14,Present,0,
ATT-STU2026067-2026-10-15,STU2026067,ALG1-B,2026-10-15,Present,0,
ATT-STU2026067-2026-10-16,STU2026067,ALG1-B,2026-10-16,Present,0,
ATT-STU2026067-2026-10-19,STU2026067,ALG1-B,2026-10-19,Present,0,
ATT-STU2026067-2026-10-20,STU2026067,ALG1-B,2026-10-20,Present,0,
ATT-STU2026067-2026-10-21,STU2026067,ALG1-B,2026-10-21,Present,0,
ATT-STU2026067-2026-10-22,STU2026067,ALG1-B,2026-10-22,Present,0,
ATT-STU2026067-2026-10-23,STU2026067,ALG1-B,2026-10-23,Present,0,
ATT-STU2026067-2026-10-26,STU2026067,ALG1-B,2026-10-26,Present,0,
ATT-STU2026067-2026-10-27,STU2026067,ALG1-B,2026-10-27,Present,0,
ATT-STU2026067-2026-10-28,STU2026067,ALG1-B,2026-10-28,Present,0,
ATT-STU2026067-2026-10-29,STU2026067,ALG1-B,2026-10-29,Present,0,
ATT-STU2026067-2026-10-30,STU2026067,ALG1-B,2026-10-30,Present,0,
ATT-STU2026067-2026-11-02,STU2026067,ALG1-B,2026-11-02,Present,0,
ATT-STU2026067-2026-11-03,STU2026067,ALG1-B,2026-11-03,Present,0,
ATT-STU2026067-2026-11-04,STU2026067,ALG1-B,2026-11-04,Present,0,
ATT-STU2026067-2026-11-05,STU2026067,ALG1-B,2026-11-05,Present,0,
ATT-STU2026067-2026-11-06,STU2026067,ALG1-B,2026-11-06,Present,0,
ATT-STU2026067-2026-11-09,STU2026067,ALG1-B,2026-11-09,Present,0,
ATT-STU2026068-2026-09-08,STU2026068,ALG1-B,2026-09-08,Present,0,
ATT-STU2026068-2026-09-09,STU2026068,ALG1-B,2026-09-09,Absent,0,Yes
ATT-STU2026068-2026-09-10,STU2026068,ALG1-B,2026-09-10,Present,0,
ATT-STU2026068-2026-09-11,STU2026068,ALG1-B,2026-09-11,Present,0,
ATT-STU2026068-2026-09-14,STU2026068,ALG1-B,2026-09-14,Present,0,
ATT-STU2026068-2026-09-15,STU2026068,ALG1-B,2026-09-15,Present,0,
ATT-STU2026068-2026-09-16,STU2026068,ALG1-B,2026-09-16,Present,0,
ATT-STU2026068-2026-09-17,STU2026068,ALG1-B,2026-09-17,Present,0,
ATT-STU2026068-2026-09-18,STU2026068,ALG1-B,2026-09-18,Present,0,
ATT-STU2026068-2026-09-21,STU2026068,ALG1-B,2026-09-21,Absent,0,Yes
ATT-STU2026068-2026-09-22,STU2026068,ALG1-B,2026-09-22,Present,0,
ATT-STU2026068-2026-09-23,STU2026068,ALG1-B,2026-09-23,Present,0,
ATT-STU2026068-2026-09-24,STU2026068,ALG1-B,2026-09-24,Present,0,
ATT-STU2026068-2026-09-25,STU2026068,ALG1-B,2026-09-25,Present,0,
ATT-STU2026068-2026-09-28,STU2026068,ALG1-B,2026-09-28,Present,0,
ATT-STU2026068-2026-09-29,STU2026068,ALG1-B,2026-09-29,Present,0,
ATT-STU2026068-2026-09-30,STU2026068,ALG1-B,2026-09-30,Present,0,
ATT-STU2026068-2026-10-01,STU2026068,ALG1-B,2026-10-01,Present,0,
ATT-STU2026068-2026-10-02,STU2026068,ALG1-B,2026-10-02,Present,0,
ATT-STU2026068-2026-10-05,STU2026068,ALG1-B,2026-10-05,Present,0,
ATT-STU2026068-2026-10-06,STU2026068,ALG1-B,2026-10-06,Absent,0,No
ATT-STU2026068-2026-10-07,STU2026068,ALG1-B,2026-10-07,Present,0,
ATT-STU2026068-2026-10-08,STU2026068,ALG1-B,2026-10-08,Present,0,
ATT-STU2026068-2026-10-09,STU2026068,ALG1-B,2026-10-09,Tardy,7,
ATT-STU2026068-2026-10-12,STU2026068,ALG1-B,2026-10-12,Present,0,
ATT-STU2026068-2026-10-13,STU2026068,ALG1-B,2026-10-13,Present,0,
ATT-STU2026068-2026-10-14,STU2026068,ALG1-B,2026-10-14,Tardy,5,
ATT-STU2026068-2026-10-15,STU2026068,ALG1-B,2026-10-15,Present,0,
ATT-STU2026068-2026-10-16,STU2026068,ALG1-B,2026-10-16,Present,0,
ATT-STU2026068-2026-10-19,STU2026068,ALG1-B,2026-10-19,Present,0,
ATT-STU2026068-2026-10-20,STU2026068,ALG1-B,2026-10-20,Absent,0,No
ATT-STU2026068-2026-10-21,STU2026068,ALG1-B,2026-10-21,Present,0,
ATT-STU2026068-2026-10-22,STU2026068,ALG1-B,2026-10-22,Tardy,10,
ATT-STU2026068-2026-10-23,STU2026068,ALG1-B,2026-10-23,Present,0,
ATT-STU2026068-2026-10-26,STU2026068,ALG1-B,2026-10-26,Absent,0,Yes
ATT-STU2026068-2026-10-27,STU2026068,ALG1-B,2026-10-27,Present,0,
ATT-STU2026068-2026-10-28,STU2026068,ALG1-B,2026-10-28,Present,0,
ATT-STU2026068-2026-10-29,STU2026068,ALG1-B,2026-10-29,Present,0,
ATT-STU2026068-2026-10-30,STU2026068,ALG1-B,2026-10-30,Present,0,
ATT-STU2026068-2026-11-02,STU2026068,ALG1-B,2026-11-02,Absent,0,No
ATT-STU2026068-2026-11-03,STU2026068,ALG1-B,2026-11-03,Present,0,
ATT-STU2026068-2026-11-04,STU2026068,ALG1-B,2026-11-04,Present,0,
ATT-STU2026068-2026-11-05,STU2026068,ALG1-B,2026-11-05,Present,0,
ATT-STU2026068-2026-11-06,STU2026068,ALG1-B,2026-11-06,Present,0,
ATT-STU2026068-2026-11-09,STU2026068,ALG1-B,2026-11-09,Present,0,
ATT-STU2026069-2026-09-08,STU2026069,ALG1-B,2026-09-08,Present,0,
ATT-STU2026069-2026-09-09,STU2026069,ALG1-B,2026-09-09,Present,0,
ATT-STU2026069-2026-09-10,STU2026069,ALG1-B,2026-09-10,Absent,0,No
ATT-STU2026069-2026-09-11,STU2026069,ALG1-B,2026-09-11,Present,0,
ATT-STU2026069-2026-09-14,STU2026069,ALG1-B,2026-09-14,Present,0,
ATT-STU2026069-2026-09-15,STU2026069,ALG1-B,2026-09-15,Tardy,7,
ATT-STU2026069-2026-09-16,STU2026069,ALG1-B,2026-09-16,Absent,0,No
ATT-STU2026069-2026-09-17,STU2026069,ALG1-B,2026-09-17,Present,0,
ATT-STU2026069-2026-09-18,STU2026069,ALG1-B,2026-09-18,Absent,0,Yes
ATT-STU2026069-2026-09-21,STU2026069,ALG1-B,2026-09-21,Present,0,
ATT-STU2026069-2026-09-22,STU2026069,ALG1-B,2026-09-22,Present,0,
ATT-STU2026069-2026-09-23,STU2026069,ALG1-B,2026-09-23,Present,0,
ATT-STU2026069-2026-09-24,STU2026069,ALG1-B,2026-09-24,Absent,0,No
ATT-STU2026069-2026-09-25,STU2026069,ALG1-B,2026-09-25,Present,0,
ATT-STU2026069-2026-09-28,STU2026069,ALG1-B,2026-09-28,Present,0,
ATT-STU2026069-2026-09-29,STU2026069,ALG1-B,2026-09-29,Present,0,
ATT-STU2026069-2026-09-30,STU2026069,ALG1-B,2026-09-30,Present,0,
ATT-STU2026069-2026-10-01,STU2026069,ALG1-B,2026-10-01,Present,0,
ATT-STU2026069-2026-10-02,STU2026069,ALG1-B,2026-10-02,Present,0,
ATT-STU2026069-2026-10-05,STU2026069,ALG1-B,2026-10-05,Present,0,
ATT-STU2026069-2026-10-06,STU2026069,ALG1-B,2026-10-06,Present,0,
ATT-STU2026069-2026-10-07,STU2026069,ALG1-B,2026-10-07,Absent,0,Yes
ATT-STU2026069-2026-10-08,STU2026069,ALG1-B,2026-10-08,Present,0,
ATT-STU2026069-2026-10-09,STU2026069,ALG1-B,2026-10-09,Tardy,3,
ATT-STU2026069-2026-10-12,STU2026069,ALG1-B,2026-10-12,Present,0,
ATT-STU2026069-2026-10-13,STU2026069,ALG1-B,2026-10-13,Present,0,
ATT-STU2026069-2026-10-14,STU2026069,ALG1-B,2026-10-14,Present,0,
ATT-STU2026069-2026-10-15,STU2026069,ALG1-B,2026-10-15,Present,0,
ATT-STU2026069-2026-10-16,STU2026069,ALG1-B,2026-10-16,Present,0,
ATT-STU2026069-2026-10-19,STU2026069,ALG1-B,2026-10-19,Absent,0,No
ATT-STU2026069-2026-10-20,STU2026069,ALG1-B,2026-10-20,Tardy,15,
ATT-STU2026069-2026-10-21,STU2026069,ALG1-B,2026-10-21,Present,0,
ATT-STU2026069-2026-10-22,STU2026069,ALG1-B,2026-10-22,Tardy,10,
ATT-STU2026069-2026-10-23,STU2026069,ALG1-B,2026-10-23,Present,0,
ATT-STU2026069-2026-10-26,STU2026069,ALG1-B,2026-10-26,Present,0,
ATT-STU2026069-2026-10-27,STU2026069,ALG1-B,2026-10-27,Present,0,
ATT-STU2026069-2026-10-28,STU2026069,ALG1-B,2026-10-28,Present,0,
ATT-STU2026069-2026-10-29,STU2026069,ALG1-B,2026-10-29,Present,0,
ATT-STU2026069-2026-10-30,STU2026069,ALG1-B,2026-10-30,Present,0,
ATT-STU2026069-2026-11-02,STU2026069,ALG1-B,2026-11-02,Present,0,
ATT-STU2026069-2026-11-03,STU2026069,ALG1-B,2026-11-03,Present,0,
ATT-STU2026069-2026-11-04,STU2026069,ALG1-B,2026-11-04,Present,0,
ATT-STU2026069-2026-11-05,STU2026069,ALG1-B,2026-11-05,Present,0,
ATT-STU2026069-2026-11-06,STU2026069,ALG1-B,2026-11-06,Present,0,
ATT-STU2026069-2026-11-09,STU2026069,ALG1-B,2026-11-09,Present,0,
ATT-STU2026070-2026-09-08,STU2026070,ALG1-B,2026-09-08,Present,0,
ATT-STU2026070-2026-09-09,STU2026070,ALG1-B,2026-09-09,Present,0,
ATT-STU2026070-2026-09-10,STU2026070,ALG1-B,2026-09-10,Present,0,
ATT-STU2026070-2026-09-11,STU2026070,ALG1-B,2026-09-11,Present,0,
ATT-STU2026070-2026-09-14,STU2026070,ALG1-B,2026-09-14,Absent,0,Yes
ATT-STU2026070-2026-09-15,STU2026070,ALG1-B,2026-09-15,Present,0,
ATT-STU2026070-2026-09-16,STU2026070,ALG1-B,2026-09-16,Present,0,
ATT-STU2026070-2026-09-17,STU2026070,ALG1-B,2026-09-17,Present,0,
ATT-STU2026070-2026-09-18,STU2026070,ALG1-B,2026-09-18,Present,0,
ATT-STU2026070-2026-09-21,STU2026070,ALG1-B,2026-09-21,Present,0,
ATT-STU2026070-2026-09-22,STU2026070,ALG1-B,2026-09-22,Present,0,
ATT-STU2026070-2026-09-23,STU2026070,ALG1-B,2026-09-23,Present,0,
ATT-STU2026070-2026-09-24,STU2026070,ALG1-B,2026-09-24,Present,0,
ATT-STU2026070-2026-09-25,STU2026070,ALG1-B,2026-09-25,Present,0,
ATT-STU2026070-2026-09-28,STU2026070,ALG1-B,2026-09-28,Present,0,
ATT-STU2026070-2026-09-29,STU2026070,ALG1-B,2026-09-29,Present,0,
ATT-STU2026070-2026-09-30,STU2026070,ALG1-B,2026-09-30,Present,0,
ATT-STU2026070-2026-10-01,STU2026070,ALG1-B,2026-10-01,Absent,0,Yes
ATT-STU2026070-2026-10-02,STU2026070,ALG1-B,2026-10-02,Present,0,
ATT-STU2026070-2026-10-05,STU2026070,ALG1-B,2026-10-05,Present,0,
ATT-STU2026070-2026-10-06,STU2026070,ALG1-B,2026-10-06,Present,0,
ATT-STU2026070-2026-10-07,STU2026070,ALG1-B,2026-10-07,Present,0,
ATT-STU2026070-2026-10-08,STU2026070,ALG1-B,2026-10-08,Present,0,
ATT-STU2026070-2026-10-09,STU2026070,ALG1-B,2026-10-09,Present,0,
ATT-STU2026070-2026-10-12,STU2026070,ALG1-B,2026-10-12,Present,0,
ATT-STU2026070-2026-10-13,STU2026070,ALG1-B,2026-10-13,Present,0,
ATT-STU2026070-2026-10-14,STU2026070,ALG1-B,2026-10-14,Absent,0,Yes
ATT-STU2026070-2026-10-15,STU2026070,ALG1-B,2026-10-15,Present,0,
ATT-STU2026070-2026-10-16,STU2026070,ALG1-B,2026-10-16,Absent,0,Yes
ATT-STU2026070-2026-10-19,STU2026070,ALG1-B,2026-10-19,Present,0,
ATT-STU2026070-2026-10-20,STU2026070,ALG1-B,2026-10-20,Present,0,
ATT-STU2026070-2026-10-21,STU2026070,ALG1-B,2026-10-21,Present,0,
ATT-STU2026070-2026-10-22,STU2026070,ALG1-B,2026-10-22,Absent,0,Yes
ATT-STU2026070-2026-10-23,STU2026070,ALG1-B,2026-10-23,Present,0,
ATT-STU2026070-2026-10-26,STU2026070,ALG1-B,2026-10-26,Present,0,
ATT-STU2026070-2026-10-27,STU2026070,ALG1-B,2026-10-27,Present,0,
ATT-STU2026070-2026-10-28,STU2026070,ALG1-B,2026-10-28,Present,0,
ATT-STU2026070-2026-10-29,STU2026070,ALG1-B,2026-10-29,Present,0,
ATT-STU2026070-2026-10-30,STU2026070,ALG1-B,2026-10-30,Present,0,
ATT-STU2026070-2026-11-02,STU2026070,ALG1-B,2026-11-02,Present,0,
ATT-STU2026070-2026-11-03,STU2026070,ALG1-B,2026-11-03,Present,0,
ATT-STU2026070-2026-11-04,STU2026070,ALG1-B,2026-11-04,Present,0,
ATT-STU2026070-2026-11-05,STU2026070,ALG1-B,2026-11-05,Present,0,
ATT-STU2026070-2026-11-06,STU2026070,ALG1-B,2026-11-06,Present,0,
ATT-STU2026070-2026-11-09,STU2026070,ALG1-B,2026-11-09,Present,0,
ATT-STU2026071-2026-09-08,STU2026071,ALG1-B,2026-09-08,Present,0,
ATT-STU2026071-2026-09-09,STU2026071,ALG1-B,2026-09-09,Absent,0,No
ATT-STU2026071-2026-09-10,STU2026071,ALG1-B,2026-09-10,Present,0,
ATT-STU2026071-2026-09-11,STU2026071,ALG1-B,2026-09-11,Present,0,
ATT-STU2026071-2026-09-14,STU2026071,ALG1-B,2026-09-14,Present,0,
ATT-STU2026071-2026-09-15,STU2026071,ALG1-B,2026-09-15,Present,0,
ATT-STU2026071-2026-09-16,STU2026071,ALG1-B,2026-09-16,Present,0,
ATT-STU2026071-2026-09-17,STU2026071,ALG1-B,2026-09-17,Present,0,
ATT-STU2026071-2026-09-18,STU2026071,ALG1-B,2026-09-18,Present,0,
ATT-STU2026071-2026-09-21,STU2026071,ALG1-B,2026-09-21,Absent,0,Yes
ATT-STU2026071-2026-09-22,STU2026071,ALG1-B,2026-09-22,Present,0,
ATT-STU2026071-2026-09-23,STU2026071,ALG1-B,2026-09-23,Present,0,
ATT-STU2026071-2026-09-24,STU2026071,ALG1-B,2026-09-24,Present,0,
ATT-STU2026071-2026-09-25,STU2026071,ALG1-B,2026-09-25,Present,0,
ATT-STU2026071-2026-09-28,STU2026071,ALG1-B,2026-09-28,Present,0,
ATT-STU2026071-2026-09-29,STU2026071,ALG1-B,2026-09-29,Absent,0,No
ATT-STU2026071-2026-09-30,STU2026071,ALG1-B,2026-09-30,Present,0,
ATT-STU2026071-2026-10-01,STU2026071,ALG1-B,2026-10-01,Absent,0,Yes
ATT-STU2026071-2026-10-02,STU2026071,ALG1-B,2026-10-02,Present,0,
ATT-STU2026071-2026-10-05,STU2026071,ALG1-B,2026-10-05,Absent,0,Yes
ATT-STU2026071-2026-10-06,STU2026071,ALG1-B,2026-10-06,Present,0,
ATT-STU2026071-2026-10-07,STU2026071,ALG1-B,2026-10-07,Present,0,
ATT-STU2026071-2026-10-08,STU2026071,ALG1-B,2026-10-08,Present,0,
ATT-STU2026071-2026-10-09,STU2026071,ALG1-B,2026-10-09,Absent,0,No
ATT-STU2026071-2026-10-12,STU2026071,ALG1-B,2026-10-12,Present,0,
ATT-STU2026071-2026-10-13,STU2026071,ALG1-B,2026-10-13,Present,0,
ATT-STU2026071-2026-10-14,STU2026071,ALG1-B,2026-10-14,Present,0,
ATT-STU2026071-2026-10-15,STU2026071,ALG1-B,2026-10-15,Present,0,
ATT-STU2026071-2026-10-16,STU2026071,ALG1-B,2026-10-16,Absent,0,Yes
ATT-STU2026071-2026-10-19,STU2026071,ALG1-B,2026-10-19,Present,0,
ATT-STU2026071-2026-10-20,STU2026071,ALG1-B,2026-10-20,Absent,0,No
ATT-STU2026071-2026-10-21,STU2026071,ALG1-B,2026-10-21,Present,0,
ATT-STU2026071-2026-10-22,STU2026071,ALG1-B,2026-10-22,Present,0,
ATT-STU2026071-2026-10-23,STU2026071,ALG1-B,2026-10-23,Present,0,
ATT-STU2026071-2026-10-26,STU2026071,ALG1-B,2026-10-26,Present,0,
ATT-STU2026071-2026-10-27,STU2026071,ALG1-B,2026-10-27,Present,0,
ATT-STU2026071-2026-10-28,STU2026071,ALG1-B,2026-10-28,Present,0,
ATT-STU2026071-2026-10-29,STU2026071,ALG1-B,2026-10-29,Absent,0,No
ATT-STU2026071-2026-10-30,STU2026071,ALG1-B,2026-10-30,Present,0,
ATT-STU2026071-2026-11-02,STU2026071,ALG1-B,2026-11-02,Present,0,
ATT-STU2026071-2026-11-03,STU2026071,ALG1-B,2026-11-03,Present,0,
ATT-STU2026071-2026-11-04,STU2026071,ALG1-B,2026-11-04,Present,0,
ATT-STU2026071-2026-11-05,STU2026071,ALG1-B,2026-11-05,Present,0,
ATT-STU2026071-2026-11-06,STU2026071,ALG1-B,2026-11-06,Absent,0,Yes
ATT-STU2026071-2026-11-09,STU2026071,ALG1-B,2026-11-09,Present,0,
ATT-STU2026072-2026-09-08,STU2026072,ALG1-B,2026-09-08,Present,0,
ATT-STU2026072-2026-09-09,STU2026072,ALG1-B,2026-09-09,Present,0,
ATT-STU2026072-2026-09-10,STU2026072,ALG1-B,2026-09-10,Present,0,
ATT-STU2026072-2026-09-11,STU2026072,ALG1-B,2026-09-11,Absent,0,Yes
ATT-STU2026072-2026-09-14,STU2026072,ALG1-B,2026-09-14,Present,0,
ATT-STU2026072-2026-09-15,STU2026072,ALG1-B,2026-09-15,Present,0,
ATT-STU2026072-2026-09-16,STU2026072,ALG1-B,2026-09-16,Present,0,
ATT-STU2026072-2026-09-17,STU2026072,ALG1-B,2026-09-17,Present,0,
ATT-STU2026072-2026-09-18,STU2026072,ALG1-B,2026-09-18,Present,0,
ATT-STU2026072-2026-09-21,STU2026072,ALG1-B,2026-09-21,Present,0,
ATT-STU2026072-2026-09-22,STU2026072,ALG1-B,2026-09-22,Present,0,
ATT-STU2026072-2026-09-23,STU2026072,ALG1-B,2026-09-23,Present,0,
ATT-STU2026072-2026-09-24,STU2026072,ALG1-B,2026-09-24,Present,0,
ATT-STU2026072-2026-09-25,STU2026072,ALG1-B,2026-09-25,Present,0,
ATT-STU2026072-2026-09-28,STU2026072,ALG1-B,2026-09-28,Tardy,3,
ATT-STU2026072-2026-09-29,STU2026072,ALG1-B,2026-09-29,Absent,0,Yes
ATT-STU2026072-2026-09-30,STU2026072,ALG1-B,2026-09-30,Present,0,
ATT-STU2026072-2026-10-01,STU2026072,ALG1-B,2026-10-01,Present,0,
ATT-STU2026072-2026-10-02,STU2026072,ALG1-B,2026-10-02,Present,0,
ATT-STU2026072-2026-10-05,STU2026072,ALG1-B,2026-10-05,Present,0,
ATT-STU2026072-2026-10-06,STU2026072,ALG1-B,2026-10-06,Present,0,
ATT-STU2026072-2026-10-07,STU2026072,ALG1-B,2026-10-07,Present,0,
ATT-STU2026072-2026-10-08,STU2026072,ALG1-B,2026-10-08,Present,0,
ATT-STU2026072-2026-10-09,STU2026072,ALG1-B,2026-10-09,Absent,0,Yes
ATT-STU2026072-2026-10-12,STU2026072,ALG1-B,2026-10-12,Present,0,
ATT-STU2026072-2026-10-13,STU2026072,ALG1-B,2026-10-13,Absent,0,Yes
ATT-STU2026072-2026-10-14,STU2026072,ALG1-B,2026-10-14,Present,0,
ATT-STU2026072-2026-10-15,STU2026072,ALG1-B,2026-10-15,Present,0,
ATT-STU2026072-2026-10-16,STU2026072,ALG1-B,2026-10-16,Present,0,
ATT-STU2026072-2026-10-19,STU2026072,ALG1-B,2026-10-19,Present,0,
ATT-STU2026072-2026-10-20,STU2026072,ALG1-B,2026-10-20,Present,0,
ATT-STU2026072-2026-10-21,STU2026072,ALG1-B,2026-10-21,Present,0,
ATT-STU2026072-2026-10-22,STU2026072,ALG1-B,2026-10-22,Present,0,
ATT-STU2026072-2026-10-23,STU2026072,ALG1-B,2026-10-23,Present,0,
ATT-STU2026072-2026-10-26,STU2026072,ALG1-B,2026-10-26,Present,0,
ATT-STU2026072-2026-10-27,STU2026072,ALG1-B,2026-10-27,Present,0,
ATT-STU2026072-2026-10-28,STU2026072,ALG1-B,2026-10-28,Present,0,
ATT-STU2026072-2026-10-29,STU2026072,ALG1-B,2026-10-29,Absent,0,No
ATT-STU2026072-2026-10-30,STU2026072,ALG1-B,2026-10-30,Present,0,
ATT-STU2026072-2026-11-02,STU2026072,ALG1-B,2026-11-02,Present,0,
ATT-STU2026072-2026-11-03,STU2026072,ALG1-B,2026-11-03,Present,0,
ATT-STU2026072-2026-11-04,STU2026072,ALG1-B,2026-11-04,Present,0,
ATT-STU2026072-2026-11-05,STU2026072,ALG1-B,2026-11-05,Present,0,
ATT-STU2026072-2026-11-06,STU2026072,ALG1-B,2026-11-06,Absent,0,Yes
ATT-STU2026072-2026-11-09,STU2026072,ALG1-B,2026-11-09,Absent,0,Yes
ATT-STU2026073-2026-09-08,STU2026073,ALG1-B,2026-09-08,Present,0,
ATT-STU2026073-2026-09-09,STU2026073,ALG1-B,2026-09-09,Present,0,
ATT-STU2026073-2026-09-10,STU2026073,ALG1-B,2026-09-10,Tardy,7,
ATT-STU2026073-2026-09-11,STU2026073,ALG1-B,2026-09-11,Absent,0,Yes
ATT-STU2026073-2026-09-14,STU2026073,ALG1-B,2026-09-14,Present,0,
ATT-STU2026073-2026-09-15,STU2026073,ALG1-B,2026-09-15,Present,0,
ATT-STU2026073-2026-09-16,STU2026073,ALG1-B,2026-09-16,Present,0,
ATT-STU2026073-2026-09-17,STU2026073,ALG1-B,2026-09-17,Present,0,
ATT-STU2026073-2026-09-18,STU2026073,ALG1-B,2026-09-18,Absent,0,No
ATT-STU2026073-2026-09-21,STU2026073,ALG1-B,2026-09-21,Present,0,
ATT-STU2026073-2026-09-22,STU2026073,ALG1-B,2026-09-22,Present,0,
ATT-STU2026073-2026-09-23,STU2026073,ALG1-B,2026-09-23,Present,0,
ATT-STU2026073-2026-09-24,STU2026073,ALG1-B,2026-09-24,Present,0,
ATT-STU2026073-2026-09-25,STU2026073,ALG1-B,2026-09-25,Present,0,
ATT-STU2026073-2026-09-28,STU2026073,ALG1-B,2026-09-28,Present,0,
ATT-STU2026073-2026-09-29,STU2026073,ALG1-B,2026-09-29,Present,0,
ATT-STU2026073-2026-09-30,STU2026073,ALG1-B,2026-09-30,Present,0,
ATT-STU2026073-2026-10-01,STU2026073,ALG1-B,2026-10-01,Present,0,
ATT-STU2026073-2026-10-02,STU2026073,ALG1-B,2026-10-02,Present,0,
ATT-STU2026073-2026-10-05,STU2026073,ALG1-B,2026-10-05,Present,0,
ATT-STU2026073-2026-10-06,STU2026073,ALG1-B,2026-10-06,Present,0,
ATT-STU2026073-2026-10-07,STU2026073,ALG1-B,2026-10-07,Present,0,
ATT-STU2026073-2026-10-08,STU2026073,ALG1-B,2026-10-08,Present,0,
ATT-STU2026073-2026-10-09,STU2026073,ALG1-B,2026-10-09,Present,0,
ATT-STU2026073-2026-10-12,STU2026073,ALG1-B,2026-10-12,Present,0,
ATT-STU2026073-2026-10-13,STU2026073,ALG1-B,2026-10-13,Present,0,
ATT-STU2026073-2026-10-14,STU2026073,ALG1-B,2026-10-14,Present,0,
ATT-STU2026073-2026-10-15,STU2026073,ALG1-B,2026-10-15,Present,0,
ATT-STU2026073-2026-10-16,STU2026073,ALG1-B,2026-10-16,Present,0,
ATT-STU2026073-2026-10-19,STU2026073,ALG1-B,2026-10-19,Present,0,
ATT-STU2026073-2026-10-20,STU2026073,ALG1-B,2026-10-20,Present,0,
ATT-STU2026073-2026-10-21,STU2026073,ALG1-B,2026-10-21,Present,0,
ATT-STU2026073-2026-10-22,STU2026073,ALG1-B,2026-10-22,Present,0,
ATT-STU2026073-2026-10-23,STU2026073,ALG1-B,2026-10-23,Present,0,
ATT-STU2026073-2026-10-26,STU2026073,ALG1-B,2026-10-26,Present,0,
ATT-STU2026073-2026-10-27,STU2026073,ALG1-B,2026-10-27,Absent,0,Yes
ATT-STU2026073-2026-10-28,STU2026073,ALG1-B,2026-10-28,Present,0,
ATT-STU2026073-2026-10-29,STU2026073,ALG1-B,2026-10-29,Present,0,
ATT-STU2026073-2026-10-30,STU2026073,ALG1-B,2026-10-30,Present,0,
ATT-STU2026073-2026-11-02,STU2026073,ALG1-B,2026-11-02,Present,0,
ATT-STU2026073-2026-11-03,STU2026073,ALG1-B,2026-11-03,Present,0,
ATT-STU2026073-2026-11-04,STU2026073,ALG1-B,2026-11-04,Present,0,
ATT-STU2026073-2026-11-05,STU2026073,ALG1-B,2026-11-05,Present,0,
ATT-STU2026073-2026-11-06,STU2026073,ALG1-B,2026-11-06,Present,0,
ATT-STU2026073-2026-11-09,STU2026073,ALG1-B,2026-11-09,Present,0,
ATT-STU2026074-2026-09-08,STU2026074,ALG1-B,2026-09-08,Absent,0,Yes
ATT-STU2026074-2026-09-09,STU2026074,ALG1-B,2026-09-09,Present,0,
ATT-STU2026074-2026-09-10,STU2026074,ALG1-B,2026-09-10,Present,0,
ATT-STU2026074-2026-09-11,STU2026074,ALG1-B,2026-09-11,Present,0,
ATT-STU2026074-2026-09-14,STU2026074,ALG1-B,2026-09-14,Present,0,
ATT-STU2026074-2026-09-15,STU2026074,ALG1-B,2026-09-15,Present,0,
ATT-STU2026074-2026-09-16,STU2026074,ALG1-B,2026-09-16,Present,0,
ATT-STU2026074-2026-09-17,STU2026074,ALG1-B,2026-09-17,Present,0,
ATT-STU2026074-2026-09-18,STU2026074,ALG1-B,2026-09-18,Tardy,10,
ATT-STU2026074-2026-09-21,STU2026074,ALG1-B,2026-09-21,Present,0,
ATT-STU2026074-2026-09-22,STU2026074,ALG1-B,2026-09-22,Present,0,
ATT-STU2026074-2026-09-23,STU2026074,ALG1-B,2026-09-23,Present,0,
ATT-STU2026074-2026-09-24,STU2026074,ALG1-B,2026-09-24,Present,0,
ATT-STU2026074-2026-09-25,STU2026074,ALG1-B,2026-09-25,Present,0,
ATT-STU2026074-2026-09-28,STU2026074,ALG1-B,2026-09-28,Present,0,
ATT-STU2026074-2026-09-29,STU2026074,ALG1-B,2026-09-29,Present,0,
ATT-STU2026074-2026-09-30,STU2026074,ALG1-B,2026-09-30,Present,0,
ATT-STU2026074-2026-10-01,STU2026074,ALG1-B,2026-10-01,Present,0,
ATT-STU2026074-2026-10-02,STU2026074,ALG1-B,2026-10-02,Present,0,
ATT-STU2026074-2026-10-05,STU2026074,ALG1-B,2026-10-05,Absent,0,No
ATT-STU2026074-2026-10-06,STU2026074,ALG1-B,2026-10-06,Present,0,
ATT-STU2026074-2026-10-07,STU2026074,ALG1-B,2026-10-07,Present,0,
ATT-STU2026074-2026-10-08,STU2026074,ALG1-B,2026-10-08,Present,0,
ATT-STU2026074-2026-10-09,STU2026074,ALG1-B,2026-10-09,Tardy,15,
ATT-STU2026074-2026-10-12,STU2026074,ALG1-B,2026-10-12,Present,0,
ATT-STU2026074-2026-10-13,STU2026074,ALG1-B,2026-10-13,Present,0,
ATT-STU2026074-2026-10-14,STU2026074,ALG1-B,2026-10-14,Tardy,3,
ATT-STU2026074-2026-10-15,STU2026074,ALG1-B,2026-10-15,Present,0,
ATT-STU2026074-2026-10-16,STU2026074,ALG1-B,2026-10-16,Present,0,
ATT-STU2026074-2026-10-19,STU2026074,ALG1-B,2026-10-19,Absent,0,No
ATT-STU2026074-2026-10-20,STU2026074,ALG1-B,2026-10-20,Present,0,
ATT-STU2026074-2026-10-21,STU2026074,ALG1-B,2026-10-21,Present,0,
ATT-STU2026074-2026-10-22,STU2026074,ALG1-B,2026-10-22,Tardy,7,
ATT-STU2026074-2026-10-23,STU2026074,ALG1-B,2026-10-23,Present,0,
ATT-STU2026074-2026-10-26,STU2026074,ALG1-B,2026-10-26,Present,0,
ATT-STU2026074-2026-10-27,STU2026074,ALG1-B,2026-10-27,Present,0,
ATT-STU2026074-2026-10-28,STU2026074,ALG1-B,2026-10-28,Tardy,15,
ATT-STU2026074-2026-10-29,STU2026074,ALG1-B,2026-10-29,Tardy,10,
ATT-STU2026074-2026-10-30,STU2026074,ALG1-B,2026-10-30,Present,0,
ATT-STU2026074-2026-11-02,STU2026074,ALG1-B,2026-11-02,Absent,0,Yes
ATT-STU2026074-2026-11-03,STU2026074,ALG1-B,2026-11-03,Present,0,
ATT-STU2026074-2026-11-04,STU2026074,ALG1-B,2026-11-04,Present,0,
ATT-STU2026074-2026-11-05,STU2026074,ALG1-B,2026-11-05,Present,0,
ATT-STU2026074-2026-11-06,STU2026074,ALG1-B,2026-11-06,Present,0,
ATT-STU2026074-2026-11-09,STU2026074,ALG1-B,2026-11-09,Present,0,
ATT-STU2026075-2026-09-08,STU2026075,ALG1-B,2026-09-08,Absent,0,No
ATT-STU2026075-2026-09-09,STU2026075,ALG1-B,2026-09-09,Present,0,
ATT-STU2026075-2026-09-10,STU2026075,ALG1-B,2026-09-10,Present,0,
ATT-STU2026075-2026-09-11,STU2026075,ALG1-B,2026-09-11,Present,0,
ATT-STU2026075-2026-09-14,STU2026075,ALG1-B,2026-09-14,Present,0,
ATT-STU2026075-2026-09-15,STU2026075,ALG1-B,2026-09-15,Present,0,
ATT-STU2026075-2026-09-16,STU2026075,ALG1-B,2026-09-16,Present,0,
ATT-STU2026075-2026-09-17,STU2026075,ALG1-B,2026-09-17,Present,0,
ATT-STU2026075-2026-09-18,STU2026075,ALG1-B,2026-09-18,Present,0,
ATT-STU2026075-2026-09-21,STU2026075,ALG1-B,2026-09-21,Present,0,
ATT-STU2026075-2026-09-22,STU2026075,ALG1-B,2026-09-22,Present,0,
ATT-STU2026075-2026-09-23,STU2026075,ALG1-B,2026-09-23,Present,0,
ATT-STU2026075-2026-09-24,STU2026075,ALG1-B,2026-09-24,Present,0,
ATT-STU2026075-2026-09-25,STU2026075,ALG1-B,2026-09-25,Present,0,
ATT-STU2026075-2026-09-28,STU2026075,ALG1-B,2026-09-28,Present,0,
ATT-STU2026075-2026-09-29,STU2026075,ALG1-B,2026-09-29,Present,0,
ATT-STU2026075-2026-09-30,STU2026075,ALG1-B,2026-09-30,Present,0,
ATT-STU2026075-2026-10-01,STU2026075,ALG1-B,2026-10-01,Present,0,
ATT-STU2026075-2026-10-02,STU2026075,ALG1-B,2026-10-02,Present,0,
ATT-STU2026075-2026-10-05,STU2026075,ALG1-B,2026-10-05,Present,0,
ATT-STU2026075-2026-10-06,STU2026075,ALG1-B,2026-10-06,Present,0,
ATT-STU2026075-2026-10-07,STU2026075,ALG1-B,2026-10-07,Present,0,
ATT-STU2026075-2026-10-08,STU2026075,ALG1-B,2026-10-08,Present,0,
ATT-STU2026075-2026-10-09,STU2026075,ALG1-B,2026-10-09,Present,0,
ATT-STU2026075-2026-10-12,STU2026075,ALG1-B,2026-10-12,Tardy,3,
ATT-STU2026075-2026-10-13,STU2026075,ALG1-B,2026-10-13,Present,0,
ATT-STU2026075-2026-10-14,STU2026075,ALG1-B,2026-10-14,Present,0,
ATT-STU2026075-2026-10-15,STU2026075,ALG1-B,2026-10-15,Present,0,
ATT-STU2026075-2026-10-16,STU2026075,ALG1-B,2026-10-16,Present,0,
ATT-STU2026075-2026-10-19,STU2026075,ALG1-B,2026-10-19,Present,0,
ATT-STU2026075-2026-10-20,STU2026075,ALG1-B,2026-10-20,Present,0,
ATT-STU2026075-2026-10-21,STU2026075,ALG1-B,2026-10-21,Present,0,
ATT-STU2026075-2026-10-22,STU2026075,ALG1-B,2026-10-22,Present,0,
ATT-STU2026075-2026-10-23,STU2026075,ALG1-B,2026-10-23,Present,0,
ATT-STU2026075-2026-10-26,STU2026075,ALG1-B,2026-10-26,Present,0,
ATT-STU2026075-2026-10-27,STU2026075,ALG1-B,2026-10-27,Present,0,
ATT-STU2026075-2026-10-28,STU2026075,ALG1-B,2026-10-28,Present,0,
ATT-STU2026075-2026-10-29,STU2026075,ALG1-B,2026-10-29,Present,0,
ATT-STU2026075-2026-10-30,STU2026075,ALG1-B,2026-10-30,Absent,0,Yes
ATT-STU2026075-2026-11-02,STU2026075,ALG1-B,2026-11-02,Present,0,
ATT-STU2026075-2026-11-03,STU2026075,ALG1-B,2026-11-03,Present,0,
ATT-STU2026075-2026-11-04,STU2026075,ALG1-B,2026-11-04,Present,0,
ATT-STU2026075-2026-11-05,STU2026075,ALG1-B,2026-11-05,Present,0,
ATT-STU2026075-2026-11-06,STU2026075,ALG1-B,2026-11-06,Present,0,
ATT-STU2026075-2026-11-09,STU2026075,ALG1-B,2026-11-09,Present,0,
ATT-STU2026076-2026-09-08,STU2026076,ALG1-B,2026-09-08,Present,0,
ATT-STU2026076-2026-09-09,STU2026076,ALG1-B,2026-09-09,Present,0,
ATT-STU2026076-2026-09-10,STU2026076,ALG1-B,2026-09-10,Present,0,
ATT-STU2026076-2026-09-11,STU2026076,ALG1-B,2026-09-11,Present,0,
ATT-STU2026076-2026-09-14,STU2026076,ALG1-B,2026-09-14,Present,0,
ATT-STU2026076-2026-09-15,STU2026076,ALG1-B,2026-09-15,Present,0,
ATT-STU2026076-2026-09-16,STU2026076,ALG1-B,2026-09-16,Present,0,
ATT-STU2026076-2026-09-17,STU2026076,ALG1-B,2026-09-17,Present,0,
ATT-STU2026076-2026-09-18,STU2026076,ALG1-B,2026-09-18,Present,0,
ATT-STU2026076-2026-09-21,STU2026076,ALG1-B,2026-09-21,Present,0,
ATT-STU2026076-2026-09-22,STU2026076,ALG1-B,2026-09-22,Present,0,
ATT-STU2026076-2026-09-23,STU2026076,ALG1-B,2026-09-23,Present,0,
ATT-STU2026076-2026-09-24,STU2026076,ALG1-B,2026-09-24,Present,0,
ATT-STU2026076-2026-09-25,STU2026076,ALG1-B,2026-09-25,Tardy,15,
ATT-STU2026076-2026-09-28,STU2026076,ALG1-B,2026-09-28,Present,0,
ATT-STU2026076-2026-09-29,STU2026076,ALG1-B,2026-09-29,Present,0,
ATT-STU2026076-2026-09-30,STU2026076,ALG1-B,2026-09-30,Present,0,
ATT-STU2026076-2026-10-01,STU2026076,ALG1-B,2026-10-01,Present,0,
ATT-STU2026076-2026-10-02,STU2026076,ALG1-B,2026-10-02,Present,0,
ATT-STU2026076-2026-10-05,STU2026076,ALG1-B,2026-10-05,Present,0,
ATT-STU2026076-2026-10-06,STU2026076,ALG1-B,2026-10-06,Present,0,
ATT-STU2026076-2026-10-07,STU2026076,ALG1-B,2026-10-07,Present,0,
ATT-STU2026076-2026-10-08,STU2026076,ALG1-B,2026-10-08,Present,0,
ATT-STU2026076-2026-10-09,STU2026076,ALG1-B,2026-10-09,Present,0,
ATT-STU2026076-2026-10-12,STU2026076,ALG1-B,2026-10-12,Present,0,
ATT-STU2026076-2026-10-13,STU2026076,ALG1-B,2026-10-13,Present,0,
ATT-STU2026076-2026-10-14,STU2026076,ALG1-B,2026-10-14,Present,0,
ATT-STU2026076-2026-10-15,STU2026076,ALG1-B,2026-10-15,Present,0,
ATT-STU2026076-2026-10-16,STU2026076,ALG1-B,2026-10-16,Present,0,
ATT-STU2026076-2026-10-19,STU2026076,ALG1-B,2026-10-19,Present,0,
ATT-STU2026076-2026-10-20,STU2026076,ALG1-B,2026-10-20,Present,0,
ATT-STU2026076-2026-10-21,STU2026076,ALG1-B,2026-10-21,Present,0,
ATT-STU2026076-2026-10-22,STU2026076,ALG1-B,2026-10-22,Present,0,
ATT-STU2026076-2026-10-23,STU2026076,ALG1-B,2026-10-23,Present,0,
ATT-STU2026076-2026-10-26,STU2026076,ALG1-B,2026-10-26,Present,0,
ATT-STU2026076-2026-10-27,STU2026076,ALG1-B,2026-10-27,Present,0,
ATT-STU2026076-2026-10-28,STU2026076,ALG1-B,2026-10-28,Present,0,
ATT-STU2026076-2026-10-29,STU2026076,ALG1-B,2026-10-29,Present,0,
ATT-STU2026076-2026-10-30,STU2026076,ALG1-B,2026-10-30,Present,0,
ATT-STU2026076-2026-11-02,STU2026076,ALG1-B,2026-11-02,Present,0,
ATT-STU2026076-2026-11-03,STU2026076,ALG1-B,2026-11-03,Present,0,
ATT-STU2026076-2026-11-04,STU2026076,ALG1-B,2026-11-04,Present,0,
ATT-STU2026076-2026-11-05,STU2026076,ALG1-B,2026-11-05,Present,0,
ATT-STU2026076-2026-11-06,STU2026076,ALG1-B,2026-11-06,Present,0,
ATT-STU2026076-2026-11-09,STU2026076,ALG1-B,2026-11-09,Present,0,
ATT-STU2026077-2026-09-08,STU2026077,ALG1-B,2026-09-08,Present,0,
ATT-STU2026077-2026-09-09,STU2026077,ALG1-B,2026-09-09,Present,0,
ATT-STU2026077-2026-09-10,STU2026077,ALG1-B,2026-09-10,Present,0,
ATT-STU2026077-2026-09-11,STU2026077,ALG1-B,2026-09-11,Present,0,
ATT-STU2026077-2026-09-14,STU2026077,ALG1-B,2026-09-14,Present,0,
ATT-STU2026077-2026-09-15,STU2026077,ALG1-B,2026-09-15,Present,0,
ATT-STU2026077-2026-09-16,STU2026077,ALG1-B,2026-09-16,Present,0,
ATT-STU2026077-2026-09-17,STU2026077,ALG1-B,2026-09-17,Present,0,
ATT-STU2026077-2026-09-18,STU2026077,ALG1-B,2026-09-18,Tardy,15,
ATT-STU2026077-2026-09-21,STU2026077,ALG1-B,2026-09-21,Present,0,
ATT-STU2026077-2026-09-22,STU2026077,ALG1-B,2026-09-22,Present,0,
ATT-STU2026077-2026-09-23,STU2026077,ALG1-B,2026-09-23,Present,0,
ATT-STU2026077-2026-09-24,STU2026077,ALG1-B,2026-09-24,Present,0,
ATT-STU2026077-2026-09-25,STU2026077,ALG1-B,2026-09-25,Present,0,
ATT-STU2026077-2026-09-28,STU2026077,ALG1-B,2026-09-28,Present,0,
ATT-STU2026077-2026-09-29,STU2026077,ALG1-B,2026-09-29,Present,0,
ATT-STU2026077-2026-09-30,STU2026077,ALG1-B,2026-09-30,Present,0,
ATT-STU2026077-2026-10-01,STU2026077,ALG1-B,2026-10-01,Present,0,
ATT-STU2026077-2026-10-02,STU2026077,ALG1-B,2026-10-02,Tardy,5,
ATT-STU2026077-2026-10-05,STU2026077,ALG1-B,2026-10-05,Present,0,
ATT-STU2026077-2026-10-06,STU2026077,ALG1-B,2026-10-06,Present,0,
ATT-STU2026077-2026-10-07,STU2026077,ALG1-B,2026-10-07,Present,0,
ATT-STU2026077-2026-10-08,STU2026077,ALG1-B,2026-10-08,Present,0,
ATT-STU2026077-2026-10-09,STU2026077,ALG1-B,2026-10-09,Present,0,
ATT-STU2026077-2026-10-12,STU2026077,ALG1-B,2026-10-12,Present,0,
ATT-STU2026077-2026-10-13,STU2026077,ALG1-B,2026-10-13,Present,0,
ATT-STU2026077-2026-10-14,STU2026077,ALG1-B,2026-10-14,Present,0,
ATT-STU2026077-2026-10-15,STU2026077,ALG1-B,2026-10-15,Present,0,
ATT-STU2026077-2026-10-16,STU2026077,ALG1-B,2026-10-16,Present,0,
ATT-STU2026077-2026-10-19,STU2026077,ALG1-B,2026-10-19,Present,0,
ATT-STU2026077-2026-10-20,STU2026077,ALG1-B,2026-10-20,Present,0,
ATT-STU2026077-2026-10-21,STU2026077,ALG1-B,2026-10-21,Present,0,
ATT-STU2026077-2026-10-22,STU2026077,ALG1-B,2026-10-22,Present,0,
ATT-STU2026077-2026-10-23,STU2026077,ALG1-B,2026-10-23,Absent,0,No
ATT-STU2026077-2026-10-26,STU2026077,ALG1-B,2026-10-26,Present,0,
ATT-STU2026077-2026-10-27,STU2026077,ALG1-B,2026-10-27,Present,0,
ATT-STU2026077-2026-10-28,STU2026077,ALG1-B,2026-10-28,Present,0,
ATT-STU2026077-2026-10-29,STU2026077,ALG1-B,2026-10-29,Present,0,
ATT-STU2026077-2026-10-30,STU2026077,ALG1-B,2026-10-30,Present,0,
ATT-STU2026077-2026-11-02,STU2026077,ALG1-B,2026-11-02,Present,0,
ATT-STU2026077-2026-11-03,STU2026077,ALG1-B,2026-11-03,Present,0,
ATT-STU2026077-2026-11-04,STU2026077,ALG1-B,2026-11-04,Present,0,
ATT-STU2026077-2026-11-05,STU2026077,ALG1-B,2026-11-05,Present,0,
ATT-STU2026077-2026-11-06,STU2026077,ALG1-B,2026-11-06,Present,0,
ATT-STU2026077-2026-11-09,STU2026077,ALG1-B,2026-11-09,Present,0,
ATT-STU2026078-2026-09-08,STU2026078,ALG1-B,2026-09-08,Present,0,
ATT-STU2026078-2026-09-09,STU2026078,ALG1-B,2026-09-09,Present,0,
ATT-STU2026078-2026-09-10,STU2026078,ALG1-B,2026-09-10,Present,0,
ATT-STU2026078-2026-09-11,STU2026078,ALG1-B,2026-09-11,Present,0,
ATT-STU2026078-2026-09-14,STU2026078,ALG1-B,2026-09-14,Present,0,
ATT-STU2026078-2026-09-15,STU2026078,ALG1-B,2026-09-15,Present,0,
ATT-STU2026078-2026-09-16,STU2026078,ALG1-B,2026-09-16,Present,0,
ATT-STU2026078-2026-09-17,STU2026078,ALG1-B,2026-09-17,Present,0,
ATT-STU2026078-2026-09-18,STU2026078,ALG1-B,2026-09-18,Present,0,
ATT-STU2026078-2026-09-21,STU2026078,ALG1-B,2026-09-21,Present,0,
ATT-STU2026078-2026-09-22,STU2026078,ALG1-B,2026-09-22,Present,0,
ATT-STU2026078-2026-09-23,STU2026078,ALG1-B,2026-09-23,Present,0,
ATT-STU2026078-2026-09-24,STU2026078,ALG1-B,2026-09-24,Present,0,
ATT-STU2026078-2026-09-25,STU2026078,ALG1-B,2026-09-25,Present,0,
ATT-STU2026078-2026-09-28,STU2026078,ALG1-B,2026-09-28,Present,0,
ATT-STU2026078-2026-09-29,STU2026078,ALG1-B,2026-09-29,Absent,0,No
ATT-STU2026078-2026-09-30,STU2026078,ALG1-B,2026-09-30,Present,0,
ATT-STU2026078-2026-10-01,STU2026078,ALG1-B,2026-10-01,Absent,0,Yes
ATT-STU2026078-2026-10-02,STU2026078,ALG1-B,2026-10-02,Absent,0,Yes
ATT-STU2026078-2026-10-05,STU2026078,ALG1-B,2026-10-05,Present,0,
ATT-STU2026078-2026-10-06,STU2026078,ALG1-B,2026-10-06,Present,0,
ATT-STU2026078-2026-10-07,STU2026078,ALG1-B,2026-10-07,Present,0,
ATT-STU2026078-2026-10-08,STU2026078,ALG1-B,2026-10-08,Present,0,
ATT-STU2026078-2026-10-09,STU2026078,ALG1-B,2026-10-09,Present,0,
ATT-STU2026078-2026-10-12,STU2026078,ALG1-B,2026-10-12,Absent,0,Yes
ATT-STU2026078-2026-10-13,STU2026078,ALG1-B,2026-10-13,Present,0,
ATT-STU2026078-2026-10-14,STU2026078,ALG1-B,2026-10-14,Present,0,
ATT-STU2026078-2026-10-15,STU2026078,ALG1-B,2026-10-15,Present,0,
ATT-STU2026078-2026-10-16,STU2026078,ALG1-B,2026-10-16,Absent,0,No
ATT-STU2026078-2026-10-19,STU2026078,ALG1-B,2026-10-19,Present,0,
ATT-STU2026078-2026-10-20,STU2026078,ALG1-B,2026-10-20,Present,0,
ATT-STU2026078-2026-10-21,STU2026078,ALG1-B,2026-10-21,Present,0,
ATT-STU2026078-2026-10-22,STU2026078,ALG1-B,2026-10-22,Present,0,
ATT-STU2026078-2026-10-23,STU2026078,ALG1-B,2026-10-23,Absent,0,No
ATT-STU2026078-2026-10-26,STU2026078,ALG1-B,2026-10-26,Present,0,
ATT-STU2026078-2026-10-27,STU2026078,ALG1-B,2026-10-27,Present,0,
ATT-STU2026078-2026-10-28,STU2026078,ALG1-B,2026-10-28,Present,0,
ATT-STU2026078-2026-10-29,STU2026078,ALG1-B,2026-10-29,Present,0,
ATT-STU2026078-2026-10-30,STU2026078,ALG1-B,2026-10-30,Present,0,
ATT-STU2026078-2026-11-02,STU2026078,ALG1-B,2026-11-02,Present,0,
ATT-STU2026078-2026-11-03,STU2026078,ALG1-B,2026-11-03,Present,0,
ATT-STU2026078-2026-11-04,STU2026078,ALG1-B,2026-11-04,Absent,0,No
ATT-STU2026078-2026-11-05,STU2026078,ALG1-B,2026-11-05,Present,0,
ATT-STU2026078-2026-11-06,STU2026078,ALG1-B,2026-11-06,Present,0,
ATT-STU2026078-2026-11-09,STU2026078,ALG1-B,2026-11-09,Present,0,
ATT-STU2026079-2026-09-08,STU2026079,ALG1-B,2026-09-08,Present,0,
ATT-STU2026079-2026-09-09,STU2026079,ALG1-B,2026-09-09,Absent,0,Yes
ATT-STU2026079-2026-09-10,STU2026079,ALG1-B,2026-09-10,Present,0,
ATT-STU2026079-2026-09-11,STU2026079,ALG1-B,2026-09-11,Present,0,
ATT-STU2026079-2026-09-14,STU2026079,ALG1-B,2026-09-14,Absent,0,No
ATT-STU2026079-2026-09-15,STU2026079,ALG1-B,2026-09-15,Present,0,
ATT-STU2026079-2026-09-16,STU2026079,ALG1-B,2026-09-16,Present,0,
ATT-STU2026079-2026-09-17,STU2026079,ALG1-B,2026-09-17,Present,0,
ATT-STU2026079-2026-09-18,STU2026079,ALG1-B,2026-09-18,Present,0,
ATT-STU2026079-2026-09-21,STU2026079,ALG1-B,2026-09-21,Present,0,
ATT-STU2026079-2026-09-22,STU2026079,ALG1-B,2026-09-22,Present,0,
ATT-STU2026079-2026-09-23,STU2026079,ALG1-B,2026-09-23,Present,0,
ATT-STU2026079-2026-09-24,STU2026079,ALG1-B,2026-09-24,Present,0,
ATT-STU2026079-2026-09-25,STU2026079,ALG1-B,2026-09-25,Present,0,
ATT-STU2026079-2026-09-28,STU2026079,ALG1-B,2026-09-28,Present,0,
ATT-STU2026079-2026-09-29,STU2026079,ALG1-B,2026-09-29,Present,0,
ATT-STU2026079-2026-09-30,STU2026079,ALG1-B,2026-09-30,Present,0,
ATT-STU2026079-2026-10-01,STU2026079,ALG1-B,2026-10-01,Present,0,
ATT-STU2026079-2026-10-02,STU2026079,ALG1-B,2026-10-02,Present,0,
ATT-STU2026079-2026-10-05,STU2026079,ALG1-B,2026-10-05,Present,0,
ATT-STU2026079-2026-10-06,STU2026079,ALG1-B,2026-10-06,Present,0,
ATT-STU2026079-2026-10-07,STU2026079,ALG1-B,2026-10-07,Present,0,
ATT-STU2026079-2026-10-08,STU2026079,ALG1-B,2026-10-08,Present,0,
ATT-STU2026079-2026-10-09,STU2026079,ALG1-B,2026-10-09,Present,0,
ATT-STU2026079-2026-10-12,STU2026079,ALG1-B,2026-10-12,Present,0,
ATT-STU2026079-2026-10-13,STU2026079,ALG1-B,2026-10-13,Present,0,
ATT-STU2026079-2026-10-14,STU2026079,ALG1-B,2026-10-14,Present,0,
ATT-STU2026079-2026-10-15,STU2026079,ALG1-B,2026-10-15,Present,0,
ATT-STU2026079-2026-10-16,STU2026079,ALG1-B,2026-10-16,Present,0,
ATT-STU2026079-2026-10-19,STU2026079,ALG1-B,2026-10-19,Present,0,
ATT-STU2026079-2026-10-20,STU2026079,ALG1-B,2026-10-20,Present,0,
ATT-STU2026079-2026-10-21,STU2026079,ALG1-B,2026-10-21,Present,0,
ATT-STU2026079-2026-10-22,STU2026079,ALG1-B,2026-10-22,Present,0,
ATT-STU2026079-2026-10-23,STU2026079,ALG1-B,2026-10-23,Present,0,
ATT-STU2026079-2026-10-26,STU2026079,ALG1-B,2026-10-26,Present,0,
ATT-STU2026079-2026-10-27,STU2026079,ALG1-B,2026-10-27,Present,0,
ATT-STU2026079-2026-10-28,STU2026079,ALG1-B,2026-10-28,Present,0,
ATT-STU2026079-2026-10-29,STU2026079,ALG1-B,2026-10-29,Present,0,
ATT-STU2026079-2026-10-30,STU2026079,ALG1-B,2026-10-30,Present,0,
ATT-STU2026079-2026-11-02,STU2026079,ALG1-B,2026-11-02,Absent,0,Yes
ATT-STU2026079-2026-11-03,STU2026079,ALG1-B,2026-11-03,Present,0,
ATT-STU2026079-2026-11-04,STU2026079,ALG1-B,2026-11-04,Present,0,
ATT-STU2026079-2026-11-05,STU2026079,ALG1-B,2026-11-05,Present,0,
ATT-STU2026079-2026-11-06,STU2026079,ALG1-B,2026-11-06,Present,0,
ATT-STU2026079-2026-11-09,STU2026079,ALG1-B,2026-11-09,Present,0,
ATT-STU2026080-2026-09-08,STU2026080,ALG1-B,2026-09-08,Present,0,
ATT-STU2026080-2026-09-09,STU2026080,ALG1-B,2026-09-09,Present,0,
ATT-STU2026080-2026-09-10,STU2026080,ALG1-B,2026-09-10,Present,0,
ATT-STU2026080-2026-09-11,STU2026080,ALG1-B,2026-09-11,Present,0,
ATT-STU2026080-2026-09-14,STU2026080,ALG1-B,2026-09-14,Present,0,
ATT-STU2026080-2026-09-15,STU2026080,ALG1-B,2026-09-15,Present,0,
ATT-STU2026080-2026-09-16,STU2026080,ALG1-B,2026-09-16,Present,0,
ATT-STU2026080-2026-09-17,STU2026080,ALG1-B,2026-09-17,Present,0,
ATT-STU2026080-2026-09-18,STU2026080,ALG1-B,2026-09-18,Present,0,
ATT-STU2026080-2026-09-21,STU2026080,ALG1-B,2026-09-21,Present,0,
ATT-STU2026080-2026-09-22,STU2026080,ALG1-B,2026-09-22,Present,0,
ATT-STU2026080-2026-09-23,STU2026080,ALG1-B,2026-09-23,Present,0,
ATT-STU2026080-2026-09-24,STU2026080,ALG1-B,2026-09-24,Present,0,
ATT-STU2026080-2026-09-25,STU2026080,ALG1-B,2026-09-25,Present,0,
ATT-STU2026080-2026-09-28,STU2026080,ALG1-B,2026-09-28,Present,0,
ATT-STU2026080-2026-09-29,STU2026080,ALG1-B,2026-09-29,Present,0,
ATT-STU2026080-2026-09-30,STU2026080,ALG1-B,2026-09-30,Present,0,
ATT-STU2026080-2026-10-01,STU2026080,ALG1-B,2026-10-01,Present,0,
ATT-STU2026080-2026-10-02,STU2026080,ALG1-B,2026-10-02,Present,0,
ATT-STU2026080-2026-10-05,STU2026080,ALG1-B,2026-10-05,Present,0,
ATT-STU2026080-2026-10-06,STU2026080,ALG1-B,2026-10-06,Present,0,
ATT-STU2026080-2026-10-07,STU2026080,ALG1-B,2026-10-07,Absent,0,Yes
ATT-STU2026080-2026-10-08,STU2026080,ALG1-B,2026-10-08,Absent,0,Yes
ATT-STU2026080-2026-10-09,STU2026080,ALG1-B,2026-10-09,Present,0,
ATT-STU2026080-2026-10-12,STU2026080,ALG1-B,2026-10-12,Present,0,
ATT-STU2026080-2026-10-13,STU2026080,ALG1-B,2026-10-13,Present,0,
ATT-STU2026080-2026-10-14,STU2026080,ALG1-B,2026-10-14,Absent,0,No
ATT-STU2026080-2026-10-15,STU2026080,ALG1-B,2026-10-15,Present,0,
ATT-STU2026080-2026-10-16,STU2026080,ALG1-B,2026-10-16,Present,0,
ATT-STU2026080-2026-10-19,STU2026080,ALG1-B,2026-10-19,Present,0,
ATT-STU2026080-2026-10-20,STU2026080,ALG1-B,2026-10-20,Present,0,
ATT-STU2026080-2026-10-21,STU2026080,ALG1-B,2026-10-21,Present,0,
ATT-STU2026080-2026-10-22,STU2026080,ALG1-B,2026-10-22,Present,0,
ATT-STU2026080-2026-10-23,STU2026080,ALG1-B,2026-10-23,Tardy,7,
ATT-STU2026080-2026-10-26,STU2026080,ALG1-B,2026-10-26,Absent,0,Yes
ATT-STU2026080-2026-10-27,STU2026080,ALG1-B,2026-10-27,Present,0,
ATT-STU2026080-2026-10-28,STU2026080,ALG1-B,2026-10-28,Present,0,
ATT-STU2026080-2026-10-29,STU2026080,ALG1-B,2026-10-29,Present,0,
ATT-STU2026080-2026-10-30,STU2026080,ALG1-B,2026-10-30,Absent,0,No
ATT-STU2026080-2026-11-02,STU2026080,ALG1-B,2026-11-02,Present,0,
ATT-STU2026080-2026-11-03,STU2026080,ALG1-B,2026-11-03,Present,0,
ATT-STU2026080-2026-11-04,STU2026080,ALG1-B,2026-11-04,Present,0,
ATT-STU2026080-2026-11-05,STU2026080,ALG1-B,2026-11-05,Present,0,
ATT-STU2026080-2026-11-06,STU2026080,ALG1-B,2026-11-06,Present,0,
ATT-STU2026080-2026-11-09,STU2026080,ALG1-B,2026-11-09,Present,0,
ATT-STU2026081-2026-09-08,STU2026081,ALG1-C,2026-09-08,Present,0,
ATT-STU2026081-2026-09-09,STU2026081,ALG1-C,2026-09-09,Absent,0,Yes
ATT-STU2026081-2026-09-10,STU2026081,ALG1-C,2026-09-10,Absent,0,Yes
ATT-STU2026081-2026-09-11,STU2026081,ALG1-C,2026-09-11,Present,0,
ATT-STU2026081-2026-09-14,STU2026081,ALG1-C,2026-09-14,Present,0,
ATT-STU2026081-2026-09-15,STU2026081,ALG1-C,2026-09-15,Absent,0,Yes
ATT-STU2026081-2026-09-16,STU2026081,ALG1-C,2026-09-16,Present,0,
ATT-STU2026081-2026-09-17,STU2026081,ALG1-C,2026-09-17,Present,0,
ATT-STU2026081-2026-09-18,STU2026081,ALG1-C,2026-09-18,Present,0,
ATT-STU2026081-2026-09-21,STU2026081,ALG1-C,2026-09-21,Present,0,
ATT-STU2026081-2026-09-22,STU2026081,ALG1-C,2026-09-22,Present,0,
ATT-STU2026081-2026-09-23,STU2026081,ALG1-C,2026-09-23,Absent,0,No
ATT-STU2026081-2026-09-24,STU2026081,ALG1-C,2026-09-24,Present,0,
ATT-STU2026081-2026-09-25,STU2026081,ALG1-C,2026-09-25,Present,0,
ATT-STU2026081-2026-09-28,STU2026081,ALG1-C,2026-09-28,Absent,0,No
ATT-STU2026081-2026-09-29,STU2026081,ALG1-C,2026-09-29,Present,0,
ATT-STU2026081-2026-09-30,STU2026081,ALG1-C,2026-09-30,Present,0,
ATT-STU2026081-2026-10-01,STU2026081,ALG1-C,2026-10-01,Present,0,
ATT-STU2026081-2026-10-02,STU2026081,ALG1-C,2026-10-02,Present,0,
ATT-STU2026081-2026-10-05,STU2026081,ALG1-C,2026-10-05,Present,0,
ATT-STU2026081-2026-10-06,STU2026081,ALG1-C,2026-10-06,Present,0,
ATT-STU2026081-2026-10-07,STU2026081,ALG1-C,2026-10-07,Absent,0,Yes
ATT-STU2026081-2026-10-08,STU2026081,ALG1-C,2026-10-08,Present,0,
ATT-STU2026081-2026-10-09,STU2026081,ALG1-C,2026-10-09,Present,0,
ATT-STU2026081-2026-10-12,STU2026081,ALG1-C,2026-10-12,Absent,0,No
ATT-STU2026081-2026-10-13,STU2026081,ALG1-C,2026-10-13,Tardy,10,
ATT-STU2026081-2026-10-14,STU2026081,ALG1-C,2026-10-14,Tardy,10,
ATT-STU2026081-2026-10-15,STU2026081,ALG1-C,2026-10-15,Present,0,
ATT-STU2026081-2026-10-16,STU2026081,ALG1-C,2026-10-16,Present,0,
ATT-STU2026081-2026-10-19,STU2026081,ALG1-C,2026-10-19,Present,0,
ATT-STU2026081-2026-10-20,STU2026081,ALG1-C,2026-10-20,Present,0,
ATT-STU2026081-2026-10-21,STU2026081,ALG1-C,2026-10-21,Present,0,
ATT-STU2026081-2026-10-22,STU2026081,ALG1-C,2026-10-22,Absent,0,Yes
ATT-STU2026081-2026-10-23,STU2026081,ALG1-C,2026-10-23,Present,0,
ATT-STU2026081-2026-10-26,STU2026081,ALG1-C,2026-10-26,Present,0,
ATT-STU2026081-2026-10-27,STU2026081,ALG1-C,2026-10-27,Present,0,
ATT-STU2026081-2026-10-28,STU2026081,ALG1-C,2026-10-28,Present,0,
ATT-STU2026081-2026-10-29,STU2026081,ALG1-C,2026-10-29,Absent,0,No
ATT-STU2026081-2026-10-30,STU2026081,ALG1-C,2026-10-30,Present,0,
ATT-STU2026081-2026-11-02,STU2026081,ALG1-C,2026-11-02,Present,0,
ATT-STU2026081-2026-11-03,STU2026081,ALG1-C,2026-11-03,Present,0,
ATT-STU2026081-2026-11-04,STU2026081,ALG1-C,2026-11-04,Absent,0,Yes
ATT-STU2026081-2026-11-05,STU2026081,ALG1-C,2026-11-05,Present,0,
ATT-STU2026081-2026-11-06,STU2026081,ALG1-C,2026-11-06,Absent,0,No
ATT-STU2026081-2026-11-09,STU2026081,ALG1-C,2026-11-09,Present,0,
ATT-STU2026082-2026-09-08,STU2026082,ALG1-C,2026-09-08,Present,0,
ATT-STU2026082-2026-09-09,STU2026082,ALG1-C,2026-09-09,Present,0,
ATT-STU2026082-2026-09-10,STU2026082,ALG1-C,2026-09-10,Present,0,
ATT-STU2026082-2026-09-11,STU2026082,ALG1-C,2026-09-11,Present,0,
ATT-STU2026082-2026-09-14,STU2026082,ALG1-C,2026-09-14,Present,0,
ATT-STU2026082-2026-09-15,STU2026082,ALG1-C,2026-09-15,Present,0,
ATT-STU2026082-2026-09-16,STU2026082,ALG1-C,2026-09-16,Absent,0,No
ATT-STU2026082-2026-09-17,STU2026082,ALG1-C,2026-09-17,Present,0,
ATT-STU2026082-2026-09-18,STU2026082,ALG1-C,2026-09-18,Present,0,
ATT-STU2026082-2026-09-21,STU2026082,ALG1-C,2026-09-21,Present,0,
ATT-STU2026082-2026-09-22,STU2026082,ALG1-C,2026-09-22,Present,0,
ATT-STU2026082-2026-09-23,STU2026082,ALG1-C,2026-09-23,Present,0,
ATT-STU2026082-2026-09-24,STU2026082,ALG1-C,2026-09-24,Present,0,
ATT-STU2026082-2026-09-25,STU2026082,ALG1-C,2026-09-25,Tardy,5,
ATT-STU2026082-2026-09-28,STU2026082,ALG1-C,2026-09-28,Present,0,
ATT-STU2026082-2026-09-29,STU2026082,ALG1-C,2026-09-29,Present,0,
ATT-STU2026082-2026-09-30,STU2026082,ALG1-C,2026-09-30,Present,0,
ATT-STU2026082-2026-10-01,STU2026082,ALG1-C,2026-10-01,Present,0,
ATT-STU2026082-2026-10-02,STU2026082,ALG1-C,2026-10-02,Present,0,
ATT-STU2026082-2026-10-05,STU2026082,ALG1-C,2026-10-05,Present,0,
ATT-STU2026082-2026-10-06,STU2026082,ALG1-C,2026-10-06,Present,0,
ATT-STU2026082-2026-10-07,STU2026082,ALG1-C,2026-10-07,Present,0,
ATT-STU2026082-2026-10-08,STU2026082,ALG1-C,2026-10-08,Present,0,
ATT-STU2026082-2026-10-09,STU2026082,ALG1-C,2026-10-09,Present,0,
ATT-STU2026082-2026-10-12,STU2026082,ALG1-C,2026-10-12,Present,0,
ATT-STU2026082-2026-10-13,STU2026082,ALG1-C,2026-10-13,Present,0,
ATT-STU2026082-2026-10-14,STU2026082,ALG1-C,2026-10-14,Absent,0,No
ATT-STU2026082-2026-10-15,STU2026082,ALG1-C,2026-10-15,Present,0,
ATT-STU2026082-2026-10-16,STU2026082,ALG1-C,2026-10-16,Present,0,
ATT-STU2026082-2026-10-19,STU2026082,ALG1-C,2026-10-19,Present,0,
ATT-STU2026082-2026-10-20,STU2026082,ALG1-C,2026-10-20,Present,0,
ATT-STU2026082-2026-10-21,STU2026082,ALG1-C,2026-10-21,Tardy,10,
ATT-STU2026082-2026-10-22,STU2026082,ALG1-C,2026-10-22,Present,0,
ATT-STU2026082-2026-10-23,STU2026082,ALG1-C,2026-10-23,Present,0,
ATT-STU2026082-2026-10-26,STU2026082,ALG1-C,2026-10-26,Present,0,
ATT-STU2026082-2026-10-27,STU2026082,ALG1-C,2026-10-27,Present,0,
ATT-STU2026082-2026-10-28,STU2026082,ALG1-C,2026-10-28,Present,0,
ATT-STU2026082-2026-10-29,STU2026082,ALG1-C,2026-10-29,Present,0,
ATT-STU2026082-2026-10-30,STU2026082,ALG1-C,2026-10-30,Present,0,
ATT-STU2026082-2026-11-02,STU2026082,ALG1-C,2026-11-02,Present,0,
ATT-STU2026082-2026-11-03,STU2026082,ALG1-C,2026-11-03,Present,0,
ATT-STU2026082-2026-11-04,STU2026082,ALG1-C,2026-11-04,Present,0,
ATT-STU2026082-2026-11-05,STU2026082,ALG1-C,2026-11-05,Present,0,
ATT-STU2026082-2026-11-06,STU2026082,ALG1-C,2026-11-06,Present,0,
ATT-STU2026082-2026-11-09,STU2026082,ALG1-C,2026-11-09,Present,0,
ATT-STU2026083-2026-09-08,STU2026083,ALG1-C,2026-09-08,Absent,0,Yes
ATT-STU2026083-2026-09-09,STU2026083,ALG1-C,2026-09-09,Present,0,
ATT-STU2026083-2026-09-10,STU2026083,ALG1-C,2026-09-10,Present,0,
ATT-STU2026083-2026-09-11,STU2026083,ALG1-C,2026-09-11,Present,0,
ATT-STU2026083-2026-09-14,STU2026083,ALG1-C,2026-09-14,Present,0,
ATT-STU2026083-2026-09-15,STU2026083,ALG1-C,2026-09-15,Present,0,
ATT-STU2026083-2026-09-16,STU2026083,ALG1-C,2026-09-16,Present,0,
ATT-STU2026083-2026-09-17,STU2026083,ALG1-C,2026-09-17,Present,0,
ATT-STU2026083-2026-09-18,STU2026083,ALG1-C,2026-09-18,Present,0,
ATT-STU2026083-2026-09-21,STU2026083,ALG1-C,2026-09-21,Present,0,
ATT-STU2026083-2026-09-22,STU2026083,ALG1-C,2026-09-22,Present,0,
ATT-STU2026083-2026-09-23,STU2026083,ALG1-C,2026-09-23,Present,0,
ATT-STU2026083-2026-09-24,STU2026083,ALG1-C,2026-09-24,Present,0,
ATT-STU2026083-2026-09-25,STU2026083,ALG1-C,2026-09-25,Absent,0,Yes
ATT-STU2026083-2026-09-28,STU2026083,ALG1-C,2026-09-28,Present,0,
ATT-STU2026083-2026-09-29,STU2026083,ALG1-C,2026-09-29,Present,0,
ATT-STU2026083-2026-09-30,STU2026083,ALG1-C,2026-09-30,Present,0,
ATT-STU2026083-2026-10-01,STU2026083,ALG1-C,2026-10-01,Present,0,
ATT-STU2026083-2026-10-02,STU2026083,ALG1-C,2026-10-02,Present,0,
ATT-STU2026083-2026-10-05,STU2026083,ALG1-C,2026-10-05,Present,0,
ATT-STU2026083-2026-10-06,STU2026083,ALG1-C,2026-10-06,Absent,0,Yes
ATT-STU2026083-2026-10-07,STU2026083,ALG1-C,2026-10-07,Present,0,
ATT-STU2026083-2026-10-08,STU2026083,ALG1-C,2026-10-08,Absent,0,Yes
ATT-STU2026083-2026-10-09,STU2026083,ALG1-C,2026-10-09,Present,0,
ATT-STU2026083-2026-10-12,STU2026083,ALG1-C,2026-10-12,Present,0,
ATT-STU2026083-2026-10-13,STU2026083,ALG1-C,2026-10-13,Present,0,
ATT-STU2026083-2026-10-14,STU2026083,ALG1-C,2026-10-14,Present,0,
ATT-STU2026083-2026-10-15,STU2026083,ALG1-C,2026-10-15,Present,0,
ATT-STU2026083-2026-10-16,STU2026083,ALG1-C,2026-10-16,Present,0,
ATT-STU2026083-2026-10-19,STU2026083,ALG1-C,2026-10-19,Absent,0,Yes
ATT-STU2026083-2026-10-20,STU2026083,ALG1-C,2026-10-20,Present,0,
ATT-STU2026083-2026-10-21,STU2026083,ALG1-C,2026-10-21,Present,0,
ATT-STU2026083-2026-10-22,STU2026083,ALG1-C,2026-10-22,Present,0,
ATT-STU2026083-2026-10-23,STU2026083,ALG1-C,2026-10-23,Present,0,
ATT-STU2026083-2026-10-26,STU2026083,ALG1-C,2026-10-26,Present,0,
ATT-STU2026083-2026-10-27,STU2026083,ALG1-C,2026-10-27,Present,0,
ATT-STU2026083-2026-10-28,STU2026083,ALG1-C,2026-10-28,Present,0,
ATT-STU2026083-2026-10-29,STU2026083,ALG1-C,2026-10-29,Present,0,
ATT-STU2026083-2026-10-30,STU2026083,ALG1-C,2026-10-30,Present,0,
ATT-STU2026083-2026-11-02,STU2026083,ALG1-C,2026-11-02,Present,0,
ATT-STU2026083-2026-11-03,STU2026083,ALG1-C,2026-11-03,Present,0,
ATT-STU2026083-2026-11-04,STU2026083,ALG1-C,2026-11-04,Present,0,
ATT-STU2026083-2026-11-05,STU2026083,ALG1-C,2026-11-05,Present,0,
ATT-STU2026083-2026-11-06,STU2026083,ALG1-C,2026-11-06,Present,0,
ATT-STU2026083-2026-11-09,STU2026083,ALG1-C,2026-11-09,Present,0,
ATT-STU2026084-2026-09-08,STU2026084,ALG1-C,2026-09-08,Present,0,
ATT-STU2026084-2026-09-09,STU2026084,ALG1-C,2026-09-09,Present,0,
ATT-STU2026084-2026-09-10,STU2026084,ALG1-C,2026-09-10,Present,0,
ATT-STU2026084-2026-09-11,STU2026084,ALG1-C,2026-09-11,Present,0,
ATT-STU2026084-2026-09-14,STU2026084,ALG1-C,2026-09-14,Present,0,
ATT-STU2026084-2026-09-15,STU2026084,ALG1-C,2026-09-15,Present,0,
ATT-STU2026084-2026-09-16,STU2026084,ALG1-C,2026-09-16,Present,0,
ATT-STU2026084-2026-09-17,STU2026084,ALG1-C,2026-09-17,Present,0,
ATT-STU2026084-2026-09-18,STU2026084,ALG1-C,2026-09-18,Present,0,
ATT-STU2026084-2026-09-21,STU2026084,ALG1-C,2026-09-21,Present,0,
ATT-STU2026084-2026-09-22,STU2026084,ALG1-C,2026-09-22,Present,0,
ATT-STU2026084-2026-09-23,STU2026084,ALG1-C,2026-09-23,Present,0,
ATT-STU2026084-2026-09-24,STU2026084,ALG1-C,2026-09-24,Present,0,
ATT-STU2026084-2026-09-25,STU2026084,ALG1-C,2026-09-25,Present,0,
ATT-STU2026084-2026-09-28,STU2026084,ALG1-C,2026-09-28,Present,0,
ATT-STU2026084-2026-09-29,STU2026084,ALG1-C,2026-09-29,Present,0,
ATT-STU2026084-2026-09-30,STU2026084,ALG1-C,2026-09-30,Present,0,
ATT-STU2026084-2026-10-01,STU2026084,ALG1-C,2026-10-01,Present,0,
ATT-STU2026084-2026-10-02,STU2026084,ALG1-C,2026-10-02,Present,0,
ATT-STU2026084-2026-10-05,STU2026084,ALG1-C,2026-10-05,Present,0,
ATT-STU2026084-2026-10-06,STU2026084,ALG1-C,2026-10-06,Present,0,
ATT-STU2026084-2026-10-07,STU2026084,ALG1-C,2026-10-07,Present,0,
ATT-STU2026084-2026-10-08,STU2026084,ALG1-C,2026-10-08,Present,0,
ATT-STU2026084-2026-10-09,STU2026084,ALG1-C,2026-10-09,Present,0,
ATT-STU2026084-2026-10-12,STU2026084,ALG1-C,2026-10-12,Present,0,
ATT-STU2026084-2026-10-13,STU2026084,ALG1-C,2026-10-13,Present,0,
ATT-STU2026084-2026-10-14,STU2026084,ALG1-C,2026-10-14,Present,0,
ATT-STU2026084-2026-10-15,STU2026084,ALG1-C,2026-10-15,Present,0,
ATT-STU2026084-2026-10-16,STU2026084,ALG1-C,2026-10-16,Present,0,
ATT-STU2026084-2026-10-19,STU2026084,ALG1-C,2026-10-19,Present,0,
ATT-STU2026084-2026-10-20,STU2026084,ALG1-C,2026-10-20,Present,0,
ATT-STU2026084-2026-10-21,STU2026084,ALG1-C,2026-10-21,Present,0,
ATT-STU2026084-2026-10-22,STU2026084,ALG1-C,2026-10-22,Present,0,
ATT-STU2026084-2026-10-23,STU2026084,ALG1-C,2026-10-23,Present,0,
ATT-STU2026084-2026-10-26,STU2026084,ALG1-C,2026-10-26,Present,0,
ATT-STU2026084-2026-10-27,STU2026084,ALG1-C,2026-10-27,Present,0,
ATT-STU2026084-2026-10-28,STU2026084,ALG1-C,2026-10-28,Present,0,
ATT-STU2026084-2026-10-29,STU2026084,ALG1-C,2026-10-29,Present,0,
ATT-STU2026084-2026-10-30,STU2026084,ALG1-C,2026-10-30,Present,0,
ATT-STU2026084-2026-11-02,STU2026084,ALG1-C,2026-11-02,Present,0,
ATT-STU2026084-2026-11-03,STU2026084,ALG1-C,2026-11-03,Present,0,
ATT-STU2026084-2026-11-04,STU2026084,ALG1-C,2026-11-04,Present,0,
ATT-STU2026084-2026-11-05,STU2026084,ALG1-C,2026-11-05,Present,0,
ATT-STU2026084-2026-11-06,STU2026084,ALG1-C,2026-11-06,Present,0,
ATT-STU2026084-2026-11-09,STU2026084,ALG1-C,2026-11-09,Present,0,
ATT-STU2026085-2026-09-08,STU2026085,ALG1-C,2026-09-08,Present,0,
ATT-STU2026085-2026-09-09,STU2026085,ALG1-C,2026-09-09,Present,0,
ATT-STU2026085-2026-09-10,STU2026085,ALG1-C,2026-09-10,Present,0,
ATT-STU2026085-2026-09-11,STU2026085,ALG1-C,2026-09-11,Present,0,
ATT-STU2026085-2026-09-14,STU2026085,ALG1-C,2026-09-14,Present,0,
ATT-STU2026085-2026-09-15,STU2026085,ALG1-C,2026-09-15,Present,0,
ATT-STU2026085-2026-09-16,STU2026085,ALG1-C,2026-09-16,Present,0,
ATT-STU2026085-2026-09-17,STU2026085,ALG1-C,2026-09-17,Present,0,
ATT-STU2026085-2026-09-18,STU2026085,ALG1-C,2026-09-18,Present,0,
ATT-STU2026085-2026-09-21,STU2026085,ALG1-C,2026-09-21,Absent,0,No
ATT-STU2026085-2026-09-22,STU2026085,ALG1-C,2026-09-22,Present,0,
ATT-STU2026085-2026-09-23,STU2026085,ALG1-C,2026-09-23,Tardy,10,
ATT-STU2026085-2026-09-24,STU2026085,ALG1-C,2026-09-24,Present,0,
ATT-STU2026085-2026-09-25,STU2026085,ALG1-C,2026-09-25,Present,0,
ATT-STU2026085-2026-09-28,STU2026085,ALG1-C,2026-09-28,Present,0,
ATT-STU2026085-2026-09-29,STU2026085,ALG1-C,2026-09-29,Present,0,
ATT-STU2026085-2026-09-30,STU2026085,ALG1-C,2026-09-30,Absent,0,No
ATT-STU2026085-2026-10-01,STU2026085,ALG1-C,2026-10-01,Present,0,
ATT-STU2026085-2026-10-02,STU2026085,ALG1-C,2026-10-02,Present,0,
ATT-STU2026085-2026-10-05,STU2026085,ALG1-C,2026-10-05,Tardy,10,
ATT-STU2026085-2026-10-06,STU2026085,ALG1-C,2026-10-06,Present,0,
ATT-STU2026085-2026-10-07,STU2026085,ALG1-C,2026-10-07,Present,0,
ATT-STU2026085-2026-10-08,STU2026085,ALG1-C,2026-10-08,Present,0,
ATT-STU2026085-2026-10-09,STU2026085,ALG1-C,2026-10-09,Present,0,
ATT-STU2026085-2026-10-12,STU2026085,ALG1-C,2026-10-12,Present,0,
ATT-STU2026085-2026-10-13,STU2026085,ALG1-C,2026-10-13,Present,0,
ATT-STU2026085-2026-10-14,STU2026085,ALG1-C,2026-10-14,Present,0,
ATT-STU2026085-2026-10-15,STU2026085,ALG1-C,2026-10-15,Present,0,
ATT-STU2026085-2026-10-16,STU2026085,ALG1-C,2026-10-16,Tardy,10,
ATT-STU2026085-2026-10-19,STU2026085,ALG1-C,2026-10-19,Absent,0,No
ATT-STU2026085-2026-10-20,STU2026085,ALG1-C,2026-10-20,Present,0,
ATT-STU2026085-2026-10-21,STU2026085,ALG1-C,2026-10-21,Present,0,
ATT-STU2026085-2026-10-22,STU2026085,ALG1-C,2026-10-22,Present,0,
ATT-STU2026085-2026-10-23,STU2026085,ALG1-C,2026-10-23,Present,0,
ATT-STU2026085-2026-10-26,STU2026085,ALG1-C,2026-10-26,Present,0,
ATT-STU2026085-2026-10-27,STU2026085,ALG1-C,2026-10-27,Present,0,
ATT-STU2026085-2026-10-28,STU2026085,ALG1-C,2026-10-28,Tardy,7,
ATT-STU2026085-2026-10-29,STU2026085,ALG1-C,2026-10-29,Tardy,5,
ATT-STU2026085-2026-10-30,STU2026085,ALG1-C,2026-10-30,Present,0,
ATT-STU2026085-2026-11-02,STU2026085,ALG1-C,2026-11-02,Absent,0,Yes
ATT-STU2026085-2026-11-03,STU2026085,ALG1-C,2026-11-03,Present,0,
ATT-STU2026085-2026-11-04,STU2026085,ALG1-C,2026-11-04,Present,0,
ATT-STU2026085-2026-11-05,STU2026085,ALG1-C,2026-11-05,Present,0,
ATT-STU2026085-2026-11-06,STU2026085,ALG1-C,2026-11-06,Present,0,
ATT-STU2026085-2026-11-09,STU2026085,ALG1-C,2026-11-09,Present,0,
ATT-STU2026086-2026-09-08,STU2026086,ALG1-C,2026-09-08,Present,0,
ATT-STU2026086-2026-09-09,STU2026086,ALG1-C,2026-09-09,Present,0,
ATT-STU2026086-2026-09-10,STU2026086,ALG1-C,2026-09-10,Present,0,
ATT-STU2026086-2026-09-11,STU2026086,ALG1-C,2026-09-11,Present,0,
ATT-STU2026086-2026-09-14,STU2026086,ALG1-C,2026-09-14,Present,0,
ATT-STU2026086-2026-09-15,STU2026086,ALG1-C,2026-09-15,Present,0,
ATT-STU2026086-2026-09-16,STU2026086,ALG1-C,2026-09-16,Present,0,
ATT-STU2026086-2026-09-17,STU2026086,ALG1-C,2026-09-17,Present,0,
ATT-STU2026086-2026-09-18,STU2026086,ALG1-C,2026-09-18,Tardy,10,
ATT-STU2026086-2026-09-21,STU2026086,ALG1-C,2026-09-21,Absent,0,No
ATT-STU2026086-2026-09-22,STU2026086,ALG1-C,2026-09-22,Present,0,
ATT-STU2026086-2026-09-23,STU2026086,ALG1-C,2026-09-23,Present,0,
ATT-STU2026086-2026-09-24,STU2026086,ALG1-C,2026-09-24,Present,0,
ATT-STU2026086-2026-09-25,STU2026086,ALG1-C,2026-09-25,Present,0,
ATT-STU2026086-2026-09-28,STU2026086,ALG1-C,2026-09-28,Present,0,
ATT-STU2026086-2026-09-29,STU2026086,ALG1-C,2026-09-29,Tardy,5,
ATT-STU2026086-2026-09-30,STU2026086,ALG1-C,2026-09-30,Present,0,
ATT-STU2026086-2026-10-01,STU2026086,ALG1-C,2026-10-01,Present,0,
ATT-STU2026086-2026-10-02,STU2026086,ALG1-C,2026-10-02,Present,0,
ATT-STU2026086-2026-10-05,STU2026086,ALG1-C,2026-10-05,Present,0,
ATT-STU2026086-2026-10-06,STU2026086,ALG1-C,2026-10-06,Present,0,
ATT-STU2026086-2026-10-07,STU2026086,ALG1-C,2026-10-07,Absent,0,Yes
ATT-STU2026086-2026-10-08,STU2026086,ALG1-C,2026-10-08,Present,0,
ATT-STU2026086-2026-10-09,STU2026086,ALG1-C,2026-10-09,Present,0,
ATT-STU2026086-2026-10-12,STU2026086,ALG1-C,2026-10-12,Present,0,
ATT-STU2026086-2026-10-13,STU2026086,ALG1-C,2026-10-13,Present,0,
ATT-STU2026086-2026-10-14,STU2026086,ALG1-C,2026-10-14,Present,0,
ATT-STU2026086-2026-10-15,STU2026086,ALG1-C,2026-10-15,Present,0,
ATT-STU2026086-2026-10-16,STU2026086,ALG1-C,2026-10-16,Present,0,
ATT-STU2026086-2026-10-19,STU2026086,ALG1-C,2026-10-19,Present,0,
ATT-STU2026086-2026-10-20,STU2026086,ALG1-C,2026-10-20,Present,0,
ATT-STU2026086-2026-10-21,STU2026086,ALG1-C,2026-10-21,Present,0,
ATT-STU2026086-2026-10-22,STU2026086,ALG1-C,2026-10-22,Present,0,
ATT-STU2026086-2026-10-23,STU2026086,ALG1-C,2026-10-23,Present,0,
ATT-STU2026086-2026-10-26,STU2026086,ALG1-C,2026-10-26,Present,0,
ATT-STU2026086-2026-10-27,STU2026086,ALG1-C,2026-10-27,Present,0,
ATT-STU2026086-2026-10-28,STU2026086,ALG1-C,2026-10-28,Present,0,
ATT-STU2026086-2026-10-29,STU2026086,ALG1-C,2026-10-29,Present,0,
ATT-STU2026086-2026-10-30,STU2026086,ALG1-C,2026-10-30,Present,0,
ATT-STU2026086-2026-11-02,STU2026086,ALG1-C,2026-11-02,Tardy,15,
ATT-STU2026086-2026-11-03,STU2026086,ALG1-C,2026-11-03,Present,0,
ATT-STU2026086-2026-11-04,STU2026086,ALG1-C,2026-11-04,Present,0,
ATT-STU2026086-2026-11-05,STU2026086,ALG1-C,2026-11-05,Present,0,
ATT-STU2026086-2026-11-06,STU2026086,ALG1-C,2026-11-06,Present,0,
ATT-STU2026086-2026-11-09,STU2026086,ALG1-C,2026-11-09,Tardy,3,
ATT-STU2026087-2026-09-08,STU2026087,ALG1-C,2026-09-08,Present,0,
ATT-STU2026087-2026-09-09,STU2026087,ALG1-C,2026-09-09,Present,0,
ATT-STU2026087-2026-09-10,STU2026087,ALG1-C,2026-09-10,Absent,0,No
ATT-STU2026087-2026-09-11,STU2026087,ALG1-C,2026-09-11,Present,0,
ATT-STU2026087-2026-09-14,STU2026087,ALG1-C,2026-09-14,Present,0,
ATT-STU2026087-2026-09-15,STU2026087,ALG1-C,2026-09-15,Absent,0,No
ATT-STU2026087-2026-09-16,STU2026087,ALG1-C,2026-09-16,Present,0,
ATT-STU2026087-2026-09-17,STU2026087,ALG1-C,2026-09-17,Present,0,
ATT-STU2026087-2026-09-18,STU2026087,ALG1-C,2026-09-18,Present,0,
ATT-STU2026087-2026-09-21,STU2026087,ALG1-C,2026-09-21,Present,0,
ATT-STU2026087-2026-09-22,STU2026087,ALG1-C,2026-09-22,Present,0,
ATT-STU2026087-2026-09-23,STU2026087,ALG1-C,2026-09-23,Present,0,
ATT-STU2026087-2026-09-24,STU2026087,ALG1-C,2026-09-24,Present,0,
ATT-STU2026087-2026-09-25,STU2026087,ALG1-C,2026-09-25,Present,0,
ATT-STU2026087-2026-09-28,STU2026087,ALG1-C,2026-09-28,Present,0,
ATT-STU2026087-2026-09-29,STU2026087,ALG1-C,2026-09-29,Present,0,
ATT-STU2026087-2026-09-30,STU2026087,ALG1-C,2026-09-30,Present,0,
ATT-STU2026087-2026-10-01,STU2026087,ALG1-C,2026-10-01,Present,0,
ATT-STU2026087-2026-10-02,STU2026087,ALG1-C,2026-10-02,Present,0,
ATT-STU2026087-2026-10-05,STU2026087,ALG1-C,2026-10-05,Present,0,
ATT-STU2026087-2026-10-06,STU2026087,ALG1-C,2026-10-06,Tardy,3,
ATT-STU2026087-2026-10-07,STU2026087,ALG1-C,2026-10-07,Present,0,
ATT-STU2026087-2026-10-08,STU2026087,ALG1-C,2026-10-08,Present,0,
ATT-STU2026087-2026-10-09,STU2026087,ALG1-C,2026-10-09,Present,0,
ATT-STU2026087-2026-10-12,STU2026087,ALG1-C,2026-10-12,Tardy,10,
ATT-STU2026087-2026-10-13,STU2026087,ALG1-C,2026-10-13,Absent,0,No
ATT-STU2026087-2026-10-14,STU2026087,ALG1-C,2026-10-14,Absent,0,Yes
ATT-STU2026087-2026-10-15,STU2026087,ALG1-C,2026-10-15,Present,0,
ATT-STU2026087-2026-10-16,STU2026087,ALG1-C,2026-10-16,Present,0,
ATT-STU2026087-2026-10-19,STU2026087,ALG1-C,2026-10-19,Present,0,
ATT-STU2026087-2026-10-20,STU2026087,ALG1-C,2026-10-20,Present,0,
ATT-STU2026087-2026-10-21,STU2026087,ALG1-C,2026-10-21,Present,0,
ATT-STU2026087-2026-10-22,STU2026087,ALG1-C,2026-10-22,Present,0,
ATT-STU2026087-2026-10-23,STU2026087,ALG1-C,2026-10-23,Present,0,
ATT-STU2026087-2026-10-26,STU2026087,ALG1-C,2026-10-26,Present,0,
ATT-STU2026087-2026-10-27,STU2026087,ALG1-C,2026-10-27,Present,0,
ATT-STU2026087-2026-10-28,STU2026087,ALG1-C,2026-10-28,Present,0,
ATT-STU2026087-2026-10-29,STU2026087,ALG1-C,2026-10-29,Present,0,
ATT-STU2026087-2026-10-30,STU2026087,ALG1-C,2026-10-30,Present,0,
ATT-STU2026087-2026-11-02,STU2026087,ALG1-C,2026-11-02,Present,0,
ATT-STU2026087-2026-11-03,STU2026087,ALG1-C,2026-11-03,Present,0,
ATT-STU2026087-2026-11-04,STU2026087,ALG1-C,2026-11-04,Present,0,
ATT-STU2026087-2026-11-05,STU2026087,ALG1-C,2026-11-05,Present,0,
ATT-STU2026087-2026-11-06,STU2026087,ALG1-C,2026-11-06,Tardy,10,
ATT-STU2026087-2026-11-09,STU2026087,ALG1-C,2026-11-09,Present,0,
ATT-STU2026088-2026-09-08,STU2026088,ALG1-C,2026-09-08,Present,0,
ATT-STU2026088-2026-09-09,STU2026088,ALG1-C,2026-09-09,Present,0,
ATT-STU2026088-2026-09-10,STU2026088,ALG1-C,2026-09-10,Present,0,
ATT-STU2026088-2026-09-11,STU2026088,ALG1-C,2026-09-11,Present,0,
ATT-STU2026088-2026-09-14,STU2026088,ALG1-C,2026-09-14,Present,0,
ATT-STU2026088-2026-09-15,STU2026088,ALG1-C,2026-09-15,Present,0,
ATT-STU2026088-2026-09-16,STU2026088,ALG1-C,2026-09-16,Present,0,
ATT-STU2026088-2026-09-17,STU2026088,ALG1-C,2026-09-17,Present,0,
ATT-STU2026088-2026-09-18,STU2026088,ALG1-C,2026-09-18,Present,0,
ATT-STU2026088-2026-09-21,STU2026088,ALG1-C,2026-09-21,Present,0,
ATT-STU2026088-2026-09-22,STU2026088,ALG1-C,2026-09-22,Present,0,
ATT-STU2026088-2026-09-23,STU2026088,ALG1-C,2026-09-23,Present,0,
ATT-STU2026088-2026-09-24,STU2026088,ALG1-C,2026-09-24,Tardy,3,
ATT-STU2026088-2026-09-25,STU2026088,ALG1-C,2026-09-25,Absent,0,Yes
ATT-STU2026088-2026-09-28,STU2026088,ALG1-C,2026-09-28,Present,0,
ATT-STU2026088-2026-09-29,STU2026088,ALG1-C,2026-09-29,Present,0,
ATT-STU2026088-2026-09-30,STU2026088,ALG1-C,2026-09-30,Present,0,
ATT-STU2026088-2026-10-01,STU2026088,ALG1-C,2026-10-01,Present,0,
ATT-STU2026088-2026-10-02,STU2026088,ALG1-C,2026-10-02,Present,0,
ATT-STU2026088-2026-10-05,STU2026088,ALG1-C,2026-10-05,Present,0,
ATT-STU2026088-2026-10-06,STU2026088,ALG1-C,2026-10-06,Present,0,
ATT-STU2026088-2026-10-07,STU2026088,ALG1-C,2026-10-07,Present,0,
ATT-STU2026088-2026-10-08,STU2026088,ALG1-C,2026-10-08,Present,0,
ATT-STU2026088-2026-10-09,STU2026088,ALG1-C,2026-10-09,Present,0,
ATT-STU2026088-2026-10-12,STU2026088,ALG1-C,2026-10-12,Present,0,
ATT-STU2026088-2026-10-13,STU2026088,ALG1-C,2026-10-13,Present,0,
ATT-STU2026088-2026-10-14,STU2026088,ALG1-C,2026-10-14,Present,0,
ATT-STU2026088-2026-10-15,STU2026088,ALG1-C,2026-10-15,Present,0,
ATT-STU2026088-2026-10-16,STU2026088,ALG1-C,2026-10-16,Present,0,
ATT-STU2026088-2026-10-19,STU2026088,ALG1-C,2026-10-19,Present,0,
ATT-STU2026088-2026-10-20,STU2026088,ALG1-C,2026-10-20,Present,0,
ATT-STU2026088-2026-10-21,STU2026088,ALG1-C,2026-10-21,Present,0,
ATT-STU2026088-2026-10-22,STU2026088,ALG1-C,2026-10-22,Present,0,
ATT-STU2026088-2026-10-23,STU2026088,ALG1-C,2026-10-23,Present,0,
ATT-STU2026088-2026-10-26,STU2026088,ALG1-C,2026-10-26,Tardy,5,
ATT-STU2026088-2026-10-27,STU2026088,ALG1-C,2026-10-27,Tardy,3,
ATT-STU2026088-2026-10-28,STU2026088,ALG1-C,2026-10-28,Present,0,
ATT-STU2026088-2026-10-29,STU2026088,ALG1-C,2026-10-29,Present,0,
ATT-STU2026088-2026-10-30,STU2026088,ALG1-C,2026-10-30,Present,0,
ATT-STU2026088-2026-11-02,STU2026088,ALG1-C,2026-11-02,Present,0,
ATT-STU2026088-2026-11-03,STU2026088,ALG1-C,2026-11-03,Present,0,
ATT-STU2026088-2026-11-04,STU2026088,ALG1-C,2026-11-04,Present,0,
ATT-STU2026088-2026-11-05,STU2026088,ALG1-C,2026-11-05,Present,0,
ATT-STU2026088-2026-11-06,STU2026088,ALG1-C,2026-11-06,Present,0,
ATT-STU2026088-2026-11-09,STU2026088,ALG1-C,2026-11-09,Present,0,
ATT-STU2026089-2026-09-08,STU2026089,ALG1-C,2026-09-08,Present,0,
ATT-STU2026089-2026-09-09,STU2026089,ALG1-C,2026-09-09,Present,0,
ATT-STU2026089-2026-09-10,STU2026089,ALG1-C,2026-09-10,Present,0,
ATT-STU2026089-2026-09-11,STU2026089,ALG1-C,2026-09-11,Absent,0,No
ATT-STU2026089-2026-09-14,STU2026089,ALG1-C,2026-09-14,Present,0,
ATT-STU2026089-2026-09-15,STU2026089,ALG1-C,2026-09-15,Present,0,
ATT-STU2026089-2026-09-16,STU2026089,ALG1-C,2026-09-16,Present,0,
ATT-STU2026089-2026-09-17,STU2026089,ALG1-C,2026-09-17,Present,0,
ATT-STU2026089-2026-09-18,STU2026089,ALG1-C,2026-09-18,Tardy,7,
ATT-STU2026089-2026-09-21,STU2026089,ALG1-C,2026-09-21,Present,0,
ATT-STU2026089-2026-09-22,STU2026089,ALG1-C,2026-09-22,Absent,0,No
ATT-STU2026089-2026-09-23,STU2026089,ALG1-C,2026-09-23,Present,0,
ATT-STU2026089-2026-09-24,STU2026089,ALG1-C,2026-09-24,Present,0,
ATT-STU2026089-2026-09-25,STU2026089,ALG1-C,2026-09-25,Present,0,
ATT-STU2026089-2026-09-28,STU2026089,ALG1-C,2026-09-28,Absent,0,Yes
ATT-STU2026089-2026-09-29,STU2026089,ALG1-C,2026-09-29,Present,0,
ATT-STU2026089-2026-09-30,STU2026089,ALG1-C,2026-09-30,Present,0,
ATT-STU2026089-2026-10-01,STU2026089,ALG1-C,2026-10-01,Present,0,
ATT-STU2026089-2026-10-02,STU2026089,ALG1-C,2026-10-02,Present,0,
ATT-STU2026089-2026-10-05,STU2026089,ALG1-C,2026-10-05,Absent,0,No
ATT-STU2026089-2026-10-06,STU2026089,ALG1-C,2026-10-06,Present,0,
ATT-STU2026089-2026-10-07,STU2026089,ALG1-C,2026-10-07,Absent,0,No
ATT-STU2026089-2026-10-08,STU2026089,ALG1-C,2026-10-08,Present,0,
ATT-STU2026089-2026-10-09,STU2026089,ALG1-C,2026-10-09,Present,0,
ATT-STU2026089-2026-10-12,STU2026089,ALG1-C,2026-10-12,Present,0,
ATT-STU2026089-2026-10-13,STU2026089,ALG1-C,2026-10-13,Present,0,
ATT-STU2026089-2026-10-14,STU2026089,ALG1-C,2026-10-14,Tardy,7,
ATT-STU2026089-2026-10-15,STU2026089,ALG1-C,2026-10-15,Present,0,
ATT-STU2026089-2026-10-16,STU2026089,ALG1-C,2026-10-16,Present,0,
ATT-STU2026089-2026-10-19,STU2026089,ALG1-C,2026-10-19,Present,0,
ATT-STU2026089-2026-10-20,STU2026089,ALG1-C,2026-10-20,Present,0,
ATT-STU2026089-2026-10-21,STU2026089,ALG1-C,2026-10-21,Present,0,
ATT-STU2026089-2026-10-22,STU2026089,ALG1-C,2026-10-22,Present,0,
ATT-STU2026089-2026-10-23,STU2026089,ALG1-C,2026-10-23,Present,0,
ATT-STU2026089-2026-10-26,STU2026089,ALG1-C,2026-10-26,Absent,0,No
ATT-STU2026089-2026-10-27,STU2026089,ALG1-C,2026-10-27,Present,0,
ATT-STU2026089-2026-10-28,STU2026089,ALG1-C,2026-10-28,Present,0,
ATT-STU2026089-2026-10-29,STU2026089,ALG1-C,2026-10-29,Present,0,
ATT-STU2026089-2026-10-30,STU2026089,ALG1-C,2026-10-30,Absent,0,No
ATT-STU2026089-2026-11-02,STU2026089,ALG1-C,2026-11-02,Absent,0,No
ATT-STU2026089-2026-11-03,STU2026089,ALG1-C,2026-11-03,Present,0,
ATT-STU2026089-2026-11-04,STU2026089,ALG1-C,2026-11-04,Present,0,
ATT-STU2026089-2026-11-05,STU2026089,ALG1-C,2026-11-05,Present,0,
ATT-STU2026089-2026-11-06,STU2026089,ALG1-C,2026-11-06,Present,0,
ATT-STU2026089-2026-11-09,STU2026089,ALG1-C,2026-11-09,Present,0,
ATT-STU2026090-2026-09-08,STU2026090,ALG1-C,2026-09-08,Present,0,
ATT-STU2026090-2026-09-09,STU2026090,ALG1-C,2026-09-09,Present,0,
ATT-STU2026090-2026-09-10,STU2026090,ALG1-C,2026-09-10,Present,0,
ATT-STU2026090-2026-09-11,STU2026090,ALG1-C,2026-09-11,Present,0,
ATT-STU2026090-2026-09-14,STU2026090,ALG1-C,2026-09-14,Present,0,
ATT-STU2026090-2026-09-15,STU2026090,ALG1-C,2026-09-15,Absent,0,No
ATT-STU2026090-2026-09-16,STU2026090,ALG1-C,2026-09-16,Present,0,
ATT-STU2026090-2026-09-17,STU2026090,ALG1-C,2026-09-17,Present,0,
ATT-STU2026090-2026-09-18,STU2026090,ALG1-C,2026-09-18,Present,0,
ATT-STU2026090-2026-09-21,STU2026090,ALG1-C,2026-09-21,Present,0,
ATT-STU2026090-2026-09-22,STU2026090,ALG1-C,2026-09-22,Present,0,
ATT-STU2026090-2026-09-23,STU2026090,ALG1-C,2026-09-23,Absent,0,Yes
ATT-STU2026090-2026-09-24,STU2026090,ALG1-C,2026-09-24,Present,0,
ATT-STU2026090-2026-09-25,STU2026090,ALG1-C,2026-09-25,Present,0,
ATT-STU2026090-2026-09-28,STU2026090,ALG1-C,2026-09-28,Present,0,
ATT-STU2026090-2026-09-29,STU2026090,ALG1-C,2026-09-29,Present,0,
ATT-STU2026090-2026-09-30,STU2026090,ALG1-C,2026-09-30,Present,0,
ATT-STU2026090-2026-10-01,STU2026090,ALG1-C,2026-10-01,Present,0,
ATT-STU2026090-2026-10-02,STU2026090,ALG1-C,2026-10-02,Present,0,
ATT-STU2026090-2026-10-05,STU2026090,ALG1-C,2026-10-05,Present,0,
ATT-STU2026090-2026-10-06,STU2026090,ALG1-C,2026-10-06,Present,0,
ATT-STU2026090-2026-10-07,STU2026090,ALG1-C,2026-10-07,Present,0,
ATT-STU2026090-2026-10-08,STU2026090,ALG1-C,2026-10-08,Absent,0,Yes
ATT-STU2026090-2026-10-09,STU2026090,ALG1-C,2026-10-09,Present,0,
ATT-STU2026090-2026-10-12,STU2026090,ALG1-C,2026-10-12,Present,0,
ATT-STU2026090-2026-10-13,STU2026090,ALG1-C,2026-10-13,Present,0,
ATT-STU2026090-2026-10-14,STU2026090,ALG1-C,2026-10-14,Present,0,
ATT-STU2026090-2026-10-15,STU2026090,ALG1-C,2026-10-15,Present,0,
ATT-STU2026090-2026-10-16,STU2026090,ALG1-C,2026-10-16,Present,0,
ATT-STU2026090-2026-10-19,STU2026090,ALG1-C,2026-10-19,Present,0,
ATT-STU2026090-2026-10-20,STU2026090,ALG1-C,2026-10-20,Present,0,
ATT-STU2026090-2026-10-21,STU2026090,ALG1-C,2026-10-21,Present,0,
ATT-STU2026090-2026-10-22,STU2026090,ALG1-C,2026-10-22,Present,0,
ATT-STU2026090-2026-10-23,STU2026090,ALG1-C,2026-10-23,Present,0,
ATT-STU2026090-2026-10-26,STU2026090,ALG1-C,2026-10-26,Present,0,
ATT-STU2026090-2026-10-27,STU2026090,ALG1-C,2026-10-27,Present,0,
ATT-STU2026090-2026-10-28,STU2026090,ALG1-C,2026-10-28,Present,0,
ATT-STU2026090-2026-10-29,STU2026090,ALG1-C,2026-10-29,Present,0,
ATT-STU2026090-2026-10-30,STU2026090,ALG1-C,2026-10-30,Present,0,
ATT-STU2026090-2026-11-02,STU2026090,ALG1-C,2026-11-02,Present,0,
ATT-STU2026090-2026-11-03,STU2026090,ALG1-C,2026-11-03,Present,0,
ATT-STU2026090-2026-11-04,STU2026090,ALG1-C,2026-11-04,Present,0,
ATT-STU2026090-2026-11-05,STU2026090,ALG1-C,2026-11-05,Present,0,
ATT-STU2026090-2026-11-06,STU2026090,ALG1-C,2026-11-06,Present,0,
ATT-STU2026090-2026-11-09,STU2026090,ALG1-C,2026-11-09,Present,0,
ATT-STU2026091-2026-09-08,STU2026091,ALG1-C,2026-09-08,Present,0,
ATT-STU2026091-2026-09-09,STU2026091,ALG1-C,2026-09-09,Present,0,
ATT-STU2026091-2026-09-10,STU2026091,ALG1-C,2026-09-10,Present,0,
ATT-STU2026091-2026-09-11,STU2026091,ALG1-C,2026-09-11,Present,0,
ATT-STU2026091-2026-09-14,STU2026091,ALG1-C,2026-09-14,Present,0,
ATT-STU2026091-2026-09-15,STU2026091,ALG1-C,2026-09-15,Present,0,
ATT-STU2026091-2026-09-16,STU2026091,ALG1-C,2026-09-16,Present,0,
ATT-STU2026091-2026-09-17,STU2026091,ALG1-C,2026-09-17,Present,0,
ATT-STU2026091-2026-09-18,STU2026091,ALG1-C,2026-09-18,Present,0,
ATT-STU2026091-2026-09-21,STU2026091,ALG1-C,2026-09-21,Present,0,
ATT-STU2026091-2026-09-22,STU2026091,ALG1-C,2026-09-22,Present,0,
ATT-STU2026091-2026-09-23,STU2026091,ALG1-C,2026-09-23,Present,0,
ATT-STU2026091-2026-09-24,STU2026091,ALG1-C,2026-09-24,Present,0,
ATT-STU2026091-2026-09-25,STU2026091,ALG1-C,2026-09-25,Present,0,
ATT-STU2026091-2026-09-28,STU2026091,ALG1-C,2026-09-28,Present,0,
ATT-STU2026091-2026-09-29,STU2026091,ALG1-C,2026-09-29,Present,0,
ATT-STU2026091-2026-09-30,STU2026091,ALG1-C,2026-09-30,Present,0,
ATT-STU2026091-2026-10-01,STU2026091,ALG1-C,2026-10-01,Present,0,
ATT-STU2026091-2026-10-02,STU2026091,ALG1-C,2026-10-02,Present,0,
ATT-STU2026091-2026-10-05,STU2026091,ALG1-C,2026-10-05,Present,0,
ATT-STU2026091-2026-10-06,STU2026091,ALG1-C,2026-10-06,Present,0,
ATT-STU2026091-2026-10-07,STU2026091,ALG1-C,2026-10-07,Present,0,
ATT-STU2026091-2026-10-08,STU2026091,ALG1-C,2026-10-08,Present,0,
ATT-STU2026091-2026-10-09,STU2026091,ALG1-C,2026-10-09,Present,0,
ATT-STU2026091-2026-10-12,STU2026091,ALG1-C,2026-10-12,Absent,0,Yes
ATT-STU2026091-2026-10-13,STU2026091,ALG1-C,2026-10-13,Present,0,
ATT-STU2026091-2026-10-14,STU2026091,ALG1-C,2026-10-14,Present,0,
ATT-STU2026091-2026-10-15,STU2026091,ALG1-C,2026-10-15,Present,0,
ATT-STU2026091-2026-10-16,STU2026091,ALG1-C,2026-10-16,Present,0,
ATT-STU2026091-2026-10-19,STU2026091,ALG1-C,2026-10-19,Present,0,
ATT-STU2026091-2026-10-20,STU2026091,ALG1-C,2026-10-20,Present,0,
ATT-STU2026091-2026-10-21,STU2026091,ALG1-C,2026-10-21,Present,0,
ATT-STU2026091-2026-10-22,STU2026091,ALG1-C,2026-10-22,Present,0,
ATT-STU2026091-2026-10-23,STU2026091,ALG1-C,2026-10-23,Tardy,3,
ATT-STU2026091-2026-10-26,STU2026091,ALG1-C,2026-10-26,Tardy,3,
ATT-STU2026091-2026-10-27,STU2026091,ALG1-C,2026-10-27,Present,0,
ATT-STU2026091-2026-10-28,STU2026091,ALG1-C,2026-10-28,Present,0,
ATT-STU2026091-2026-10-29,STU2026091,ALG1-C,2026-10-29,Present,0,
ATT-STU2026091-2026-10-30,STU2026091,ALG1-C,2026-10-30,Present,0,
ATT-STU2026091-2026-11-02,STU2026091,ALG1-C,2026-11-02,Present,0,
ATT-STU2026091-2026-11-03,STU2026091,ALG1-C,2026-11-03,Present,0,
ATT-STU2026091-2026-11-04,STU2026091,ALG1-C,2026-11-04,Present,0,
ATT-STU2026091-2026-11-05,STU2026091,ALG1-C,2026-11-05,Tardy,15,
ATT-STU2026091-2026-11-06,STU2026091,ALG1-C,2026-11-06,Tardy,15,
ATT-STU2026091-2026-11-09,STU2026091,ALG1-C,2026-11-09,Present,0,
ATT-STU2026092-2026-09-08,STU2026092,ALG1-C,2026-09-08,Present,0,
ATT-STU2026092-2026-09-09,STU2026092,ALG1-C,2026-09-09,Present,0,
ATT-STU2026092-2026-09-10,STU2026092,ALG1-C,2026-09-10,Absent,0,No
ATT-STU2026092-2026-09-11,STU2026092,ALG1-C,2026-09-11,Present,0,
ATT-STU2026092-2026-09-14,STU2026092,ALG1-C,2026-09-14,Present,0,
ATT-STU2026092-2026-09-15,STU2026092,ALG1-C,2026-09-15,Absent,0,Yes
ATT-STU2026092-2026-09-16,STU2026092,ALG1-C,2026-09-16,Present,0,
ATT-STU2026092-2026-09-17,STU2026092,ALG1-C,2026-09-17,Tardy,3,
ATT-STU2026092-2026-09-18,STU2026092,ALG1-C,2026-09-18,Present,0,
ATT-STU2026092-2026-09-21,STU2026092,ALG1-C,2026-09-21,Present,0,
ATT-STU2026092-2026-09-22,STU2026092,ALG1-C,2026-09-22,Present,0,
ATT-STU2026092-2026-09-23,STU2026092,ALG1-C,2026-09-23,Present,0,
ATT-STU2026092-2026-09-24,STU2026092,ALG1-C,2026-09-24,Present,0,
ATT-STU2026092-2026-09-25,STU2026092,ALG1-C,2026-09-25,Present,0,
ATT-STU2026092-2026-09-28,STU2026092,ALG1-C,2026-09-28,Present,0,
ATT-STU2026092-2026-09-29,STU2026092,ALG1-C,2026-09-29,Present,0,
ATT-STU2026092-2026-09-30,STU2026092,ALG1-C,2026-09-30,Present,0,
ATT-STU2026092-2026-10-01,STU2026092,ALG1-C,2026-10-01,Present,0,
ATT-STU2026092-2026-10-02,STU2026092,ALG1-C,2026-10-02,Present,0,
ATT-STU2026092-2026-10-05,STU2026092,ALG1-C,2026-10-05,Present,0,
ATT-STU2026092-2026-10-06,STU2026092,ALG1-C,2026-10-06,Present,0,
ATT-STU2026092-2026-10-07,STU2026092,ALG1-C,2026-10-07,Present,0,
ATT-STU2026092-2026-10-08,STU2026092,ALG1-C,2026-10-08,Present,0,
ATT-STU2026092-2026-10-09,STU2026092,ALG1-C,2026-10-09,Present,0,
ATT-STU2026092-2026-10-12,STU2026092,ALG1-C,2026-10-12,Present,0,
ATT-STU2026092-2026-10-13,STU2026092,ALG1-C,2026-10-13,Present,0,
ATT-STU2026092-2026-10-14,STU2026092,ALG1-C,2026-10-14,Present,0,
ATT-STU2026092-2026-10-15,STU2026092,ALG1-C,2026-10-15,Present,0,
ATT-STU2026092-2026-10-16,STU2026092,ALG1-C,2026-10-16,Present,0,
ATT-STU2026092-2026-10-19,STU2026092,ALG1-C,2026-10-19,Present,0,
ATT-STU2026092-2026-10-20,STU2026092,ALG1-C,2026-10-20,Present,0,
ATT-STU2026092-2026-10-21,STU2026092,ALG1-C,2026-10-21,Absent,0,Yes
ATT-STU2026092-2026-10-22,STU2026092,ALG1-C,2026-10-22,Present,0,
ATT-STU2026092-2026-10-23,STU2026092,ALG1-C,2026-10-23,Present,0,
ATT-STU2026092-2026-10-26,STU2026092,ALG1-C,2026-10-26,Present,0,
ATT-STU2026092-2026-10-27,STU2026092,ALG1-C,2026-10-27,Present,0,
ATT-STU2026092-2026-10-28,STU2026092,ALG1-C,2026-10-28,Absent,0,Yes
ATT-STU2026092-2026-10-29,STU2026092,ALG1-C,2026-10-29,Present,0,
ATT-STU2026092-2026-10-30,STU2026092,ALG1-C,2026-10-30,Present,0,
ATT-STU2026092-2026-11-02,STU2026092,ALG1-C,2026-11-02,Present,0,
ATT-STU2026092-2026-11-03,STU2026092,ALG1-C,2026-11-03,Present,0,
ATT-STU2026092-2026-11-04,STU2026092,ALG1-C,2026-11-04,Absent,0,Yes
ATT-STU2026092-2026-11-05,STU2026092,ALG1-C,2026-11-05,Present,0,
ATT-STU2026092-2026-11-06,STU2026092,ALG1-C,2026-11-06,Present,0,
ATT-STU2026092-2026-11-09,STU2026092,ALG1-C,2026-11-09,Present,0,
ATT-STU2026093-2026-09-08,STU2026093,ALG1-C,2026-09-08,Present,0,
ATT-STU2026093-2026-09-09,STU2026093,ALG1-C,2026-09-09,Present,0,
ATT-STU2026093-2026-09-10,STU2026093,ALG1-C,2026-09-10,Absent,0,Yes
ATT-STU2026093-2026-09-11,STU2026093,ALG1-C,2026-09-11,Absent,0,No
ATT-STU2026093-2026-09-14,STU2026093,ALG1-C,2026-09-14,Present,0,
ATT-STU2026093-2026-09-15,STU2026093,ALG1-C,2026-09-15,Present,0,
ATT-STU2026093-2026-09-16,STU2026093,ALG1-C,2026-09-16,Present,0,
ATT-STU2026093-2026-09-17,STU2026093,ALG1-C,2026-09-17,Present,0,
ATT-STU2026093-2026-09-18,STU2026093,ALG1-C,2026-09-18,Present,0,
ATT-STU2026093-2026-09-21,STU2026093,ALG1-C,2026-09-21,Present,0,
ATT-STU2026093-2026-09-22,STU2026093,ALG1-C,2026-09-22,Present,0,
ATT-STU2026093-2026-09-23,STU2026093,ALG1-C,2026-09-23,Present,0,
ATT-STU2026093-2026-09-24,STU2026093,ALG1-C,2026-09-24,Present,0,
ATT-STU2026093-2026-09-25,STU2026093,ALG1-C,2026-09-25,Tardy,3,
ATT-STU2026093-2026-09-28,STU2026093,ALG1-C,2026-09-28,Present,0,
ATT-STU2026093-2026-09-29,STU2026093,ALG1-C,2026-09-29,Present,0,
ATT-STU2026093-2026-09-30,STU2026093,ALG1-C,2026-09-30,Present,0,
ATT-STU2026093-2026-10-01,STU2026093,ALG1-C,2026-10-01,Present,0,
ATT-STU2026093-2026-10-02,STU2026093,ALG1-C,2026-10-02,Present,0,
ATT-STU2026093-2026-10-05,STU2026093,ALG1-C,2026-10-05,Present,0,
ATT-STU2026093-2026-10-06,STU2026093,ALG1-C,2026-10-06,Present,0,
ATT-STU2026093-2026-10-07,STU2026093,ALG1-C,2026-10-07,Present,0,
ATT-STU2026093-2026-10-08,STU2026093,ALG1-C,2026-10-08,Present,0,
ATT-STU2026093-2026-10-09,STU2026093,ALG1-C,2026-10-09,Present,0,
ATT-STU2026093-2026-10-12,STU2026093,ALG1-C,2026-10-12,Tardy,10,
ATT-STU2026093-2026-10-13,STU2026093,ALG1-C,2026-10-13,Absent,0,Yes
ATT-STU2026093-2026-10-14,STU2026093,ALG1-C,2026-10-14,Absent,0,Yes
ATT-STU2026093-2026-10-15,STU2026093,ALG1-C,2026-10-15,Present,0,
ATT-STU2026093-2026-10-16,STU2026093,ALG1-C,2026-10-16,Absent,0,No
ATT-STU2026093-2026-10-19,STU2026093,ALG1-C,2026-10-19,Present,0,
ATT-STU2026093-2026-10-20,STU2026093,ALG1-C,2026-10-20,Present,0,
ATT-STU2026093-2026-10-21,STU2026093,ALG1-C,2026-10-21,Present,0,
ATT-STU2026093-2026-10-22,STU2026093,ALG1-C,2026-10-22,Present,0,
ATT-STU2026093-2026-10-23,STU2026093,ALG1-C,2026-10-23,Present,0,
ATT-STU2026093-2026-10-26,STU2026093,ALG1-C,2026-10-26,Present,0,
ATT-STU2026093-2026-10-27,STU2026093,ALG1-C,2026-10-27,Present,0,
ATT-STU2026093-2026-10-28,STU2026093,ALG1-C,2026-10-28,Absent,0,Yes
ATT-STU2026093-2026-10-29,STU2026093,ALG1-C,2026-10-29,Present,0,
ATT-STU2026093-2026-10-30,STU2026093,ALG1-C,2026-10-30,Present,0,
ATT-STU2026093-2026-11-02,STU2026093,ALG1-C,2026-11-02,Absent,0,Yes
ATT-STU2026093-2026-11-03,STU2026093,ALG1-C,2026-11-03,Absent,0,No
ATT-STU2026093-2026-11-04,STU2026093,ALG1-C,2026-11-04,Present,0,
ATT-STU2026093-2026-11-05,STU2026093,ALG1-C,2026-11-05,Present,0,
ATT-STU2026093-2026-11-06,STU2026093,ALG1-C,2026-11-06,Present,0,
ATT-STU2026093-2026-11-09,STU2026093,ALG1-C,2026-11-09,Present,0,
ATT-STU2026094-2026-09-08,STU2026094,ALG1-C,2026-09-08,Present,0,
ATT-STU2026094-2026-09-09,STU2026094,ALG1-C,2026-09-09,Present,0,
ATT-STU2026094-2026-09-10,STU2026094,ALG1-C,2026-09-10,Present,0,
ATT-STU2026094-2026-09-11,STU2026094,ALG1-C,2026-09-11,Present,0,
ATT-STU2026094-2026-09-14,STU2026094,ALG1-C,2026-09-14,Present,0,
ATT-STU2026094-2026-09-15,STU2026094,ALG1-C,2026-09-15,Present,0,
ATT-STU2026094-2026-09-16,STU2026094,ALG1-C,2026-09-16,Present,0,
ATT-STU2026094-2026-09-17,STU2026094,ALG1-C,2026-09-17,Present,0,
ATT-STU2026094-2026-09-18,STU2026094,ALG1-C,2026-09-18,Present,0,
ATT-STU2026094-2026-09-21,STU2026094,ALG1-C,2026-09-21,Present,0,
ATT-STU2026094-2026-09-22,STU2026094,ALG1-C,2026-09-22,Present,0,
ATT-STU2026094-2026-09-23,STU2026094,ALG1-C,2026-09-23,Present,0,
ATT-STU2026094-2026-09-24,STU2026094,ALG1-C,2026-09-24,Present,0,
ATT-STU2026094-2026-09-25,STU2026094,ALG1-C,2026-09-25,Present,0,
ATT-STU2026094-2026-09-28,STU2026094,ALG1-C,2026-09-28,Present,0,
ATT-STU2026094-2026-09-29,STU2026094,ALG1-C,2026-09-29,Present,0,
ATT-STU2026094-2026-09-30,STU2026094,ALG1-C,2026-09-30,Present,0,
ATT-STU2026094-2026-10-01,STU2026094,ALG1-C,2026-10-01,Present,0,
ATT-STU2026094-2026-10-02,STU2026094,ALG1-C,2026-10-02,Present,0,
ATT-STU2026094-2026-10-05,STU2026094,ALG1-C,2026-10-05,Tardy,15,
ATT-STU2026094-2026-10-06,STU2026094,ALG1-C,2026-10-06,Present,0,
ATT-STU2026094-2026-10-07,STU2026094,ALG1-C,2026-10-07,Present,0,
ATT-STU2026094-2026-10-08,STU2026094,ALG1-C,2026-10-08,Present,0,
ATT-STU2026094-2026-10-09,STU2026094,ALG1-C,2026-10-09,Present,0,
ATT-STU2026094-2026-10-12,STU2026094,ALG1-C,2026-10-12,Present,0,
ATT-STU2026094-2026-10-13,STU2026094,ALG1-C,2026-10-13,Present,0,
ATT-STU2026094-2026-10-14,STU2026094,ALG1-C,2026-10-14,Present,0,
ATT-STU2026094-2026-10-15,STU2026094,ALG1-C,2026-10-15,Present,0,
ATT-STU2026094-2026-10-16,STU2026094,ALG1-C,2026-10-16,Present,0,
ATT-STU2026094-2026-10-19,STU2026094,ALG1-C,2026-10-19,Present,0,
ATT-STU2026094-2026-10-20,STU2026094,ALG1-C,2026-10-20,Present,0,
ATT-STU2026094-2026-10-21,STU2026094,ALG1-C,2026-10-21,Present,0,
ATT-STU2026094-2026-10-22,STU2026094,ALG1-C,2026-10-22,Present,0,
ATT-STU2026094-2026-10-23,STU2026094,ALG1-C,2026-10-23,Present,0,
ATT-STU2026094-2026-10-26,STU2026094,ALG1-C,2026-10-26,Present,0,
ATT-STU2026094-2026-10-27,STU2026094,ALG1-C,2026-10-27,Absent,0,Yes
ATT-STU2026094-2026-10-28,STU2026094,ALG1-C,2026-10-28,Present,0,
ATT-STU2026094-2026-10-29,STU2026094,ALG1-C,2026-10-29,Present,0,
ATT-STU2026094-2026-10-30,STU2026094,ALG1-C,2026-10-30,Present,0,
ATT-STU2026094-2026-11-02,STU2026094,ALG1-C,2026-11-02,Present,0,
ATT-STU2026094-2026-11-03,STU2026094,ALG1-C,2026-11-03,Present,0,
ATT-STU2026094-2026-11-04,STU2026094,ALG1-C,2026-11-04,Present,0,
ATT-STU2026094-2026-11-05,STU2026094,ALG1-C,2026-11-05,Absent,0,No
ATT-STU2026094-2026-11-06,STU2026094,ALG1-C,2026-11-06,Present,0,
ATT-STU2026094-2026-11-09,STU2026094,ALG1-C,2026-11-09,Present,0,
ATT-STU2026095-2026-09-08,STU2026095,ALG1-C,2026-09-08,Present,0,
ATT-STU2026095-2026-09-09,STU2026095,ALG1-C,2026-09-09,Present,0,
ATT-STU2026095-2026-09-10,STU2026095,ALG1-C,2026-09-10,Present,0,
ATT-STU2026095-2026-09-11,STU2026095,ALG1-C,2026-09-11,Present,0,
ATT-STU2026095-2026-09-14,STU2026095,ALG1-C,2026-09-14,Present,0,
ATT-STU2026095-2026-09-15,STU2026095,ALG1-C,2026-09-15,Present,0,
ATT-STU2026095-2026-09-16,STU2026095,ALG1-C,2026-09-16,Present,0,
ATT-STU2026095-2026-09-17,STU2026095,ALG1-C,2026-09-17,Present,0,
ATT-STU2026095-2026-09-18,STU2026095,ALG1-C,2026-09-18,Present,0,
ATT-STU2026095-2026-09-21,STU2026095,ALG1-C,2026-09-21,Present,0,
ATT-STU2026095-2026-09-22,STU2026095,ALG1-C,2026-09-22,Present,0,
ATT-STU2026095-2026-09-23,STU2026095,ALG1-C,2026-09-23,Present,0,
ATT-STU2026095-2026-09-24,STU2026095,ALG1-C,2026-09-24,Present,0,
ATT-STU2026095-2026-09-25,STU2026095,ALG1-C,2026-09-25,Present,0,
ATT-STU2026095-2026-09-28,STU2026095,ALG1-C,2026-09-28,Present,0,
ATT-STU2026095-2026-09-29,STU2026095,ALG1-C,2026-09-29,Present,0,
ATT-STU2026095-2026-09-30,STU2026095,ALG1-C,2026-09-30,Present,0,
ATT-STU2026095-2026-10-01,STU2026095,ALG1-C,2026-10-01,Present,0,
ATT-STU2026095-2026-10-02,STU2026095,ALG1-C,2026-10-02,Present,0,
ATT-STU2026095-2026-10-05,STU2026095,ALG1-C,2026-10-05,Present,0,
ATT-STU2026095-2026-10-06,STU2026095,ALG1-C,2026-10-06,Present,0,
ATT-STU2026095-2026-10-07,STU2026095,ALG1-C,2026-10-07,Present,0,
ATT-STU2026095-2026-10-08,STU2026095,ALG1-C,2026-10-08,Present,0,
ATT-STU2026095-2026-10-09,STU2026095,ALG1-C,2026-10-09,Present,0,
ATT-STU2026095-2026-10-12,STU2026095,ALG1-C,2026-10-12,Present,0,
ATT-STU2026095-2026-10-13,STU2026095,ALG1-C,2026-10-13,Present,0,
ATT-STU2026095-2026-10-14,STU2026095,ALG1-C,2026-10-14,Present,0,
ATT-STU2026095-2026-10-15,STU2026095,ALG1-C,2026-10-15,Present,0,
ATT-STU2026095-2026-10-16,STU2026095,ALG1-C,2026-10-16,Present,0,
ATT-STU2026095-2026-10-19,STU2026095,ALG1-C,2026-10-19,Present,0,
ATT-STU2026095-2026-10-20,STU2026095,ALG1-C,2026-10-20,Present,0,
ATT-STU2026095-2026-10-21,STU2026095,ALG1-C,2026-10-21,Tardy,10,
ATT-STU2026095-2026-10-22,STU2026095,ALG1-C,2026-10-22,Present,0,
ATT-STU2026095-2026-10-23,STU2026095,ALG1-C,2026-10-23,Present,0,
ATT-STU2026095-2026-10-26,STU2026095,ALG1-C,2026-10-26,Present,0,
ATT-STU2026095-2026-10-27,STU2026095,ALG1-C,2026-10-27,Present,0,
ATT-STU2026095-2026-10-28,STU2026095,ALG1-C,2026-10-28,Present,0,
ATT-STU2026095-2026-10-29,STU2026095,ALG1-C,2026-10-29,Present,0,
ATT-STU2026095-2026-10-30,STU2026095,ALG1-C,2026-10-30,Present,0,
ATT-STU2026095-2026-11-02,STU2026095,ALG1-C,2026-11-02,Present,0,
ATT-STU2026095-2026-11-03,STU2026095,ALG1-C,2026-11-03,Present,0,
ATT-STU2026095-2026-11-04,STU2026095,ALG1-C,2026-11-04,Present,0,
ATT-STU2026095-2026-11-05,STU2026095,ALG1-C,2026-11-05,Present,0,
ATT-STU2026095-2026-11-06,STU2026095,ALG1-C,2026-11-06,Present,0,
ATT-STU2026095-2026-11-09,STU2026095,ALG1-C,2026-11-09,Tardy,15,
ATT-STU2026096-2026-09-08,STU2026096,ALG1-C,2026-09-08,Present,0,
ATT-STU2026096-2026-09-09,STU2026096,ALG1-C,2026-09-09,Present,0,
ATT-STU2026096-2026-09-10,STU2026096,ALG1-C,2026-09-10,Present,0,
ATT-STU2026096-2026-09-11,STU2026096,ALG1-C,2026-09-11,Present,0,
ATT-STU2026096-2026-09-14,STU2026096,ALG1-C,2026-09-14,Present,0,
ATT-STU2026096-2026-09-15,STU2026096,ALG1-C,2026-09-15,Present,0,
ATT-STU2026096-2026-09-16,STU2026096,ALG1-C,2026-09-16,Present,0,
ATT-STU2026096-2026-09-17,STU2026096,ALG1-C,2026-09-17,Present,0,
ATT-STU2026096-2026-09-18,STU2026096,ALG1-C,2026-09-18,Present,0,
ATT-STU2026096-2026-09-21,STU2026096,ALG1-C,2026-09-21,Present,0,
ATT-STU2026096-2026-09-22,STU2026096,ALG1-C,2026-09-22,Present,0,
ATT-STU2026096-2026-09-23,STU2026096,ALG1-C,2026-09-23,Present,0,
ATT-STU2026096-2026-09-24,STU2026096,ALG1-C,2026-09-24,Present,0,
ATT-STU2026096-2026-09-25,STU2026096,ALG1-C,2026-09-25,Present,0,
ATT-STU2026096-2026-09-28,STU2026096,ALG1-C,2026-09-28,Present,0,
ATT-STU2026096-2026-09-29,STU2026096,ALG1-C,2026-09-29,Present,0,
ATT-STU2026096-2026-09-30,STU2026096,ALG1-C,2026-09-30,Present,0,
ATT-STU2026096-2026-10-01,STU2026096,ALG1-C,2026-10-01,Present,0,
ATT-STU2026096-2026-10-02,STU2026096,ALG1-C,2026-10-02,Present,0,
ATT-STU2026096-2026-10-05,STU2026096,ALG1-C,2026-10-05,Present,0,
ATT-STU2026096-2026-10-06,STU2026096,ALG1-C,2026-10-06,Present,0,
ATT-STU2026096-2026-10-07,STU2026096,ALG1-C,2026-10-07,Present,0,
ATT-STU2026096-2026-10-08,STU2026096,ALG1-C,2026-10-08,Present,0,
ATT-STU2026096-2026-10-09,STU2026096,ALG1-C,2026-10-09,Present,0,
ATT-STU2026096-2026-10-12,STU2026096,ALG1-C,2026-10-12,Present,0,
ATT-STU2026096-2026-10-13,STU2026096,ALG1-C,2026-10-13,Tardy,7,
ATT-STU2026096-2026-10-14,STU2026096,ALG1-C,2026-10-14,Present,0,
ATT-STU2026096-2026-10-15,STU2026096,ALG1-C,2026-10-15,Present,0,
ATT-STU2026096-2026-10-16,STU2026096,ALG1-C,2026-10-16,Present,0,
ATT-STU2026096-2026-10-19,STU2026096,ALG1-C,2026-10-19,Present,0,
ATT-STU2026096-2026-10-20,STU2026096,ALG1-C,2026-10-20,Present,0,
ATT-STU2026096-2026-10-21,STU2026096,ALG1-C,2026-10-21,Present,0,
ATT-STU2026096-2026-10-22,STU2026096,ALG1-C,2026-10-22,Present,0,
ATT-STU2026096-2026-10-23,STU2026096,ALG1-C,2026-10-23,Present,0,
ATT-STU2026096-2026-10-26,STU2026096,ALG1-C,2026-10-26,Present,0,
ATT-STU2026096-2026-10-27,STU2026096,ALG1-C,2026-10-27,Present,0,
ATT-STU2026096-2026-10-28,STU2026096,ALG1-C,2026-10-28,Present,0,
ATT-STU2026096-2026-10-29,STU2026096,ALG1-C,2026-10-29,Present,0,
ATT-STU2026096-2026-10-30,STU2026096,ALG1-C,2026-10-30,Present,0,
ATT-STU2026096-2026-11-02,STU2026096,ALG1-C,2026-11-02,Present,0,
ATT-STU2026096-2026-11-03,STU2026096,ALG1-C,2026-11-03,Present,0,
ATT-STU2026096-2026-11-04,STU2026096,ALG1-C,2026-11-04,Present,0,
ATT-STU2026096-2026-11-05,STU2026096,ALG1-C,2026-11-05,Present,0,
ATT-STU2026096-2026-11-06,STU2026096,ALG1-C,2026-11-06,Present,0,
ATT-STU2026096-2026-11-09,STU2026096,ALG1-C,2026-11-09,Present,0,
ATT-STU2026097-2026-09-08,STU2026097,ALG1-C,2026-09-08,Present,0,
ATT-STU2026097-2026-09-09,STU2026097,ALG1-C,2026-09-09,Present,0,
ATT-STU2026097-2026-09-10,STU2026097,ALG1-C,2026-09-10,Present,0,
ATT-STU2026097-2026-09-11,STU2026097,ALG1-C,2026-09-11,Present,0,
ATT-STU2026097-2026-09-14,STU2026097,ALG1-C,2026-09-14,Present,0,
ATT-STU2026097-2026-09-15,STU2026097,ALG1-C,2026-09-15,Absent,0,No
ATT-STU2026097-2026-09-16,STU2026097,ALG1-C,2026-09-16,Absent,0,Yes
ATT-STU2026097-2026-09-17,STU2026097,ALG1-C,2026-09-17,Present,0,
ATT-STU2026097-2026-09-18,STU2026097,ALG1-C,2026-09-18,Present,0,
ATT-STU2026097-2026-09-21,STU2026097,ALG1-C,2026-09-21,Present,0,
ATT-STU2026097-2026-09-22,STU2026097,ALG1-C,2026-09-22,Present,0,
ATT-STU2026097-2026-09-23,STU2026097,ALG1-C,2026-09-23,Present,0,
ATT-STU2026097-2026-09-24,STU2026097,ALG1-C,2026-09-24,Present,0,
ATT-STU2026097-2026-09-25,STU2026097,ALG1-C,2026-09-25,Present,0,
ATT-STU2026097-2026-09-28,STU2026097,ALG1-C,2026-09-28,Absent,0,Yes
ATT-STU2026097-2026-09-29,STU2026097,ALG1-C,2026-09-29,Present,0,
ATT-STU2026097-2026-09-30,STU2026097,ALG1-C,2026-09-30,Present,0,
ATT-STU2026097-2026-10-01,STU2026097,ALG1-C,2026-10-01,Absent,0,Yes
ATT-STU2026097-2026-10-02,STU2026097,ALG1-C,2026-10-02,Present,0,
ATT-STU2026097-2026-10-05,STU2026097,ALG1-C,2026-10-05,Present,0,
ATT-STU2026097-2026-10-06,STU2026097,ALG1-C,2026-10-06,Present,0,
ATT-STU2026097-2026-10-07,STU2026097,ALG1-C,2026-10-07,Present,0,
ATT-STU2026097-2026-10-08,STU2026097,ALG1-C,2026-10-08,Absent,0,Yes
ATT-STU2026097-2026-10-09,STU2026097,ALG1-C,2026-10-09,Present,0,
ATT-STU2026097-2026-10-12,STU2026097,ALG1-C,2026-10-12,Present,0,
ATT-STU2026097-2026-10-13,STU2026097,ALG1-C,2026-10-13,Present,0,
ATT-STU2026097-2026-10-14,STU2026097,ALG1-C,2026-10-14,Present,0,
ATT-STU2026097-2026-10-15,STU2026097,ALG1-C,2026-10-15,Present,0,
ATT-STU2026097-2026-10-16,STU2026097,ALG1-C,2026-10-16,Present,0,
ATT-STU2026097-2026-10-19,STU2026097,ALG1-C,2026-10-19,Absent,0,Yes
ATT-STU2026097-2026-10-20,STU2026097,ALG1-C,2026-10-20,Present,0,
ATT-STU2026097-2026-10-21,STU2026097,ALG1-C,2026-10-21,Absent,0,No
ATT-STU2026097-2026-10-22,STU2026097,ALG1-C,2026-10-22,Present,0,
ATT-STU2026097-2026-10-23,STU2026097,ALG1-C,2026-10-23,Present,0,
ATT-STU2026097-2026-10-26,STU2026097,ALG1-C,2026-10-26,Absent,0,No
ATT-STU2026097-2026-10-27,STU2026097,ALG1-C,2026-10-27,Present,0,
ATT-STU2026097-2026-10-28,STU2026097,ALG1-C,2026-10-28,Present,0,
ATT-STU2026097-2026-10-29,STU2026097,ALG1-C,2026-10-29,Absent,0,Yes
ATT-STU2026097-2026-10-30,STU2026097,ALG1-C,2026-10-30,Present,0,
ATT-STU2026097-2026-11-02,STU2026097,ALG1-C,2026-11-02,Present,0,
ATT-STU2026097-2026-11-03,STU2026097,ALG1-C,2026-11-03,Absent,0,No
ATT-STU2026097-2026-11-04,STU2026097,ALG1-C,2026-11-04,Present,0,
ATT-STU2026097-2026-11-05,STU2026097,ALG1-C,2026-11-05,Present,0,
ATT-STU2026097-2026-11-06,STU2026097,ALG1-C,2026-11-06,Present,0,
ATT-STU2026097-2026-11-09,STU2026097,ALG1-C,2026-11-09,Present,0,
ATT-STU2026098-2026-09-08,STU2026098,ALG1-C,2026-09-08,Present,0,
ATT-STU2026098-2026-09-09,STU2026098,ALG1-C,2026-09-09,Present,0,
ATT-STU2026098-2026-09-10,STU2026098,ALG1-C,2026-09-10,Present,0,
ATT-STU2026098-2026-09-11,STU2026098,ALG1-C,2026-09-11,Present,0,
ATT-STU2026098-2026-09-14,STU2026098,ALG1-C,2026-09-14,Present,0,
ATT-STU2026098-2026-09-15,STU2026098,ALG1-C,2026-09-15,Present,0,
ATT-STU2026098-2026-09-16,STU2026098,ALG1-C,2026-09-16,Present,0,
ATT-STU2026098-2026-09-17,STU2026098,ALG1-C,2026-09-17,Present,0,
ATT-STU2026098-2026-09-18,STU2026098,ALG1-C,2026-09-18,Present,0,
ATT-STU2026098-2026-09-21,STU2026098,ALG1-C,2026-09-21,Present,0,
ATT-STU2026098-2026-09-22,STU2026098,ALG1-C,2026-09-22,Present,0,
ATT-STU2026098-2026-09-23,STU2026098,ALG1-C,2026-09-23,Present,0,
ATT-STU2026098-2026-09-24,STU2026098,ALG1-C,2026-09-24,Present,0,
ATT-STU2026098-2026-09-25,STU2026098,ALG1-C,2026-09-25,Present,0,
ATT-STU2026098-2026-09-28,STU2026098,ALG1-C,2026-09-28,Absent,0,No
ATT-STU2026098-2026-09-29,STU2026098,ALG1-C,2026-09-29,Tardy,10,
ATT-STU2026098-2026-09-30,STU2026098,ALG1-C,2026-09-30,Present,0,
ATT-STU2026098-2026-10-01,STU2026098,ALG1-C,2026-10-01,Absent,0,No
ATT-STU2026098-2026-10-02,STU2026098,ALG1-C,2026-10-02,Present,0,
ATT-STU2026098-2026-10-05,STU2026098,ALG1-C,2026-10-05,Present,0,
ATT-STU2026098-2026-10-06,STU2026098,ALG1-C,2026-10-06,Present,0,
ATT-STU2026098-2026-10-07,STU2026098,ALG1-C,2026-10-07,Present,0,
ATT-STU2026098-2026-10-08,STU2026098,ALG1-C,2026-10-08,Tardy,3,
ATT-STU2026098-2026-10-09,STU2026098,ALG1-C,2026-10-09,Present,0,
ATT-STU2026098-2026-10-12,STU2026098,ALG1-C,2026-10-12,Present,0,
ATT-STU2026098-2026-10-13,STU2026098,ALG1-C,2026-10-13,Present,0,
ATT-STU2026098-2026-10-14,STU2026098,ALG1-C,2026-10-14,Present,0,
ATT-STU2026098-2026-10-15,STU2026098,ALG1-C,2026-10-15,Present,0,
ATT-STU2026098-2026-10-16,STU2026098,ALG1-C,2026-10-16,Present,0,
ATT-STU2026098-2026-10-19,STU2026098,ALG1-C,2026-10-19,Present,0,
ATT-STU2026098-2026-10-20,STU2026098,ALG1-C,2026-10-20,Present,0,
ATT-STU2026098-2026-10-21,STU2026098,ALG1-C,2026-10-21,Absent,0,No
ATT-STU2026098-2026-10-22,STU2026098,ALG1-C,2026-10-22,Present,0,
ATT-STU2026098-2026-10-23,STU2026098,ALG1-C,2026-10-23,Present,0,
ATT-STU2026098-2026-10-26,STU2026098,ALG1-C,2026-10-26,Present,0,
ATT-STU2026098-2026-10-27,STU2026098,ALG1-C,2026-10-27,Present,0,
ATT-STU2026098-2026-10-28,STU2026098,ALG1-C,2026-10-28,Present,0,
ATT-STU2026098-2026-10-29,STU2026098,ALG1-C,2026-10-29,Present,0,
ATT-STU2026098-2026-10-30,STU2026098,ALG1-C,2026-10-30,Present,0,
ATT-STU2026098-2026-11-02,STU2026098,ALG1-C,2026-11-02,Present,0,
ATT-STU2026098-2026-11-03,STU2026098,ALG1-C,2026-11-03,Present,0,
ATT-STU2026098-2026-11-04,STU2026098,ALG1-C,2026-11-04,Present,0,
ATT-STU2026098-2026-11-05,STU2026098,ALG1-C,2026-11-05,Present,0,
ATT-STU2026098-2026-11-06,STU2026098,ALG1-C,2026-11-06,Present,0,
ATT-STU2026098-2026-11-09,STU2026098,ALG1-C,2026-11-09,Present,0,
ATT-STU2026099-2026-09-08,STU2026099,ALG1-C,2026-09-08,Present,0,
ATT-STU2026099-2026-09-09,STU2026099,ALG1-C,2026-09-09,Present,0,
ATT-STU2026099-2026-09-10,STU2026099,ALG1-C,2026-09-10,Present,0,
ATT-STU2026099-2026-09-11,STU2026099,ALG1-C,2026-09-11,Present,0,
ATT-STU2026099-2026-09-14,STU2026099,ALG1-C,2026-09-14,Present,0,
ATT-STU2026099-2026-09-15,STU2026099,ALG1-C,2026-09-15,Present,0,
ATT-STU2026099-2026-09-16,STU2026099,ALG1-C,2026-09-16,Present,0,
ATT-STU2026099-2026-09-17,STU2026099,ALG1-C,2026-09-17,Present,0,
ATT-STU2026099-2026-09-18,STU2026099,ALG1-C,2026-09-18,Present,0,
ATT-STU2026099-2026-09-21,STU2026099,ALG1-C,2026-09-21,Present,0,
ATT-STU2026099-2026-09-22,STU2026099,ALG1-C,2026-09-22,Present,0,
ATT-STU2026099-2026-09-23,STU2026099,ALG1-C,2026-09-23,Present,0,
ATT-STU2026099-2026-09-24,STU2026099,ALG1-C,2026-09-24,Present,0,
ATT-STU2026099-2026-09-25,STU2026099,ALG1-C,2026-09-25,Present,0,
ATT-STU2026099-2026-09-28,STU2026099,ALG1-C,2026-09-28,Present,0,
ATT-STU2026099-2026-09-29,STU2026099,ALG1-C,2026-09-29,Present,0,
ATT-STU2026099-2026-09-30,STU2026099,ALG1-C,2026-09-30,Present,0,
ATT-STU2026099-2026-10-01,STU2026099,ALG1-C,2026-10-01,Present,0,
ATT-STU2026099-2026-10-02,STU2026099,ALG1-C,2026-10-02,Tardy,10,
ATT-STU2026099-2026-10-05,STU2026099,ALG1-C,2026-10-05,Present,0,
ATT-STU2026099-2026-10-06,STU2026099,ALG1-C,2026-10-06,Present,0,
ATT-STU2026099-2026-10-07,STU2026099,ALG1-C,2026-10-07,Present,0,
ATT-STU2026099-2026-10-08,STU2026099,ALG1-C,2026-10-08,Present,0,
ATT-STU2026099-2026-10-09,STU2026099,ALG1-C,2026-10-09,Present,0,
ATT-STU2026099-2026-10-12,STU2026099,ALG1-C,2026-10-12,Present,0,
ATT-STU2026099-2026-10-13,STU2026099,ALG1-C,2026-10-13,Present,0,
ATT-STU2026099-2026-10-14,STU2026099,ALG1-C,2026-10-14,Absent,0,No
ATT-STU2026099-2026-10-15,STU2026099,ALG1-C,2026-10-15,Present,0,
ATT-STU2026099-2026-10-16,STU2026099,ALG1-C,2026-10-16,Absent,0,No
ATT-STU2026099-2026-10-19,STU2026099,ALG1-C,2026-10-19,Present,0,
ATT-STU2026099-2026-10-20,STU2026099,ALG1-C,2026-10-20,Present,0,
ATT-STU2026099-2026-10-21,STU2026099,ALG1-C,2026-10-21,Present,0,
ATT-STU2026099-2026-10-22,STU2026099,ALG1-C,2026-10-22,Present,0,
ATT-STU2026099-2026-10-23,STU2026099,ALG1-C,2026-10-23,Present,0,
ATT-STU2026099-2026-10-26,STU2026099,ALG1-C,2026-10-26,Present,0,
ATT-STU2026099-2026-10-27,STU2026099,ALG1-C,2026-10-27,Present,0,
ATT-STU2026099-2026-10-28,STU2026099,ALG1-C,2026-10-28,Present,0,
ATT-STU2026099-2026-10-29,STU2026099,ALG1-C,2026-10-29,Present,0,
ATT-STU2026099-2026-10-30,STU2026099,ALG1-C,2026-10-30,Present,0,
ATT-STU2026099-2026-11-02,STU2026099,ALG1-C,2026-11-02,Present,0,
ATT-STU2026099-2026-11-03,STU2026099,ALG1-C,2026-11-03,Present,0,
ATT-STU2026099-2026-11-04,STU2026099,ALG1-C,2026-11-04,Present,0,
ATT-STU2026099-2026-11-05,STU2026099,ALG1-C,2026-11-05,Present,0,
ATT-STU2026099-2026-11-06,STU2026099,ALG1-C,2026-11-06,Present,0,
ATT-STU2026099-2026-11-09,STU2026099,ALG1-C,2026-11-09,Present,0,
ATT-STU2026100-2026-09-08,STU2026100,ALG1-C,2026-09-08,Absent,0,Yes
ATT-STU2026100-2026-09-09,STU2026100,ALG1-C,2026-09-09,Present,0,
ATT-STU2026100-2026-09-10,STU2026100,ALG1-C,2026-09-10,Present,0,
ATT-STU2026100-2026-09-11,STU2026100,ALG1-C,2026-09-11,Present,0,
ATT-STU2026100-2026-09-14,STU2026100,ALG1-C,2026-09-14,Present,0,
ATT-STU2026100-2026-09-15,STU2026100,ALG1-C,2026-09-15,Absent,0,Yes
ATT-STU2026100-2026-09-16,STU2026100,ALG1-C,2026-09-16,Present,0,
ATT-STU2026100-2026-09-17,STU2026100,ALG1-C,2026-09-17,Present,0,
ATT-STU2026100-2026-09-18,STU2026100,ALG1-C,2026-09-18,Present,0,
ATT-STU2026100-2026-09-21,STU2026100,ALG1-C,2026-09-21,Present,0,
ATT-STU2026100-2026-09-22,STU2026100,ALG1-C,2026-09-22,Present,0,
ATT-STU2026100-2026-09-23,STU2026100,ALG1-C,2026-09-23,Present,0,
ATT-STU2026100-2026-09-24,STU2026100,ALG1-C,2026-09-24,Present,0,
ATT-STU2026100-2026-09-25,STU2026100,ALG1-C,2026-09-25,Absent,0,Yes
ATT-STU2026100-2026-09-28,STU2026100,ALG1-C,2026-09-28,Present,0,
ATT-STU2026100-2026-09-29,STU2026100,ALG1-C,2026-09-29,Present,0,
ATT-STU2026100-2026-09-30,STU2026100,ALG1-C,2026-09-30,Present,0,
ATT-STU2026100-2026-10-01,STU2026100,ALG1-C,2026-10-01,Present,0,
ATT-STU2026100-2026-10-02,STU2026100,ALG1-C,2026-10-02,Present,0,
ATT-STU2026100-2026-10-05,STU2026100,ALG1-C,2026-10-05,Absent,0,No
ATT-STU2026100-2026-10-06,STU2026100,ALG1-C,2026-10-06,Present,0,
ATT-STU2026100-2026-10-07,STU2026100,ALG1-C,2026-10-07,Present,0,
ATT-STU2026100-2026-10-08,STU2026100,ALG1-C,2026-10-08,Present,0,
ATT-STU2026100-2026-10-09,STU2026100,ALG1-C,2026-10-09,Present,0,
ATT-STU2026100-2026-10-12,STU2026100,ALG1-C,2026-10-12,Present,0,
ATT-STU2026100-2026-10-13,STU2026100,ALG1-C,2026-10-13,Absent,0,Yes
ATT-STU2026100-2026-10-14,STU2026100,ALG1-C,2026-10-14,Present,0,
ATT-STU2026100-2026-10-15,STU2026100,ALG1-C,2026-10-15,Present,0,
ATT-STU2026100-2026-10-16,STU2026100,ALG1-C,2026-10-16,Present,0,
ATT-STU2026100-2026-10-19,STU2026100,ALG1-C,2026-10-19,Absent,0,Yes
ATT-STU2026100-2026-10-20,STU2026100,ALG1-C,2026-10-20,Present,0,
ATT-STU2026100-2026-10-21,STU2026100,ALG1-C,2026-10-21,Present,0,
ATT-STU2026100-2026-10-22,STU2026100,ALG1-C,2026-10-22,Absent,0,Yes
ATT-STU2026100-2026-10-23,STU2026100,ALG1-C,2026-10-23,Present,0,
ATT-STU2026100-2026-10-26,STU2026100,ALG1-C,2026-10-26,Present,0,
ATT-STU2026100-2026-10-27,STU2026100,ALG1-C,2026-10-27,Present,0,
ATT-STU2026100-2026-10-28,STU2026100,ALG1-C,2026-10-28,Present,0,
ATT-STU2026100-2026-10-29,STU2026100,ALG1-C,2026-10-29,Present,0,
ATT-STU2026100-2026-10-30,STU2026100,ALG1-C,2026-10-30,Present,0,
ATT-STU2026100-2026-11-02,STU2026100,ALG1-C,2026-11-02,Present,0,
ATT-STU2026100-2026-11-03,STU2026100,ALG1-C,2026-11-03,Absent,0,No
ATT-STU2026100-2026-11-04,STU2026100,ALG1-C,2026-11-04,Absent,0,No
ATT-STU2026100-2026-11-05,STU2026100,ALG1-C,2026-11-05,Present,0,
ATT-STU2026100-2026-11-06,STU2026100,ALG1-C,2026-11-06,Present,0,
ATT-STU2026100-2026-11-09,STU2026100,ALG1-C,2026-11-09,Present,0,
ATT-STU2026101-2026-09-08,STU2026101,ALG1-C,2026-09-08,Present,0,
ATT-STU2026101-2026-09-09,STU2026101,ALG1-C,2026-09-09,Present,0,
ATT-STU2026101-2026-09-10,STU2026101,ALG1-C,2026-09-10,Present,0,
ATT-STU2026101-2026-09-11,STU2026101,ALG1-C,2026-09-11,Absent,0,No
ATT-STU2026101-2026-09-14,STU2026101,ALG1-C,2026-09-14,Absent,0,Yes
ATT-STU2026101-2026-09-15,STU2026101,ALG1-C,2026-09-15,Present,0,
ATT-STU2026101-2026-09-16,STU2026101,ALG1-C,2026-09-16,Present,0,
ATT-STU2026101-2026-09-17,STU2026101,ALG1-C,2026-09-17,Absent,0,No
ATT-STU2026101-2026-09-18,STU2026101,ALG1-C,2026-09-18,Present,0,
ATT-STU2026101-2026-09-21,STU2026101,ALG1-C,2026-09-21,Present,0,
ATT-STU2026101-2026-09-22,STU2026101,ALG1-C,2026-09-22,Present,0,
ATT-STU2026101-2026-09-23,STU2026101,ALG1-C,2026-09-23,Present,0,
ATT-STU2026101-2026-09-24,STU2026101,ALG1-C,2026-09-24,Present,0,
ATT-STU2026101-2026-09-25,STU2026101,ALG1-C,2026-09-25,Present,0,
ATT-STU2026101-2026-09-28,STU2026101,ALG1-C,2026-09-28,Present,0,
ATT-STU2026101-2026-09-29,STU2026101,ALG1-C,2026-09-29,Absent,0,Yes
ATT-STU2026101-2026-09-30,STU2026101,ALG1-C,2026-09-30,Present,0,
ATT-STU2026101-2026-10-01,STU2026101,ALG1-C,2026-10-01,Present,0,
ATT-STU2026101-2026-10-02,STU2026101,ALG1-C,2026-10-02,Present,0,
ATT-STU2026101-2026-10-05,STU2026101,ALG1-C,2026-10-05,Present,0,
ATT-STU2026101-2026-10-06,STU2026101,ALG1-C,2026-10-06,Present,0,
ATT-STU2026101-2026-10-07,STU2026101,ALG1-C,2026-10-07,Present,0,
ATT-STU2026101-2026-10-08,STU2026101,ALG1-C,2026-10-08,Present,0,
ATT-STU2026101-2026-10-09,STU2026101,ALG1-C,2026-10-09,Present,0,
ATT-STU2026101-2026-10-12,STU2026101,ALG1-C,2026-10-12,Present,0,
ATT-STU2026101-2026-10-13,STU2026101,ALG1-C,2026-10-13,Present,0,
ATT-STU2026101-2026-10-14,STU2026101,ALG1-C,2026-10-14,Absent,0,Yes
ATT-STU2026101-2026-10-15,STU2026101,ALG1-C,2026-10-15,Present,0,
ATT-STU2026101-2026-10-16,STU2026101,ALG1-C,2026-10-16,Present,0,
ATT-STU2026101-2026-10-19,STU2026101,ALG1-C,2026-10-19,Present,0,
ATT-STU2026101-2026-10-20,STU2026101,ALG1-C,2026-10-20,Absent,0,Yes
ATT-STU2026101-2026-10-21,STU2026101,ALG1-C,2026-10-21,Absent,0,No
ATT-STU2026101-2026-10-22,STU2026101,ALG1-C,2026-10-22,Present,0,
ATT-STU2026101-2026-10-23,STU2026101,ALG1-C,2026-10-23,Present,0,
ATT-STU2026101-2026-10-26,STU2026101,ALG1-C,2026-10-26,Present,0,
ATT-STU2026101-2026-10-27,STU2026101,ALG1-C,2026-10-27,Present,0,
ATT-STU2026101-2026-10-28,STU2026101,ALG1-C,2026-10-28,Present,0,
ATT-STU2026101-2026-10-29,STU2026101,ALG1-C,2026-10-29,Present,0,
ATT-STU2026101-2026-10-30,STU2026101,ALG1-C,2026-10-30,Present,0,
ATT-STU2026101-2026-11-02,STU2026101,ALG1-C,2026-11-02,Present,0,
ATT-STU2026101-2026-11-03,STU2026101,ALG1-C,2026-11-03,Present,0,
ATT-STU2026101-2026-11-04,STU2026101,ALG1-C,2026-11-04,Present,0,
ATT-STU2026101-2026-11-05,STU2026101,ALG1-C,2026-11-05,Absent,0,No
ATT-STU2026101-2026-11-06,STU2026101,ALG1-C,2026-11-06,Absent,0,Yes
ATT-STU2026101-2026-11-09,STU2026101,ALG1-C,2026-11-09,Present,0,
ATT-STU2026102-2026-09-08,STU2026102,ALG1-C,2026-09-08,Present,0,
ATT-STU2026102-2026-09-09,STU2026102,ALG1-C,2026-09-09,Present,0,
ATT-STU2026102-2026-09-10,STU2026102,ALG1-C,2026-09-10,Present,0,
ATT-STU2026102-2026-09-11,STU2026102,ALG1-C,2026-09-11,Absent,0,Yes
ATT-STU2026102-2026-09-14,STU2026102,ALG1-C,2026-09-14,Present,0,
ATT-STU2026102-2026-09-15,STU2026102,ALG1-C,2026-09-15,Present,0,
ATT-STU2026102-2026-09-16,STU2026102,ALG1-C,2026-09-16,Present,0,
ATT-STU2026102-2026-09-17,STU2026102,ALG1-C,2026-09-17,Tardy,5,
ATT-STU2026102-2026-09-18,STU2026102,ALG1-C,2026-09-18,Present,0,
ATT-STU2026102-2026-09-21,STU2026102,ALG1-C,2026-09-21,Present,0,
ATT-STU2026102-2026-09-22,STU2026102,ALG1-C,2026-09-22,Present,0,
ATT-STU2026102-2026-09-23,STU2026102,ALG1-C,2026-09-23,Present,0,
ATT-STU2026102-2026-09-24,STU2026102,ALG1-C,2026-09-24,Present,0,
ATT-STU2026102-2026-09-25,STU2026102,ALG1-C,2026-09-25,Present,0,
ATT-STU2026102-2026-09-28,STU2026102,ALG1-C,2026-09-28,Present,0,
ATT-STU2026102-2026-09-29,STU2026102,ALG1-C,2026-09-29,Absent,0,No
ATT-STU2026102-2026-09-30,STU2026102,ALG1-C,2026-09-30,Absent,0,Yes
ATT-STU2026102-2026-10-01,STU2026102,ALG1-C,2026-10-01,Present,0,
ATT-STU2026102-2026-10-02,STU2026102,ALG1-C,2026-10-02,Present,0,
ATT-STU2026102-2026-10-05,STU2026102,ALG1-C,2026-10-05,Absent,0,Yes
ATT-STU2026102-2026-10-06,STU2026102,ALG1-C,2026-10-06,Present,0,
ATT-STU2026102-2026-10-07,STU2026102,ALG1-C,2026-10-07,Present,0,
ATT-STU2026102-2026-10-08,STU2026102,ALG1-C,2026-10-08,Present,0,
ATT-STU2026102-2026-10-09,STU2026102,ALG1-C,2026-10-09,Present,0,
ATT-STU2026102-2026-10-12,STU2026102,ALG1-C,2026-10-12,Absent,0,No
ATT-STU2026102-2026-10-13,STU2026102,ALG1-C,2026-10-13,Present,0,
ATT-STU2026102-2026-10-14,STU2026102,ALG1-C,2026-10-14,Present,0,
ATT-STU2026102-2026-10-15,STU2026102,ALG1-C,2026-10-15,Present,0,
ATT-STU2026102-2026-10-16,STU2026102,ALG1-C,2026-10-16,Present,0,
ATT-STU2026102-2026-10-19,STU2026102,ALG1-C,2026-10-19,Present,0,
ATT-STU2026102-2026-10-20,STU2026102,ALG1-C,2026-10-20,Present,0,
ATT-STU2026102-2026-10-21,STU2026102,ALG1-C,2026-10-21,Present,0,
ATT-STU2026102-2026-10-22,STU2026102,ALG1-C,2026-10-22,Present,0,
ATT-STU2026102-2026-10-23,STU2026102,ALG1-C,2026-10-23,Present,0,
ATT-STU2026102-2026-10-26,STU2026102,ALG1-C,2026-10-26,Present,0,
ATT-STU2026102-2026-10-27,STU2026102,ALG1-C,2026-10-27,Absent,0,No
ATT-STU2026102-2026-10-28,STU2026102,ALG1-C,2026-10-28,Tardy,10,
ATT-STU2026102-2026-10-29,STU2026102,ALG1-C,2026-10-29,Present,0,
ATT-STU2026102-2026-10-30,STU2026102,ALG1-C,2026-10-30,Present,0,
ATT-STU2026102-2026-11-02,STU2026102,ALG1-C,2026-11-02,Present,0,
ATT-STU2026102-2026-11-03,STU2026102,ALG1-C,2026-11-03,Present,0,
ATT-STU2026102-2026-11-04,STU2026102,ALG1-C,2026-11-04,Present,0,
ATT-STU2026102-2026-11-05,STU2026102,ALG1-C,2026-11-05,Present,0,
ATT-STU2026102-2026-11-06,STU2026102,ALG1-C,2026-11-06,Tardy,15,
ATT-STU2026102-2026-11-09,STU2026102,ALG1-C,2026-11-09,Present,0,
ATT-STU2026103-2026-09-08,STU2026103,ALG1-C,2026-09-08,Present,0,
ATT-STU2026103-2026-09-09,STU2026103,ALG1-C,2026-09-09,Present,0,
ATT-STU2026103-2026-09-10,STU2026103,ALG1-C,2026-09-10,Present,0,
ATT-STU2026103-2026-09-11,STU2026103,ALG1-C,2026-09-11,Present,0,
ATT-STU2026103-2026-09-14,STU2026103,ALG1-C,2026-09-14,Absent,0,Yes
ATT-STU2026103-2026-09-15,STU2026103,ALG1-C,2026-09-15,Present,0,
ATT-STU2026103-2026-09-16,STU2026103,ALG1-C,2026-09-16,Present,0,
ATT-STU2026103-2026-09-17,STU2026103,ALG1-C,2026-09-17,Present,0,
ATT-STU2026103-2026-09-18,STU2026103,ALG1-C,2026-09-18,Present,0,
ATT-STU2026103-2026-09-21,STU2026103,ALG1-C,2026-09-21,Present,0,
ATT-STU2026103-2026-09-22,STU2026103,ALG1-C,2026-09-22,Present,0,
ATT-STU2026103-2026-09-23,STU2026103,ALG1-C,2026-09-23,Absent,0,No
ATT-STU2026103-2026-09-24,STU2026103,ALG1-C,2026-09-24,Present,0,
ATT-STU2026103-2026-09-25,STU2026103,ALG1-C,2026-09-25,Present,0,
ATT-STU2026103-2026-09-28,STU2026103,ALG1-C,2026-09-28,Present,0,
ATT-STU2026103-2026-09-29,STU2026103,ALG1-C,2026-09-29,Present,0,
ATT-STU2026103-2026-09-30,STU2026103,ALG1-C,2026-09-30,Present,0,
ATT-STU2026103-2026-10-01,STU2026103,ALG1-C,2026-10-01,Present,0,
ATT-STU2026103-2026-10-02,STU2026103,ALG1-C,2026-10-02,Present,0,
ATT-STU2026103-2026-10-05,STU2026103,ALG1-C,2026-10-05,Present,0,
ATT-STU2026103-2026-10-06,STU2026103,ALG1-C,2026-10-06,Present,0,
ATT-STU2026103-2026-10-07,STU2026103,ALG1-C,2026-10-07,Present,0,
ATT-STU2026103-2026-10-08,STU2026103,ALG1-C,2026-10-08,Present,0,
ATT-STU2026103-2026-10-09,STU2026103,ALG1-C,2026-10-09,Present,0,
ATT-STU2026103-2026-10-12,STU2026103,ALG1-C,2026-10-12,Present,0,
ATT-STU2026103-2026-10-13,STU2026103,ALG1-C,2026-10-13,Present,0,
ATT-STU2026103-2026-10-14,STU2026103,ALG1-C,2026-10-14,Present,0,
ATT-STU2026103-2026-10-15,STU2026103,ALG1-C,2026-10-15,Absent,0,No
ATT-STU2026103-2026-10-16,STU2026103,ALG1-C,2026-10-16,Present,0,
ATT-STU2026103-2026-10-19,STU2026103,ALG1-C,2026-10-19,Present,0,
ATT-STU2026103-2026-10-20,STU2026103,ALG1-C,2026-10-20,Present,0,
ATT-STU2026103-2026-10-21,STU2026103,ALG1-C,2026-10-21,Present,0,
ATT-STU2026103-2026-10-22,STU2026103,ALG1-C,2026-10-22,Present,0,
ATT-STU2026103-2026-10-23,STU2026103,ALG1-C,2026-10-23,Present,0,
ATT-STU2026103-2026-10-26,STU2026103,ALG1-C,2026-10-26,Present,0,
ATT-STU2026103-2026-10-27,STU2026103,ALG1-C,2026-10-27,Present,0,
ATT-STU2026103-2026-10-28,STU2026103,ALG1-C,2026-10-28,Present,0,
ATT-STU2026103-2026-10-29,STU2026103,ALG1-C,2026-10-29,Present,0,
ATT-STU2026103-2026-10-30,STU2026103,ALG1-C,2026-10-30,Absent,0,No
ATT-STU2026103-2026-11-02,STU2026103,ALG1-C,2026-11-02,Present,0,
ATT-STU2026103-2026-11-03,STU2026103,ALG1-C,2026-11-03,Present,0,
ATT-STU2026103-2026-11-04,STU2026103,ALG1-C,2026-11-04,Absent,0,No
ATT-STU2026103-2026-11-05,STU2026103,ALG1-C,2026-11-05,Present,0,
ATT-STU2026103-2026-11-06,STU2026103,ALG1-C,2026-11-06,Present,0,
ATT-STU2026103-2026-11-09,STU2026103,ALG1-C,2026-11-09,Present,0,
ATT-STU2026104-2026-09-08,STU2026104,ALG1-C,2026-09-08,Present,0,
ATT-STU2026104-2026-09-09,STU2026104,ALG1-C,2026-09-09,Present,0,
ATT-STU2026104-2026-09-10,STU2026104,ALG1-C,2026-09-10,Present,0,
ATT-STU2026104-2026-09-11,STU2026104,ALG1-C,2026-09-11,Present,0,
ATT-STU2026104-2026-09-14,STU2026104,ALG1-C,2026-09-14,Present,0,
ATT-STU2026104-2026-09-15,STU2026104,ALG1-C,2026-09-15,Present,0,
ATT-STU2026104-2026-09-16,STU2026104,ALG1-C,2026-09-16,Present,0,
ATT-STU2026104-2026-09-17,STU2026104,ALG1-C,2026-09-17,Present,0,
ATT-STU2026104-2026-09-18,STU2026104,ALG1-C,2026-09-18,Present,0,
ATT-STU2026104-2026-09-21,STU2026104,ALG1-C,2026-09-21,Present,0,
ATT-STU2026104-2026-09-22,STU2026104,ALG1-C,2026-09-22,Present,0,
ATT-STU2026104-2026-09-23,STU2026104,ALG1-C,2026-09-23,Present,0,
ATT-STU2026104-2026-09-24,STU2026104,ALG1-C,2026-09-24,Present,0,
ATT-STU2026104-2026-09-25,STU2026104,ALG1-C,2026-09-25,Present,0,
ATT-STU2026104-2026-09-28,STU2026104,ALG1-C,2026-09-28,Present,0,
ATT-STU2026104-2026-09-29,STU2026104,ALG1-C,2026-09-29,Present,0,
ATT-STU2026104-2026-09-30,STU2026104,ALG1-C,2026-09-30,Present,0,
ATT-STU2026104-2026-10-01,STU2026104,ALG1-C,2026-10-01,Present,0,
ATT-STU2026104-2026-10-02,STU2026104,ALG1-C,2026-10-02,Present,0,
ATT-STU2026104-2026-10-05,STU2026104,ALG1-C,2026-10-05,Present,0,
ATT-STU2026104-2026-10-06,STU2026104,ALG1-C,2026-10-06,Tardy,15,
ATT-STU2026104-2026-10-07,STU2026104,ALG1-C,2026-10-07,Present,0,
ATT-STU2026104-2026-10-08,STU2026104,ALG1-C,2026-10-08,Present,0,
ATT-STU2026104-2026-10-09,STU2026104,ALG1-C,2026-10-09,Present,0,
ATT-STU2026104-2026-10-12,STU2026104,ALG1-C,2026-10-12,Present,0,
ATT-STU2026104-2026-10-13,STU2026104,ALG1-C,2026-10-13,Present,0,
ATT-STU2026104-2026-10-14,STU2026104,ALG1-C,2026-10-14,Present,0,
ATT-STU2026104-2026-10-15,STU2026104,ALG1-C,2026-10-15,Present,0,
ATT-STU2026104-2026-10-16,STU2026104,ALG1-C,2026-10-16,Present,0,
ATT-STU2026104-2026-10-19,STU2026104,ALG1-C,2026-10-19,Present,0,
ATT-STU2026104-2026-10-20,STU2026104,ALG1-C,2026-10-20,Present,0,
ATT-STU2026104-2026-10-21,STU2026104,ALG1-C,2026-10-21,Absent,0,No
ATT-STU2026104-2026-10-22,STU2026104,ALG1-C,2026-10-22,Absent,0,No
ATT-STU2026104-2026-10-23,STU2026104,ALG1-C,2026-10-23,Absent,0,Yes
ATT-STU2026104-2026-10-26,STU2026104,ALG1-C,2026-10-26,Present,0,
ATT-STU2026104-2026-10-27,STU2026104,ALG1-C,2026-10-27,Present,0,
ATT-STU2026104-2026-10-28,STU2026104,ALG1-C,2026-10-28,Present,0,
ATT-STU2026104-2026-10-29,STU2026104,ALG1-C,2026-10-29,Present,0,
ATT-STU2026104-2026-10-30,STU2026104,ALG1-C,2026-10-30,Tardy,7,
ATT-STU2026104-2026-11-02,STU2026104,ALG1-C,2026-11-02,Present,0,
ATT-STU2026104-2026-11-03,STU2026104,ALG1-C,2026-11-03,Present,0,
ATT-STU2026104-2026-11-04,STU2026104,ALG1-C,2026-11-04,Present,0,
ATT-STU2026104-2026-11-05,STU2026104,ALG1-C,2026-11-05,Present,0,
ATT-STU2026104-2026-11-06,STU2026104,ALG1-C,2026-11-06,Present,0,
ATT-STU2026104-2026-11-09,STU2026104,ALG1-C,2026-11-09,Present,0,
ATT-STU2026105-2026-09-08,STU2026105,ALG1-C,2026-09-08,Present,0,
ATT-STU2026105-2026-09-09,STU2026105,ALG1-C,2026-09-09,Present,0,
ATT-STU2026105-2026-09-10,STU2026105,ALG1-C,2026-09-10,Present,0,
ATT-STU2026105-2026-09-11,STU2026105,ALG1-C,2026-09-11,Present,0,
ATT-STU2026105-2026-09-14,STU2026105,ALG1-C,2026-09-14,Present,0,
ATT-STU2026105-2026-09-15,STU2026105,ALG1-C,2026-09-15,Present,0,
ATT-STU2026105-2026-09-16,STU2026105,ALG1-C,2026-09-16,Present,0,
ATT-STU2026105-2026-09-17,STU2026105,ALG1-C,2026-09-17,Present,0,
ATT-STU2026105-2026-09-18,STU2026105,ALG1-C,2026-09-18,Present,0,
ATT-STU2026105-2026-09-21,STU2026105,ALG1-C,2026-09-21,Present,0,
ATT-STU2026105-2026-09-22,STU2026105,ALG1-C,2026-09-22,Present,0,
ATT-STU2026105-2026-09-23,STU2026105,ALG1-C,2026-09-23,Tardy,5,
ATT-STU2026105-2026-09-24,STU2026105,ALG1-C,2026-09-24,Present,0,
ATT-STU2026105-2026-09-25,STU2026105,ALG1-C,2026-09-25,Present,0,
ATT-STU2026105-2026-09-28,STU2026105,ALG1-C,2026-09-28,Present,0,
ATT-STU2026105-2026-09-29,STU2026105,ALG1-C,2026-09-29,Present,0,
ATT-STU2026105-2026-09-30,STU2026105,ALG1-C,2026-09-30,Present,0,
ATT-STU2026105-2026-10-01,STU2026105,ALG1-C,2026-10-01,Present,0,
ATT-STU2026105-2026-10-02,STU2026105,ALG1-C,2026-10-02,Present,0,
ATT-STU2026105-2026-10-05,STU2026105,ALG1-C,2026-10-05,Present,0,
ATT-STU2026105-2026-10-06,STU2026105,ALG1-C,2026-10-06,Present,0,
ATT-STU2026105-2026-10-07,STU2026105,ALG1-C,2026-10-07,Present,0,
ATT-STU2026105-2026-10-08,STU2026105,ALG1-C,2026-10-08,Present,0,
ATT-STU2026105-2026-10-09,STU2026105,ALG1-C,2026-10-09,Present,0,
ATT-STU2026105-2026-10-12,STU2026105,ALG1-C,2026-10-12,Present,0,
ATT-STU2026105-2026-10-13,STU2026105,ALG1-C,2026-10-13,Present,0,
ATT-STU2026105-2026-10-14,STU2026105,ALG1-C,2026-10-14,Present,0,
ATT-STU2026105-2026-10-15,STU2026105,ALG1-C,2026-10-15,Present,0,
ATT-STU2026105-2026-10-16,STU2026105,ALG1-C,2026-10-16,Present,0,
ATT-STU2026105-2026-10-19,STU2026105,ALG1-C,2026-10-19,Present,0,
ATT-STU2026105-2026-10-20,STU2026105,ALG1-C,2026-10-20,Present,0,
ATT-STU2026105-2026-10-21,STU2026105,ALG1-C,2026-10-21,Present,0,
ATT-STU2026105-2026-10-22,STU2026105,ALG1-C,2026-10-22,Present,0,
ATT-STU2026105-2026-10-23,STU2026105,ALG1-C,2026-10-23,Absent,0,No
ATT-STU2026105-2026-10-26,STU2026105,ALG1-C,2026-10-26,Present,0,
ATT-STU2026105-2026-10-27,STU2026105,ALG1-C,2026-10-27,Present,0,
ATT-STU2026105-2026-10-28,STU2026105,ALG1-C,2026-10-28,Present,0,
ATT-STU2026105-2026-10-29,STU2026105,ALG1-C,2026-10-29,Present,0,
ATT-STU2026105-2026-10-30,STU2026105,ALG1-C,2026-10-30,Absent,0,Yes
ATT-STU2026105-2026-11-02,STU2026105,ALG1-C,2026-11-02,Present,0,
ATT-STU2026105-2026-11-03,STU2026105,ALG1-C,2026-11-03,Present,0,
ATT-STU2026105-2026-11-04,STU2026105,ALG1-C,2026-11-04,Absent,0,Yes
ATT-STU2026105-2026-11-05,STU2026105,ALG1-C,2026-11-05,Present,0,
ATT-STU2026105-2026-11-06,STU2026105,ALG1-C,2026-11-06,Present,0,
ATT-STU2026105-2026-11-09,STU2026105,ALG1-C,2026-11-09,Present,0,
ATT-STU2026106-2026-09-08,STU2026106,ALG1-C,2026-09-08,Present,0,
ATT-STU2026106-2026-09-09,STU2026106,ALG1-C,2026-09-09,Present,0,
ATT-STU2026106-2026-09-10,STU2026106,ALG1-C,2026-09-10,Tardy,10,
ATT-STU2026106-2026-09-11,STU2026106,ALG1-C,2026-09-11,Present,0,
ATT-STU2026106-2026-09-14,STU2026106,ALG1-C,2026-09-14,Present,0,
ATT-STU2026106-2026-09-15,STU2026106,ALG1-C,2026-09-15,Present,0,
ATT-STU2026106-2026-09-16,STU2026106,ALG1-C,2026-09-16,Present,0,
ATT-STU2026106-2026-09-17,STU2026106,ALG1-C,2026-09-17,Present,0,
ATT-STU2026106-2026-09-18,STU2026106,ALG1-C,2026-09-18,Present,0,
ATT-STU2026106-2026-09-21,STU2026106,ALG1-C,2026-09-21,Present,0,
ATT-STU2026106-2026-09-22,STU2026106,ALG1-C,2026-09-22,Tardy,15,
ATT-STU2026106-2026-09-23,STU2026106,ALG1-C,2026-09-23,Absent,0,No
ATT-STU2026106-2026-09-24,STU2026106,ALG1-C,2026-09-24,Present,0,
ATT-STU2026106-2026-09-25,STU2026106,ALG1-C,2026-09-25,Present,0,
ATT-STU2026106-2026-09-28,STU2026106,ALG1-C,2026-09-28,Present,0,
ATT-STU2026106-2026-09-29,STU2026106,ALG1-C,2026-09-29,Absent,0,No
ATT-STU2026106-2026-09-30,STU2026106,ALG1-C,2026-09-30,Present,0,
ATT-STU2026106-2026-10-01,STU2026106,ALG1-C,2026-10-01,Present,0,
ATT-STU2026106-2026-10-02,STU2026106,ALG1-C,2026-10-02,Present,0,
ATT-STU2026106-2026-10-05,STU2026106,ALG1-C,2026-10-05,Present,0,
ATT-STU2026106-2026-10-06,STU2026106,ALG1-C,2026-10-06,Tardy,7,
ATT-STU2026106-2026-10-07,STU2026106,ALG1-C,2026-10-07,Present,0,
ATT-STU2026106-2026-10-08,STU2026106,ALG1-C,2026-10-08,Present,0,
ATT-STU2026106-2026-10-09,STU2026106,ALG1-C,2026-10-09,Present,0,
ATT-STU2026106-2026-10-12,STU2026106,ALG1-C,2026-10-12,Present,0,
ATT-STU2026106-2026-10-13,STU2026106,ALG1-C,2026-10-13,Present,0,
ATT-STU2026106-2026-10-14,STU2026106,ALG1-C,2026-10-14,Present,0,
ATT-STU2026106-2026-10-15,STU2026106,ALG1-C,2026-10-15,Present,0,
ATT-STU2026106-2026-10-16,STU2026106,ALG1-C,2026-10-16,Present,0,
ATT-STU2026106-2026-10-19,STU2026106,ALG1-C,2026-10-19,Tardy,7,
ATT-STU2026106-2026-10-20,STU2026106,ALG1-C,2026-10-20,Present,0,
ATT-STU2026106-2026-10-21,STU2026106,ALG1-C,2026-10-21,Present,0,
ATT-STU2026106-2026-10-22,STU2026106,ALG1-C,2026-10-22,Present,0,
ATT-STU2026106-2026-10-23,STU2026106,ALG1-C,2026-10-23,Present,0,
ATT-STU2026106-2026-10-26,STU2026106,ALG1-C,2026-10-26,Present,0,
ATT-STU2026106-2026-10-27,STU2026106,ALG1-C,2026-10-27,Absent,0,No
ATT-STU2026106-2026-10-28,STU2026106,ALG1-C,2026-10-28,Present,0,
ATT-STU2026106-2026-10-29,STU2026106,ALG1-C,2026-10-29,Present,0,
ATT-STU2026106-2026-10-30,STU2026106,ALG1-C,2026-10-30,Present,0,
ATT-STU2026106-2026-11-02,STU2026106,ALG1-C,2026-11-02,Present,0,
ATT-STU2026106-2026-11-03,STU2026106,ALG1-C,2026-11-03,Absent,0,Yes
ATT-STU2026106-2026-11-04,STU2026106,ALG1-C,2026-11-04,Present,0,
ATT-STU2026106-2026-11-05,STU2026106,ALG1-C,2026-11-05,Present,0,
ATT-STU2026106-2026-11-06,STU2026106,ALG1-C,2026-11-06,Present,0,
ATT-STU2026106-2026-11-09,STU2026106,ALG1-C,2026-11-09,Present,0,
ATT-STU2026107-2026-09-08,STU2026107,ALG1-C,2026-09-08,Present,0,
ATT-STU2026107-2026-09-09,STU2026107,ALG1-C,2026-09-09,Present,0,
ATT-STU2026107-2026-09-10,STU2026107,ALG1-C,2026-09-10,Present,0,
ATT-STU2026107-2026-09-11,STU2026107,ALG1-C,2026-09-11,Present,0,
ATT-STU2026107-2026-09-14,STU2026107,ALG1-C,2026-09-14,Present,0,
ATT-STU2026107-2026-09-15,STU2026107,ALG1-C,2026-09-15,Present,0,
ATT-STU2026107-2026-09-16,STU2026107,ALG1-C,2026-09-16,Present,0,
ATT-STU2026107-2026-09-17,STU2026107,ALG1-C,2026-09-17,Present,0,
ATT-STU2026107-2026-09-18,STU2026107,ALG1-C,2026-09-18,Present,0,
ATT-STU2026107-2026-09-21,STU2026107,ALG1-C,2026-09-21,Present,0,
ATT-STU2026107-2026-09-22,STU2026107,ALG1-C,2026-09-22,Present,0,
ATT-STU2026107-2026-09-23,STU2026107,ALG1-C,2026-09-23,Present,0,
ATT-STU2026107-2026-09-24,STU2026107,ALG1-C,2026-09-24,Present,0,
ATT-STU2026107-2026-09-25,STU2026107,ALG1-C,2026-09-25,Present,0,
ATT-STU2026107-2026-09-28,STU2026107,ALG1-C,2026-09-28,Tardy,7,
ATT-STU2026107-2026-09-29,STU2026107,ALG1-C,2026-09-29,Present,0,
ATT-STU2026107-2026-09-30,STU2026107,ALG1-C,2026-09-30,Present,0,
ATT-STU2026107-2026-10-01,STU2026107,ALG1-C,2026-10-01,Present,0,
ATT-STU2026107-2026-10-02,STU2026107,ALG1-C,2026-10-02,Present,0,
ATT-STU2026107-2026-10-05,STU2026107,ALG1-C,2026-10-05,Present,0,
ATT-STU2026107-2026-10-06,STU2026107,ALG1-C,2026-10-06,Present,0,
ATT-STU2026107-2026-10-07,STU2026107,ALG1-C,2026-10-07,Present,0,
ATT-STU2026107-2026-10-08,STU2026107,ALG1-C,2026-10-08,Present,0,
ATT-STU2026107-2026-10-09,STU2026107,ALG1-C,2026-10-09,Present,0,
ATT-STU2026107-2026-10-12,STU2026107,ALG1-C,2026-10-12,Absent,0,No
ATT-STU2026107-2026-10-13,STU2026107,ALG1-C,2026-10-13,Present,0,
ATT-STU2026107-2026-10-14,STU2026107,ALG1-C,2026-10-14,Present,0,
ATT-STU2026107-2026-10-15,STU2026107,ALG1-C,2026-10-15,Absent,0,No
ATT-STU2026107-2026-10-16,STU2026107,ALG1-C,2026-10-16,Tardy,7,
ATT-STU2026107-2026-10-19,STU2026107,ALG1-C,2026-10-19,Tardy,7,
ATT-STU2026107-2026-10-20,STU2026107,ALG1-C,2026-10-20,Absent,0,Yes
ATT-STU2026107-2026-10-21,STU2026107,ALG1-C,2026-10-21,Present,0,
ATT-STU2026107-2026-10-22,STU2026107,ALG1-C,2026-10-22,Present,0,
ATT-STU2026107-2026-10-23,STU2026107,ALG1-C,2026-10-23,Present,0,
ATT-STU2026107-2026-10-26,STU2026107,ALG1-C,2026-10-26,Present,0,
ATT-STU2026107-2026-10-27,STU2026107,ALG1-C,2026-10-27,Present,0,
ATT-STU2026107-2026-10-28,STU2026107,ALG1-C,2026-10-28,Present,0,
ATT-STU2026107-2026-10-29,STU2026107,ALG1-C,2026-10-29,Present,0,
ATT-STU2026107-2026-10-30,STU2026107,ALG1-C,2026-10-30,Present,0,
ATT-STU2026107-2026-11-02,STU2026107,ALG1-C,2026-11-02,Present,0,
ATT-STU2026107-2026-11-03,STU2026107,ALG1-C,2026-11-03,Absent,0,Yes
ATT-STU2026107-2026-11-04,STU2026107,ALG1-C,2026-11-04,Present,0,
ATT-STU2026107-2026-11-05,STU2026107,ALG1-C,2026-11-05,Present,0,
ATT-STU2026107-2026-11-06,STU2026107,ALG1-C,2026-11-06,Present,0,
ATT-STU2026107-2026-11-09,STU2026107,ALG1-C,2026-11-09,Absent,0,Yes
ATT-STU2026108-2026-09-08,STU2026108,ALG1-C,2026-09-08,Absent,0,Yes
ATT-STU2026108-2026-09-09,STU2026108,ALG1-C,2026-09-09,Present,0,
ATT-STU2026108-2026-09-10,STU2026108,ALG1-C,2026-09-10,Absent,0,No
ATT-STU2026108-2026-09-11,STU2026108,ALG1-C,2026-09-11,Present,0,
ATT-STU2026108-2026-09-14,STU2026108,ALG1-C,2026-09-14,Absent,0,No
ATT-STU2026108-2026-09-15,STU2026108,ALG1-C,2026-09-15,Present,0,
ATT-STU2026108-2026-09-16,STU2026108,ALG1-C,2026-09-16,Present,0,
ATT-STU2026108-2026-09-17,STU2026108,ALG1-C,2026-09-17,Absent,0,Yes
ATT-STU2026108-2026-09-18,STU2026108,ALG1-C,2026-09-18,Present,0,
ATT-STU2026108-2026-09-21,STU2026108,ALG1-C,2026-09-21,Absent,0,No
ATT-STU2026108-2026-09-22,STU2026108,ALG1-C,2026-09-22,Present,0,
ATT-STU2026108-2026-09-23,STU2026108,ALG1-C,2026-09-23,Present,0,
ATT-STU2026108-2026-09-24,STU2026108,ALG1-C,2026-09-24,Present,0,
ATT-STU2026108-2026-09-25,STU2026108,ALG1-C,2026-09-25,Present,0,
ATT-STU2026108-2026-09-28,STU2026108,ALG1-C,2026-09-28,Present,0,
ATT-STU2026108-2026-09-29,STU2026108,ALG1-C,2026-09-29,Present,0,
ATT-STU2026108-2026-09-30,STU2026108,ALG1-C,2026-09-30,Present,0,
ATT-STU2026108-2026-10-01,STU2026108,ALG1-C,2026-10-01,Present,0,
ATT-STU2026108-2026-10-02,STU2026108,ALG1-C,2026-10-02,Present,0,
ATT-STU2026108-2026-10-05,STU2026108,ALG1-C,2026-10-05,Absent,0,Yes
ATT-STU2026108-2026-10-06,STU2026108,ALG1-C,2026-10-06,Present,0,
ATT-STU2026108-2026-10-07,STU2026108,ALG1-C,2026-10-07,Present,0,
ATT-STU2026108-2026-10-08,STU2026108,ALG1-C,2026-10-08,Absent,0,Yes
ATT-STU2026108-2026-10-09,STU2026108,ALG1-C,2026-10-09,Present,0,
ATT-STU2026108-2026-10-12,STU2026108,ALG1-C,2026-10-12,Present,0,
ATT-STU2026108-2026-10-13,STU2026108,ALG1-C,2026-10-13,Present,0,
ATT-STU2026108-2026-10-14,STU2026108,ALG1-C,2026-10-14,Present,0,
ATT-STU2026108-2026-10-15,STU2026108,ALG1-C,2026-10-15,Absent,0,Yes
ATT-STU2026108-2026-10-16,STU2026108,ALG1-C,2026-10-16,Absent,0,No
ATT-STU2026108-2026-10-19,STU2026108,ALG1-C,2026-10-19,Present,0,
ATT-STU2026108-2026-10-20,STU2026108,ALG1-C,2026-10-20,Absent,0,No
ATT-STU2026108-2026-10-21,STU2026108,ALG1-C,2026-10-21,Present,0,
ATT-STU2026108-2026-10-22,STU2026108,ALG1-C,2026-10-22,Present,0,
ATT-STU2026108-2026-10-23,STU2026108,ALG1-C,2026-10-23,Present,0,
ATT-STU2026108-2026-10-26,STU2026108,ALG1-C,2026-10-26,Present,0,
ATT-STU2026108-2026-10-27,STU2026108,ALG1-C,2026-10-27,Present,0,
ATT-STU2026108-2026-10-28,STU2026108,ALG1-C,2026-10-28,Present,0,
ATT-STU2026108-2026-10-29,STU2026108,ALG1-C,2026-10-29,Absent,0,Yes
ATT-STU2026108-2026-10-30,STU2026108,ALG1-C,2026-10-30,Present,0,
ATT-STU2026108-2026-11-02,STU2026108,ALG1-C,2026-11-02,Present,0,
ATT-STU2026108-2026-11-03,STU2026108,ALG1-C,2026-11-03,Present,0,
ATT-STU2026108-2026-11-04,STU2026108,ALG1-C,2026-11-04,Absent,0,Yes
ATT-STU2026108-2026-11-05,STU2026108,ALG1-C,2026-11-05,Present,0,
ATT-STU2026108-2026-11-06,STU2026108,ALG1-C,2026-11-06,Present,0,
ATT-STU2026108-2026-11-09,STU2026108,ALG1-C,2026-11-09,Present,0,
ATT-STU2026109-2026-09-08,STU2026109,ALG1-C,2026-09-08,Present,0,
ATT-STU2026109-2026-09-09,STU2026109,ALG1-C,2026-09-09,Present,0,
ATT-STU2026109-2026-09-10,STU2026109,ALG1-C,2026-09-10,Present,0,
ATT-STU2026109-2026-09-11,STU2026109,ALG1-C,2026-09-11,Absent,0,No
ATT-STU2026109-2026-09-14,STU2026109,ALG1-C,2026-09-14,Present,0,
ATT-STU2026109-2026-09-15,STU2026109,ALG1-C,2026-09-15,Present,0,
ATT-STU2026109-2026-09-16,STU2026109,ALG1-C,2026-09-16,Present,0,
ATT-STU2026109-2026-09-17,STU2026109,ALG1-C,2026-09-17,Present,0,
ATT-STU2026109-2026-09-18,STU2026109,ALG1-C,2026-09-18,Present,0,
ATT-STU2026109-2026-09-21,STU2026109,ALG1-C,2026-09-21,Present,0,
ATT-STU2026109-2026-09-22,STU2026109,ALG1-C,2026-09-22,Present,0,
ATT-STU2026109-2026-09-23,STU2026109,ALG1-C,2026-09-23,Present,0,
ATT-STU2026109-2026-09-24,STU2026109,ALG1-C,2026-09-24,Present,0,
ATT-STU2026109-2026-09-25,STU2026109,ALG1-C,2026-09-25,Present,0,
ATT-STU2026109-2026-09-28,STU2026109,ALG1-C,2026-09-28,Present,0,
ATT-STU2026109-2026-09-29,STU2026109,ALG1-C,2026-09-29,Present,0,
ATT-STU2026109-2026-09-30,STU2026109,ALG1-C,2026-09-30,Present,0,
ATT-STU2026109-2026-10-01,STU2026109,ALG1-C,2026-10-01,Present,0,
ATT-STU2026109-2026-10-02,STU2026109,ALG1-C,2026-10-02,Present,0,
ATT-STU2026109-2026-10-05,STU2026109,ALG1-C,2026-10-05,Present,0,
ATT-STU2026109-2026-10-06,STU2026109,ALG1-C,2026-10-06,Absent,0,Yes
ATT-STU2026109-2026-10-07,STU2026109,ALG1-C,2026-10-07,Present,0,
ATT-STU2026109-2026-10-08,STU2026109,ALG1-C,2026-10-08,Present,0,
ATT-STU2026109-2026-10-09,STU2026109,ALG1-C,2026-10-09,Present,0,
ATT-STU2026109-2026-10-12,STU2026109,ALG1-C,2026-10-12,Present,0,
ATT-STU2026109-2026-10-13,STU2026109,ALG1-C,2026-10-13,Present,0,
ATT-STU2026109-2026-10-14,STU2026109,ALG1-C,2026-10-14,Present,0,
ATT-STU2026109-2026-10-15,STU2026109,ALG1-C,2026-10-15,Present,0,
ATT-STU2026109-2026-10-16,STU2026109,ALG1-C,2026-10-16,Present,0,
ATT-STU2026109-2026-10-19,STU2026109,ALG1-C,2026-10-19,Present,0,
ATT-STU2026109-2026-10-20,STU2026109,ALG1-C,2026-10-20,Tardy,5,
ATT-STU2026109-2026-10-21,STU2026109,ALG1-C,2026-10-21,Present,0,
ATT-STU2026109-2026-10-22,STU2026109,ALG1-C,2026-10-22,Present,0,
ATT-STU2026109-2026-10-23,STU2026109,ALG1-C,2026-10-23,Present,0,
ATT-STU2026109-2026-10-26,STU2026109,ALG1-C,2026-10-26,Present,0,
ATT-STU2026109-2026-10-27,STU2026109,ALG1-C,2026-10-27,Absent,0,No
ATT-STU2026109-2026-10-28,STU2026109,ALG1-C,2026-10-28,Present,0,
ATT-STU2026109-2026-10-29,STU2026109,ALG1-C,2026-10-29,Present,0,
ATT-STU2026109-2026-10-30,STU2026109,ALG1-C,2026-10-30,Present,0,
ATT-STU2026109-2026-11-02,STU2026109,ALG1-C,2026-11-02,Present,0,
ATT-STU2026109-2026-11-03,STU2026109,ALG1-C,2026-11-03,Present,0,
ATT-STU2026109-2026-11-04,STU2026109,ALG1-C,2026-11-04,Present,0,
ATT-STU2026109-2026-11-05,STU2026109,ALG1-C,2026-11-05,Present,0,
ATT-STU2026109-2026-11-06,STU2026109,ALG1-C,2026-11-06,Absent,0,Yes
ATT-STU2026109-2026-11-09,STU2026109,ALG1-C,2026-11-09,Present,0,
ATT-STU2026110-2026-09-08,STU2026110,ALG1-C,2026-09-08,Present,0,
ATT-STU2026110-2026-09-09,STU2026110,ALG1-C,2026-09-09,Present,0,
ATT-STU2026110-2026-09-10,STU2026110,ALG1-C,2026-09-10,Present,0,
ATT-STU2026110-2026-09-11,STU2026110,ALG1-C,2026-09-11,Present,0,
ATT-STU2026110-2026-09-14,STU2026110,ALG1-C,2026-09-14,Absent,0,Yes
ATT-STU2026110-2026-09-15,STU2026110,ALG1-C,2026-09-15,Present,0,
ATT-STU2026110-2026-09-16,STU2026110,ALG1-C,2026-09-16,Present,0,
ATT-STU2026110-2026-09-17,STU2026110,ALG1-C,2026-09-17,Present,0,
ATT-STU2026110-2026-09-18,STU2026110,ALG1-C,2026-09-18,Present,0,
ATT-STU2026110-2026-09-21,STU2026110,ALG1-C,2026-09-21,Present,0,
ATT-STU2026110-2026-09-22,STU2026110,ALG1-C,2026-09-22,Present,0,
ATT-STU2026110-2026-09-23,STU2026110,ALG1-C,2026-09-23,Present,0,
ATT-STU2026110-2026-09-24,STU2026110,ALG1-C,2026-09-24,Present,0,
ATT-STU2026110-2026-09-25,STU2026110,ALG1-C,2026-09-25,Present,0,
ATT-STU2026110-2026-09-28,STU2026110,ALG1-C,2026-09-28,Absent,0,Yes
ATT-STU2026110-2026-09-29,STU2026110,ALG1-C,2026-09-29,Absent,0,No
ATT-STU2026110-2026-09-30,STU2026110,ALG1-C,2026-09-30,Present,0,
ATT-STU2026110-2026-10-01,STU2026110,ALG1-C,2026-10-01,Absent,0,Yes
ATT-STU2026110-2026-10-02,STU2026110,ALG1-C,2026-10-02,Present,0,
ATT-STU2026110-2026-10-05,STU2026110,ALG1-C,2026-10-05,Present,0,
ATT-STU2026110-2026-10-06,STU2026110,ALG1-C,2026-10-06,Present,0,
ATT-STU2026110-2026-10-07,STU2026110,ALG1-C,2026-10-07,Present,0,
ATT-STU2026110-2026-10-08,STU2026110,ALG1-C,2026-10-08,Present,0,
ATT-STU2026110-2026-10-09,STU2026110,ALG1-C,2026-10-09,Present,0,
ATT-STU2026110-2026-10-12,STU2026110,ALG1-C,2026-10-12,Present,0,
ATT-STU2026110-2026-10-13,STU2026110,ALG1-C,2026-10-13,Present,0,
ATT-STU2026110-2026-10-14,STU2026110,ALG1-C,2026-10-14,Present,0,
ATT-STU2026110-2026-10-15,STU2026110,ALG1-C,2026-10-15,Tardy,5,
ATT-STU2026110-2026-10-16,STU2026110,ALG1-C,2026-10-16,Present,0,
ATT-STU2026110-2026-10-19,STU2026110,ALG1-C,2026-10-19,Present,0,
ATT-STU2026110-2026-10-20,STU2026110,ALG1-C,2026-10-20,Present,0,
ATT-STU2026110-2026-10-21,STU2026110,ALG1-C,2026-10-21,Present,0,
ATT-STU2026110-2026-10-22,STU2026110,ALG1-C,2026-10-22,Present,0,
ATT-STU2026110-2026-10-23,STU2026110,ALG1-C,2026-10-23,Present,0,
ATT-STU2026110-2026-10-26,STU2026110,ALG1-C,2026-10-26,Present,0,
ATT-STU2026110-2026-10-27,STU2026110,ALG1-C,2026-10-27,Present,0,
ATT-STU2026110-2026-10-28,STU2026110,ALG1-C,2026-10-28,Present,0,
ATT-STU2026110-2026-10-29,STU2026110,ALG1-C,2026-10-29,Present,0,
ATT-STU2026110-2026-10-30,STU2026110,ALG1-C,2026-10-30,Present,0,
ATT-STU2026110-2026-11-02,STU2026110,ALG1-C,2026-11-02,Present,0,
ATT-STU2026110-2026-11-03,STU2026110,ALG1-C,2026-11-03,Absent,0,Yes
ATT-STU2026110-2026-11-04,STU2026110,ALG1-C,2026-11-04,Present,0,
ATT-STU2026110-2026-11-05,STU2026110,ALG1-C,2026-11-05,Present,0,
ATT-STU2026110-2026-11-06,STU2026110,ALG1-C,2026-11-06,Absent,0,No
ATT-STU2026110-2026-11-09,STU2026110,ALG1-C,2026-11-09,Present,0,
ATT-STU2026111-2026-09-08,STU2026111,ALG1-C,2026-09-08,Present,0,
ATT-STU2026111-2026-09-09,STU2026111,ALG1-C,2026-09-09,Present,0,
ATT-STU2026111-2026-09-10,STU2026111,ALG1-C,2026-09-10,Present,0,
ATT-STU2026111-2026-09-11,STU2026111,ALG1-C,2026-09-11,Present,0,
ATT-STU2026111-2026-09-14,STU2026111,ALG1-C,2026-09-14,Present,0,
ATT-STU2026111-2026-09-15,STU2026111,ALG1-C,2026-09-15,Present,0,
ATT-STU2026111-2026-09-16,STU2026111,ALG1-C,2026-09-16,Present,0,
ATT-STU2026111-2026-09-17,STU2026111,ALG1-C,2026-09-17,Present,0,
ATT-STU2026111-2026-09-18,STU2026111,ALG1-C,2026-09-18,Present,0,
ATT-STU2026111-2026-09-21,STU2026111,ALG1-C,2026-09-21,Present,0,
ATT-STU2026111-2026-09-22,STU2026111,ALG1-C,2026-09-22,Present,0,
ATT-STU2026111-2026-09-23,STU2026111,ALG1-C,2026-09-23,Present,0,
ATT-STU2026111-2026-09-24,STU2026111,ALG1-C,2026-09-24,Present,0,
ATT-STU2026111-2026-09-25,STU2026111,ALG1-C,2026-09-25,Present,0,
ATT-STU2026111-2026-09-28,STU2026111,ALG1-C,2026-09-28,Present,0,
ATT-STU2026111-2026-09-29,STU2026111,ALG1-C,2026-09-29,Present,0,
ATT-STU2026111-2026-09-30,STU2026111,ALG1-C,2026-09-30,Present,0,
ATT-STU2026111-2026-10-01,STU2026111,ALG1-C,2026-10-01,Present,0,
ATT-STU2026111-2026-10-02,STU2026111,ALG1-C,2026-10-02,Present,0,
ATT-STU2026111-2026-10-05,STU2026111,ALG1-C,2026-10-05,Present,0,
ATT-STU2026111-2026-10-06,STU2026111,ALG1-C,2026-10-06,Present,0,
ATT-STU2026111-2026-10-07,STU2026111,ALG1-C,2026-10-07,Present,0,
ATT-STU2026111-2026-10-08,STU2026111,ALG1-C,2026-10-08,Present,0,
ATT-STU2026111-2026-10-09,STU2026111,ALG1-C,2026-10-09,Present,0,
ATT-STU2026111-2026-10-12,STU2026111,ALG1-C,2026-10-12,Present,0,
ATT-STU2026111-2026-10-13,STU2026111,ALG1-C,2026-10-13,Present,0,
ATT-STU2026111-2026-10-14,STU2026111,ALG1-C,2026-10-14,Present,0,
ATT-STU2026111-2026-10-15,STU2026111,ALG1-C,2026-10-15,Present,0,
ATT-STU2026111-2026-10-16,STU2026111,ALG1-C,2026-10-16,Tardy,7,
ATT-STU2026111-2026-10-19,STU2026111,ALG1-C,2026-10-19,Present,0,
ATT-STU2026111-2026-10-20,STU2026111,ALG1-C,2026-10-20,Present,0,
ATT-STU2026111-2026-10-21,STU2026111,ALG1-C,2026-10-21,Present,0,
ATT-STU2026111-2026-10-22,STU2026111,ALG1-C,2026-10-22,Present,0,
ATT-STU2026111-2026-10-23,STU2026111,ALG1-C,2026-10-23,Present,0,
ATT-STU2026111-2026-10-26,STU2026111,ALG1-C,2026-10-26,Present,0,
ATT-STU2026111-2026-10-27,STU2026111,ALG1-C,2026-10-27,Tardy,10,
ATT-STU2026111-2026-10-28,STU2026111,ALG1-C,2026-10-28,Present,0,
ATT-STU2026111-2026-10-29,STU2026111,ALG1-C,2026-10-29,Present,0,
ATT-STU2026111-2026-10-30,STU2026111,ALG1-C,2026-10-30,Present,0,
ATT-STU2026111-2026-11-02,STU2026111,ALG1-C,2026-11-02,Present,0,
ATT-STU2026111-2026-11-03,STU2026111,ALG1-C,2026-11-03,Present,0,
ATT-STU2026111-2026-11-04,STU2026111,ALG1-C,2026-11-04,Present,0,
ATT-STU2026111-2026-11-05,STU2026111,ALG1-C,2026-11-05,Present,0,
ATT-STU2026111-2026-11-06,STU2026111,ALG1-C,2026-11-06,Present,0,
ATT-STU2026111-2026-11-09,STU2026111,ALG1-C,2026-11-09,Present,0,
ATT-STU2026112-2026-09-08,STU2026112,ALG1-C,2026-09-08,Absent,0,Yes
ATT-STU2026112-2026-09-09,STU2026112,ALG1-C,2026-09-09,Present,0,
ATT-STU2026112-2026-09-10,STU2026112,ALG1-C,2026-09-10,Present,0,
ATT-STU2026112-2026-09-11,STU2026112,ALG1-C,2026-09-11,Present,0,
ATT-STU2026112-2026-09-14,STU2026112,ALG1-C,2026-09-14,Present,0,
ATT-STU2026112-2026-09-15,STU2026112,ALG1-C,2026-09-15,Present,0,
ATT-STU2026112-2026-09-16,STU2026112,ALG1-C,2026-09-16,Present,0,
ATT-STU2026112-2026-09-17,STU2026112,ALG1-C,2026-09-17,Present,0,
ATT-STU2026112-2026-09-18,STU2026112,ALG1-C,2026-09-18,Present,0,
ATT-STU2026112-2026-09-21,STU2026112,ALG1-C,2026-09-21,Present,0,
ATT-STU2026112-2026-09-22,STU2026112,ALG1-C,2026-09-22,Present,0,
ATT-STU2026112-2026-09-23,STU2026112,ALG1-C,2026-09-23,Present,0,
ATT-STU2026112-2026-09-24,STU2026112,ALG1-C,2026-09-24,Present,0,
ATT-STU2026112-2026-09-25,STU2026112,ALG1-C,2026-09-25,Present,0,
ATT-STU2026112-2026-09-28,STU2026112,ALG1-C,2026-09-28,Present,0,
ATT-STU2026112-2026-09-29,STU2026112,ALG1-C,2026-09-29,Present,0,
ATT-STU2026112-2026-09-30,STU2026112,ALG1-C,2026-09-30,Present,0,
ATT-STU2026112-2026-10-01,STU2026112,ALG1-C,2026-10-01,Present,0,
ATT-STU2026112-2026-10-02,STU2026112,ALG1-C,2026-10-02,Tardy,15,
ATT-STU2026112-2026-10-05,STU2026112,ALG1-C,2026-10-05,Absent,0,Yes
ATT-STU2026112-2026-10-06,STU2026112,ALG1-C,2026-10-06,Present,0,
ATT-STU2026112-2026-10-07,STU2026112,ALG1-C,2026-10-07,Present,0,
ATT-STU2026112-2026-10-08,STU2026112,ALG1-C,2026-10-08,Absent,0,No
ATT-STU2026112-2026-10-09,STU2026112,ALG1-C,2026-10-09,Present,0,
ATT-STU2026112-2026-10-12,STU2026112,ALG1-C,2026-10-12,Absent,0,No
ATT-STU2026112-2026-10-13,STU2026112,ALG1-C,2026-10-13,Present,0,
ATT-STU2026112-2026-10-14,STU2026112,ALG1-C,2026-10-14,Present,0,
ATT-STU2026112-2026-10-15,STU2026112,ALG1-C,2026-10-15,Present,0,
ATT-STU2026112-2026-10-16,STU2026112,ALG1-C,2026-10-16,Present,0,
ATT-STU2026112-2026-10-19,STU2026112,ALG1-C,2026-10-19,Absent,0,No
ATT-STU2026112-2026-10-20,STU2026112,ALG1-C,2026-10-20,Tardy,10,
ATT-STU2026112-2026-10-21,STU2026112,ALG1-C,2026-10-21,Present,0,
ATT-STU2026112-2026-10-22,STU2026112,ALG1-C,2026-10-22,Present,0,
ATT-STU2026112-2026-10-23,STU2026112,ALG1-C,2026-10-23,Present,0,
ATT-STU2026112-2026-10-26,STU2026112,ALG1-C,2026-10-26,Present,0,
ATT-STU2026112-2026-10-27,STU2026112,ALG1-C,2026-10-27,Absent,0,Yes
ATT-STU2026112-2026-10-28,STU2026112,ALG1-C,2026-10-28,Present,0,
ATT-STU2026112-2026-10-29,STU2026112,ALG1-C,2026-10-29,Present,0,
ATT-STU2026112-2026-10-30,STU2026112,ALG1-C,2026-10-30,Present,0,
ATT-STU2026112-2026-11-02,STU2026112,ALG1-C,2026-11-02,Present,0,
ATT-STU2026112-2026-11-03,STU2026112,ALG1-C,2026-11-03,Present,0,
ATT-STU2026112-2026-11-04,STU2026112,ALG1-C,2026-11-04,Present,0,
ATT-STU2026112-2026-11-05,STU2026112,ALG1-C,2026-11-05,Tardy,5,
ATT-STU2026112-2026-11-06,STU2026112,ALG1-C,2026-11-06,Present,0,
ATT-STU2026112-2026-11-09,STU2026112,ALG1-C,2026-11-09,Present,0,
ATT-STU2026113-2026-09-08,STU2026113,ALG1-C,2026-09-08,Absent,0,Yes
ATT-STU2026113-2026-09-09,STU2026113,ALG1-C,2026-09-09,Present,0,
ATT-STU2026113-2026-09-10,STU2026113,ALG1-C,2026-09-10,Present,0,
ATT-STU2026113-2026-09-11,STU2026113,ALG1-C,2026-09-11,Present,0,
ATT-STU2026113-2026-09-14,STU2026113,ALG1-C,2026-09-14,Present,0,
ATT-STU2026113-2026-09-15,STU2026113,ALG1-C,2026-09-15,Present,0,
ATT-STU2026113-2026-09-16,STU2026113,ALG1-C,2026-09-16,Present,0,
ATT-STU2026113-2026-09-17,STU2026113,ALG1-C,2026-09-17,Absent,0,No
ATT-STU2026113-2026-09-18,STU2026113,ALG1-C,2026-09-18,Present,0,
ATT-STU2026113-2026-09-21,STU2026113,ALG1-C,2026-09-21,Present,0,
ATT-STU2026113-2026-09-22,STU2026113,ALG1-C,2026-09-22,Tardy,10,
ATT-STU2026113-2026-09-23,STU2026113,ALG1-C,2026-09-23,Present,0,
ATT-STU2026113-2026-09-24,STU2026113,ALG1-C,2026-09-24,Present,0,
ATT-STU2026113-2026-09-25,STU2026113,ALG1-C,2026-09-25,Present,0,
ATT-STU2026113-2026-09-28,STU2026113,ALG1-C,2026-09-28,Present,0,
ATT-STU2026113-2026-09-29,STU2026113,ALG1-C,2026-09-29,Absent,0,Yes
ATT-STU2026113-2026-09-30,STU2026113,ALG1-C,2026-09-30,Absent,0,Yes
ATT-STU2026113-2026-10-01,STU2026113,ALG1-C,2026-10-01,Present,0,
ATT-STU2026113-2026-10-02,STU2026113,ALG1-C,2026-10-02,Present,0,
ATT-STU2026113-2026-10-05,STU2026113,ALG1-C,2026-10-05,Present,0,
ATT-STU2026113-2026-10-06,STU2026113,ALG1-C,2026-10-06,Present,0,
ATT-STU2026113-2026-10-07,STU2026113,ALG1-C,2026-10-07,Present,0,
ATT-STU2026113-2026-10-08,STU2026113,ALG1-C,2026-10-08,Present,0,
ATT-STU2026113-2026-10-09,STU2026113,ALG1-C,2026-10-09,Present,0,
ATT-STU2026113-2026-10-12,STU2026113,ALG1-C,2026-10-12,Present,0,
ATT-STU2026113-2026-10-13,STU2026113,ALG1-C,2026-10-13,Present,0,
ATT-STU2026113-2026-10-14,STU2026113,ALG1-C,2026-10-14,Present,0,
ATT-STU2026113-2026-10-15,STU2026113,ALG1-C,2026-10-15,Present,0,
ATT-STU2026113-2026-10-16,STU2026113,ALG1-C,2026-10-16,Present,0,
ATT-STU2026113-2026-10-19,STU2026113,ALG1-C,2026-10-19,Present,0,
ATT-STU2026113-2026-10-20,STU2026113,ALG1-C,2026-10-20,Present,0,
ATT-STU2026113-2026-10-21,STU2026113,ALG1-C,2026-10-21,Present,0,
ATT-STU2026113-2026-10-22,STU2026113,ALG1-C,2026-10-22,Absent,0,No
ATT-STU2026113-2026-10-23,STU2026113,ALG1-C,2026-10-23,Absent,0,Yes
ATT-STU2026113-2026-10-26,STU2026113,ALG1-C,2026-10-26,Present,0,
ATT-STU2026113-2026-10-27,STU2026113,ALG1-C,2026-10-27,Present,0,
ATT-STU2026113-2026-10-28,STU2026113,ALG1-C,2026-10-28,Present,0,
ATT-STU2026113-2026-10-29,STU2026113,ALG1-C,2026-10-29,Present,0,
ATT-STU2026113-2026-10-30,STU2026113,ALG1-C,2026-10-30,Present,0,
ATT-STU2026113-2026-11-02,STU2026113,ALG1-C,2026-11-02,Present,0,
ATT-STU2026113-2026-11-03,STU2026113,ALG1-C,2026-11-03,Present,0,
ATT-STU2026113-2026-11-04,STU2026113,ALG1-C,2026-11-04,Present,0,
ATT-STU2026113-2026-11-05,STU2026113,ALG1-C,2026-11-05,Present,0,
ATT-STU2026113-2026-11-06,STU2026113,ALG1-C,2026-11-06,Present,0,
ATT-STU2026113-2026-11-09,STU2026113,ALG1-C,2026-11-09,Present,0,
ATT-STU2026114-2026-09-08,STU2026114,ALG1-C,2026-09-08,Present,0,
ATT-STU2026114-2026-09-09,STU2026114,ALG1-C,2026-09-09,Present,0,
ATT-STU2026114-2026-09-10,STU2026114,ALG1-C,2026-09-10,Present,0,
ATT-STU2026114-2026-09-11,STU2026114,ALG1-C,2026-09-11,Present,0,
ATT-STU2026114-2026-09-14,STU2026114,ALG1-C,2026-09-14,Present,0,
ATT-STU2026114-2026-09-15,STU2026114,ALG1-C,2026-09-15,Present,0,
ATT-STU2026114-2026-09-16,STU2026114,ALG1-C,2026-09-16,Present,0,
ATT-STU2026114-2026-09-17,STU2026114,ALG1-C,2026-09-17,Present,0,
ATT-STU2026114-2026-09-18,STU2026114,ALG1-C,2026-09-18,Present,0,
ATT-STU2026114-2026-09-21,STU2026114,ALG1-C,2026-09-21,Present,0,
ATT-STU2026114-2026-09-22,STU2026114,ALG1-C,2026-09-22,Present,0,
ATT-STU2026114-2026-09-23,STU2026114,ALG1-C,2026-09-23,Present,0,
ATT-STU2026114-2026-09-24,STU2026114,ALG1-C,2026-09-24,Present,0,
ATT-STU2026114-2026-09-25,STU2026114,ALG1-C,2026-09-25,Present,0,
ATT-STU2026114-2026-09-28,STU2026114,ALG1-C,2026-09-28,Present,0,
ATT-STU2026114-2026-09-29,STU2026114,ALG1-C,2026-09-29,Present,0,
ATT-STU2026114-2026-09-30,STU2026114,ALG1-C,2026-09-30,Present,0,
ATT-STU2026114-2026-10-01,STU2026114,ALG1-C,2026-10-01,Present,0,
ATT-STU2026114-2026-10-02,STU2026114,ALG1-C,2026-10-02,Present,0,
ATT-STU2026114-2026-10-05,STU2026114,ALG1-C,2026-10-05,Tardy,7,
ATT-STU2026114-2026-10-06,STU2026114,ALG1-C,2026-10-06,Present,0,
ATT-STU2026114-2026-10-07,STU2026114,ALG1-C,2026-10-07,Present,0,
ATT-STU2026114-2026-10-08,STU2026114,ALG1-C,2026-10-08,Present,0,
ATT-STU2026114-2026-10-09,STU2026114,ALG1-C,2026-10-09,Present,0,
ATT-STU2026114-2026-10-12,STU2026114,ALG1-C,2026-10-12,Present,0,
ATT-STU2026114-2026-10-13,STU2026114,ALG1-C,2026-10-13,Present,0,
ATT-STU2026114-2026-10-14,STU2026114,ALG1-C,2026-10-14,Present,0,
ATT-STU2026114-2026-10-15,STU2026114,ALG1-C,2026-10-15,Present,0,
ATT-STU2026114-2026-10-16,STU2026114,ALG1-C,2026-10-16,Present,0,
ATT-STU2026114-2026-10-19,STU2026114,ALG1-C,2026-10-19,Present,0,
ATT-STU2026114-2026-10-20,STU2026114,ALG1-C,2026-10-20,Present,0,
ATT-STU2026114-2026-10-21,STU2026114,ALG1-C,2026-10-21,Present,0,
ATT-STU2026114-2026-10-22,STU2026114,ALG1-C,2026-10-22,Present,0,
ATT-STU2026114-2026-10-23,STU2026114,ALG1-C,2026-10-23,Present,0,
ATT-STU2026114-2026-10-26,STU2026114,ALG1-C,2026-10-26,Present,0,
ATT-STU2026114-2026-10-27,STU2026114,ALG1-C,2026-10-27,Tardy,15,
ATT-STU2026114-2026-10-28,STU2026114,ALG1-C,2026-10-28,Present,0,
ATT-STU2026114-2026-10-29,STU2026114,ALG1-C,2026-10-29,Present,0,
ATT-STU2026114-2026-10-30,STU2026114,ALG1-C,2026-10-30,Present,0,
ATT-STU2026114-2026-11-02,STU2026114,ALG1-C,2026-11-02,Present,0,
ATT-STU2026114-2026-11-03,STU2026114,ALG1-C,2026-11-03,Present,0,
ATT-STU2026114-2026-11-04,STU2026114,ALG1-C,2026-11-04,Present,0,
ATT-STU2026114-2026-11-05,STU2026114,ALG1-C,2026-11-05,Present,0,
ATT-STU2026114-2026-11-06,STU2026114,ALG1-C,2026-11-06,Present,0,
ATT-STU2026114-2026-11-09,STU2026114,ALG1-C,2026-11-09,Present,0,
ATT-STU2026115-2026-09-08,STU2026115,ALG1-C,2026-09-08,Present,0,
ATT-STU2026115-2026-09-09,STU2026115,ALG1-C,2026-09-09,Present,0,
ATT-STU2026115-2026-09-10,STU2026115,ALG1-C,2026-09-10,Present,0,
ATT-STU2026115-2026-09-11,STU2026115,ALG1-C,2026-09-11,Present,0,
ATT-STU2026115-2026-09-14,STU2026115,ALG1-C,2026-09-14,Present,0,
ATT-STU2026115-2026-09-15,STU2026115,ALG1-C,2026-09-15,Present,0,
ATT-STU2026115-2026-09-16,STU2026115,ALG1-C,2026-09-16,Present,0,
ATT-STU2026115-2026-09-17,STU2026115,ALG1-C,2026-09-17,Present,0,
ATT-STU2026115-2026-09-18,STU2026115,ALG1-C,2026-09-18,Present,0,
ATT-STU2026115-2026-09-21,STU2026115,ALG1-C,2026-09-21,Present,0,
ATT-STU2026115-2026-09-22,STU2026115,ALG1-C,2026-09-22,Absent,0,No
ATT-STU2026115-2026-09-23,STU2026115,ALG1-C,2026-09-23,Present,0,
ATT-STU2026115-2026-09-24,STU2026115,ALG1-C,2026-09-24,Present,0,
ATT-STU2026115-2026-09-25,STU2026115,ALG1-C,2026-09-25,Present,0,
ATT-STU2026115-2026-09-28,STU2026115,ALG1-C,2026-09-28,Present,0,
ATT-STU2026115-2026-09-29,STU2026115,ALG1-C,2026-09-29,Present,0,
ATT-STU2026115-2026-09-30,STU2026115,ALG1-C,2026-09-30,Present,0,
ATT-STU2026115-2026-10-01,STU2026115,ALG1-C,2026-10-01,Absent,0,No
ATT-STU2026115-2026-10-02,STU2026115,ALG1-C,2026-10-02,Present,0,
ATT-STU2026115-2026-10-05,STU2026115,ALG1-C,2026-10-05,Present,0,
ATT-STU2026115-2026-10-06,STU2026115,ALG1-C,2026-10-06,Present,0,
ATT-STU2026115-2026-10-07,STU2026115,ALG1-C,2026-10-07,Present,0,
ATT-STU2026115-2026-10-08,STU2026115,ALG1-C,2026-10-08,Present,0,
ATT-STU2026115-2026-10-09,STU2026115,ALG1-C,2026-10-09,Present,0,
ATT-STU2026115-2026-10-12,STU2026115,ALG1-C,2026-10-12,Present,0,
ATT-STU2026115-2026-10-13,STU2026115,ALG1-C,2026-10-13,Present,0,
ATT-STU2026115-2026-10-14,STU2026115,ALG1-C,2026-10-14,Present,0,
ATT-STU2026115-2026-10-15,STU2026115,ALG1-C,2026-10-15,Present,0,
ATT-STU2026115-2026-10-16,STU2026115,ALG1-C,2026-10-16,Present,0,
ATT-STU2026115-2026-10-19,STU2026115,ALG1-C,2026-10-19,Present,0,
ATT-STU2026115-2026-10-20,STU2026115,ALG1-C,2026-10-20,Present,0,
ATT-STU2026115-2026-10-21,STU2026115,ALG1-C,2026-10-21,Absent,0,No
ATT-STU2026115-2026-10-22,STU2026115,ALG1-C,2026-10-22,Absent,0,No
ATT-STU2026115-2026-10-23,STU2026115,ALG1-C,2026-10-23,Present,0,
ATT-STU2026115-2026-10-26,STU2026115,ALG1-C,2026-10-26,Tardy,7,
ATT-STU2026115-2026-10-27,STU2026115,ALG1-C,2026-10-27,Present,0,
ATT-STU2026115-2026-10-28,STU2026115,ALG1-C,2026-10-28,Present,0,
ATT-STU2026115-2026-10-29,STU2026115,ALG1-C,2026-10-29,Present,0,
ATT-STU2026115-2026-10-30,STU2026115,ALG1-C,2026-10-30,Present,0,
ATT-STU2026115-2026-11-02,STU2026115,ALG1-C,2026-11-02,Present,0,
ATT-STU2026115-2026-11-03,STU2026115,ALG1-C,2026-11-03,Present,0,
ATT-STU2026115-2026-11-04,STU2026115,ALG1-C,2026-11-04,Present,0,
ATT-STU2026115-2026-11-05,STU2026115,ALG1-C,2026-11-05,Present,0,
ATT-STU2026115-2026-11-06,STU2026115,ALG1-C,2026-11-06,Present,0,
ATT-STU2026115-2026-11-09,STU2026115,ALG1-C,2026-11-09,Present,0,
ATT-STU2026116-2026-09-08,STU2026116,ALG1-C,2026-09-08,Present,0,
ATT-STU2026116-2026-09-09,STU2026116,ALG1-C,2026-09-09,Present,0,
ATT-STU2026116-2026-09-10,STU2026116,ALG1-C,2026-09-10,Present,0,
ATT-STU2026116-2026-09-11,STU2026116,ALG1-C,2026-09-11,Present,0,
ATT-STU2026116-2026-09-14,STU2026116,ALG1-C,2026-09-14,Present,0,
ATT-STU2026116-2026-09-15,STU2026116,ALG1-C,2026-09-15,Absent,0,No
ATT-STU2026116-2026-09-16,STU2026116,ALG1-C,2026-09-16,Tardy,7,
ATT-STU2026116-2026-09-17,STU2026116,ALG1-C,2026-09-17,Present,0,
ATT-STU2026116-2026-09-18,STU2026116,ALG1-C,2026-09-18,Present,0,
ATT-STU2026116-2026-09-21,STU2026116,ALG1-C,2026-09-21,Present,0,
ATT-STU2026116-2026-09-22,STU2026116,ALG1-C,2026-09-22,Present,0,
ATT-STU2026116-2026-09-23,STU2026116,ALG1-C,2026-09-23,Present,0,
ATT-STU2026116-2026-09-24,STU2026116,ALG1-C,2026-09-24,Present,0,
ATT-STU2026116-2026-09-25,STU2026116,ALG1-C,2026-09-25,Present,0,
ATT-STU2026116-2026-09-28,STU2026116,ALG1-C,2026-09-28,Present,0,
ATT-STU2026116-2026-09-29,STU2026116,ALG1-C,2026-09-29,Present,0,
ATT-STU2026116-2026-09-30,STU2026116,ALG1-C,2026-09-30,Present,0,
ATT-STU2026116-2026-10-01,STU2026116,ALG1-C,2026-10-01,Present,0,
ATT-STU2026116-2026-10-02,STU2026116,ALG1-C,2026-10-02,Present,0,
ATT-STU2026116-2026-10-05,STU2026116,ALG1-C,2026-10-05,Present,0,
ATT-STU2026116-2026-10-06,STU2026116,ALG1-C,2026-10-06,Present,0,
ATT-STU2026116-2026-10-07,STU2026116,ALG1-C,2026-10-07,Absent,0,No
ATT-STU2026116-2026-10-08,STU2026116,ALG1-C,2026-10-08,Present,0,
ATT-STU2026116-2026-10-09,STU2026116,ALG1-C,2026-10-09,Present,0,
ATT-STU2026116-2026-10-12,STU2026116,ALG1-C,2026-10-12,Present,0,
ATT-STU2026116-2026-10-13,STU2026116,ALG1-C,2026-10-13,Present,0,
ATT-STU2026116-2026-10-14,STU2026116,ALG1-C,2026-10-14,Present,0,
ATT-STU2026116-2026-10-15,STU2026116,ALG1-C,2026-10-15,Present,0,
ATT-STU2026116-2026-10-16,STU2026116,ALG1-C,2026-10-16,Absent,0,No
ATT-STU2026116-2026-10-19,STU2026116,ALG1-C,2026-10-19,Present,0,
ATT-STU2026116-2026-10-20,STU2026116,ALG1-C,2026-10-20,Present,0,
ATT-STU2026116-2026-10-21,STU2026116,ALG1-C,2026-10-21,Present,0,
ATT-STU2026116-2026-10-22,STU2026116,ALG1-C,2026-10-22,Present,0,
ATT-STU2026116-2026-10-23,STU2026116,ALG1-C,2026-10-23,Present,0,
ATT-STU2026116-2026-10-26,STU2026116,ALG1-C,2026-10-26,Present,0,
ATT-STU2026116-2026-10-27,STU2026116,ALG1-C,2026-10-27,Present,0,
ATT-STU2026116-2026-10-28,STU2026116,ALG1-C,2026-10-28,Present,0,
ATT-STU2026116-2026-10-29,STU2026116,ALG1-C,2026-10-29,Present,0,
ATT-STU2026116-2026-10-30,STU2026116,ALG1-C,2026-10-30,Tardy,3,
ATT-STU2026116-2026-11-02,STU2026116,ALG1-C,2026-11-02,Present,0,
ATT-STU2026116-2026-11-03,STU2026116,ALG1-C,2026-11-03,Present,0,
ATT-STU2026116-2026-11-04,STU2026116,ALG1-C,2026-11-04,Present,0,
ATT-STU2026116-2026-11-05,STU2026116,ALG1-C,2026-11-05,Present,0,
ATT-STU2026116-2026-11-06,STU2026116,ALG1-C,2026-11-06,Present,0,
ATT-STU2026116-2026-11-09,STU2026116,ALG1-C,2026-11-09,Present,0,
ATT-STU2026117-2026-09-08,STU2026117,ALG1-C,2026-09-08,Present,0,
ATT-STU2026117-2026-09-09,STU2026117,ALG1-C,2026-09-09,Present,0,
ATT-STU2026117-2026-09-10,STU2026117,ALG1-C,2026-09-10,Present,0,
ATT-STU2026117-2026-09-11,STU2026117,ALG1-C,2026-09-11,Present,0,
ATT-STU2026117-2026-09-14,STU2026117,ALG1-C,2026-09-14,Present,0,
ATT-STU2026117-2026-09-15,STU2026117,ALG1-C,2026-09-15,Present,0,
ATT-STU2026117-2026-09-16,STU2026117,ALG1-C,2026-09-16,Present,0,
ATT-STU2026117-2026-09-17,STU2026117,ALG1-C,2026-09-17,Present,0,
ATT-STU2026117-2026-09-18,STU2026117,ALG1-C,2026-09-18,Present,0,
ATT-STU2026117-2026-09-21,STU2026117,ALG1-C,2026-09-21,Present,0,
ATT-STU2026117-2026-09-22,STU2026117,ALG1-C,2026-09-22,Present,0,
ATT-STU2026117-2026-09-23,STU2026117,ALG1-C,2026-09-23,Present,0,
ATT-STU2026117-2026-09-24,STU2026117,ALG1-C,2026-09-24,Present,0,
ATT-STU2026117-2026-09-25,STU2026117,ALG1-C,2026-09-25,Present,0,
ATT-STU2026117-2026-09-28,STU2026117,ALG1-C,2026-09-28,Present,0,
ATT-STU2026117-2026-09-29,STU2026117,ALG1-C,2026-09-29,Present,0,
ATT-STU2026117-2026-09-30,STU2026117,ALG1-C,2026-09-30,Present,0,
ATT-STU2026117-2026-10-01,STU2026117,ALG1-C,2026-10-01,Present,0,
ATT-STU2026117-2026-10-02,STU2026117,ALG1-C,2026-10-02,Present,0,
ATT-STU2026117-2026-10-05,STU2026117,ALG1-C,2026-10-05,Present,0,
ATT-STU2026117-2026-10-06,STU2026117,ALG1-C,2026-10-06,Present,0,
ATT-STU2026117-2026-10-07,STU2026117,ALG1-C,2026-10-07,Tardy,5,
ATT-STU2026117-2026-10-08,STU2026117,ALG1-C,2026-10-08,Present,0,
ATT-STU2026117-2026-10-09,STU2026117,ALG1-C,2026-10-09,Present,0,
ATT-STU2026117-2026-10-12,STU2026117,ALG1-C,2026-10-12,Present,0,
ATT-STU2026117-2026-10-13,STU2026117,ALG1-C,2026-10-13,Present,0,
ATT-STU2026117-2026-10-14,STU2026117,ALG1-C,2026-10-14,Present,0,
ATT-STU2026117-2026-10-15,STU2026117,ALG1-C,2026-10-15,Present,0,
ATT-STU2026117-2026-10-16,STU2026117,ALG1-C,2026-10-16,Present,0,
ATT-STU2026117-2026-10-19,STU2026117,ALG1-C,2026-10-19,Present,0,
ATT-STU2026117-2026-10-20,STU2026117,ALG1-C,2026-10-20,Present,0,
ATT-STU2026117-2026-10-21,STU2026117,ALG1-C,2026-10-21,Present,0,
ATT-STU2026117-2026-10-22,STU2026117,ALG1-C,2026-10-22,Present,0,
ATT-STU2026117-2026-10-23,STU2026117,ALG1-C,2026-10-23,Present,0,
ATT-STU2026117-2026-10-26,STU2026117,ALG1-C,2026-10-26,Present,0,
ATT-STU2026117-2026-10-27,STU2026117,ALG1-C,2026-10-27,Present,0,
ATT-STU2026117-2026-10-28,STU2026117,ALG1-C,2026-10-28,Present,0,
ATT-STU2026117-2026-10-29,STU2026117,ALG1-C,2026-10-29,Present,0,
ATT-STU2026117-2026-10-30,STU2026117,ALG1-C,2026-10-30,Present,0,
ATT-STU2026117-2026-11-02,STU2026117,ALG1-C,2026-11-02,Present,0,
ATT-STU2026117-2026-11-03,STU2026117,ALG1-C,2026-11-03,Present,0,
ATT-STU2026117-2026-11-04,STU2026117,ALG1-C,2026-11-04,Present,0,
ATT-STU2026117-2026-11-05,STU2026117,ALG1-C,2026-11-05,Present,0,
ATT-STU2026117-2026-11-06,STU2026117,ALG1-C,2026-11-06,Absent,0,Yes
ATT-STU2026117-2026-11-09,STU2026117,ALG1-C,2026-11-09,Present,0,
ATT-STU2026118-2026-09-08,STU2026118,ALG1-C,2026-09-08,Present,0,
ATT-STU2026118-2026-09-09,STU2026118,ALG1-C,2026-09-09,Present,0,
ATT-STU2026118-2026-09-10,STU2026118,ALG1-C,2026-09-10,Present,0,
ATT-STU2026118-2026-09-11,STU2026118,ALG1-C,2026-09-11,Present,0,
ATT-STU2026118-2026-09-14,STU2026118,ALG1-C,2026-09-14,Present,0,
ATT-STU2026118-2026-09-15,STU2026118,ALG1-C,2026-09-15,Present,0,
ATT-STU2026118-2026-09-16,STU2026118,ALG1-C,2026-09-16,Present,0,
ATT-STU2026118-2026-09-17,STU2026118,ALG1-C,2026-09-17,Present,0,
ATT-STU2026118-2026-09-18,STU2026118,ALG1-C,2026-09-18,Present,0,
ATT-STU2026118-2026-09-21,STU2026118,ALG1-C,2026-09-21,Present,0,
ATT-STU2026118-2026-09-22,STU2026118,ALG1-C,2026-09-22,Present,0,
ATT-STU2026118-2026-09-23,STU2026118,ALG1-C,2026-09-23,Absent,0,Yes
ATT-STU2026118-2026-09-24,STU2026118,ALG1-C,2026-09-24,Present,0,
ATT-STU2026118-2026-09-25,STU2026118,ALG1-C,2026-09-25,Present,0,
ATT-STU2026118-2026-09-28,STU2026118,ALG1-C,2026-09-28,Present,0,
ATT-STU2026118-2026-09-29,STU2026118,ALG1-C,2026-09-29,Present,0,
ATT-STU2026118-2026-09-30,STU2026118,ALG1-C,2026-09-30,Present,0,
ATT-STU2026118-2026-10-01,STU2026118,ALG1-C,2026-10-01,Present,0,
ATT-STU2026118-2026-10-02,STU2026118,ALG1-C,2026-10-02,Present,0,
ATT-STU2026118-2026-10-05,STU2026118,ALG1-C,2026-10-05,Present,0,
ATT-STU2026118-2026-10-06,STU2026118,ALG1-C,2026-10-06,Present,0,
ATT-STU2026118-2026-10-07,STU2026118,ALG1-C,2026-10-07,Tardy,5,
ATT-STU2026118-2026-10-08,STU2026118,ALG1-C,2026-10-08,Present,0,
ATT-STU2026118-2026-10-09,STU2026118,ALG1-C,2026-10-09,Present,0,
ATT-STU2026118-2026-10-12,STU2026118,ALG1-C,2026-10-12,Absent,0,Yes
ATT-STU2026118-2026-10-13,STU2026118,ALG1-C,2026-10-13,Absent,0,No
ATT-STU2026118-2026-10-14,STU2026118,ALG1-C,2026-10-14,Present,0,
ATT-STU2026118-2026-10-15,STU2026118,ALG1-C,2026-10-15,Present,0,
ATT-STU2026118-2026-10-16,STU2026118,ALG1-C,2026-10-16,Absent,0,No
ATT-STU2026118-2026-10-19,STU2026118,ALG1-C,2026-10-19,Present,0,
ATT-STU2026118-2026-10-20,STU2026118,ALG1-C,2026-10-20,Present,0,
ATT-STU2026118-2026-10-21,STU2026118,ALG1-C,2026-10-21,Present,0,
ATT-STU2026118-2026-10-22,STU2026118,ALG1-C,2026-10-22,Tardy,15,
ATT-STU2026118-2026-10-23,STU2026118,ALG1-C,2026-10-23,Present,0,
ATT-STU2026118-2026-10-26,STU2026118,ALG1-C,2026-10-26,Absent,0,Yes
ATT-STU2026118-2026-10-27,STU2026118,ALG1-C,2026-10-27,Absent,0,No
ATT-STU2026118-2026-10-28,STU2026118,ALG1-C,2026-10-28,Tardy,5,
ATT-STU2026118-2026-10-29,STU2026118,ALG1-C,2026-10-29,Present,0,
ATT-STU2026118-2026-10-30,STU2026118,ALG1-C,2026-10-30,Present,0,
ATT-STU2026118-2026-11-02,STU2026118,ALG1-C,2026-11-02,Present,0,
ATT-STU2026118-2026-11-03,STU2026118,ALG1-C,2026-11-03,Present,0,
ATT-STU2026118-2026-11-04,STU2026118,ALG1-C,2026-11-04,Present,0,
ATT-STU2026118-2026-11-05,STU2026118,ALG1-C,2026-11-05,Present,0,
ATT-STU2026118-2026-11-06,STU2026118,ALG1-C,2026-11-06,Present,0,
ATT-STU2026118-2026-11-09,STU2026118,ALG1-C,2026-11-09,Absent,0,No
ATT-STU2026119-2026-09-08,STU2026119,ALG1-C,2026-09-08,Present,0,
ATT-STU2026119-2026-09-09,STU2026119,ALG1-C,2026-09-09,Present,0,
ATT-STU2026119-2026-09-10,STU2026119,ALG1-C,2026-09-10,Present,0,
ATT-STU2026119-2026-09-11,STU2026119,ALG1-C,2026-09-11,Present,0,
ATT-STU2026119-2026-09-14,STU2026119,ALG1-C,2026-09-14,Present,0,
ATT-STU2026119-2026-09-15,STU2026119,ALG1-C,2026-09-15,Present,0,
ATT-STU2026119-2026-09-16,STU2026119,ALG1-C,2026-09-16,Present,0,
ATT-STU2026119-2026-09-17,STU2026119,ALG1-C,2026-09-17,Present,0,
ATT-STU2026119-2026-09-18,STU2026119,ALG1-C,2026-09-18,Present,0,
ATT-STU2026119-2026-09-21,STU2026119,ALG1-C,2026-09-21,Tardy,3,
ATT-STU2026119-2026-09-22,STU2026119,ALG1-C,2026-09-22,Present,0,
ATT-STU2026119-2026-09-23,STU2026119,ALG1-C,2026-09-23,Present,0,
ATT-STU2026119-2026-09-24,STU2026119,ALG1-C,2026-09-24,Present,0,
ATT-STU2026119-2026-09-25,STU2026119,ALG1-C,2026-09-25,Present,0,
ATT-STU2026119-2026-09-28,STU2026119,ALG1-C,2026-09-28,Present,0,
ATT-STU2026119-2026-09-29,STU2026119,ALG1-C,2026-09-29,Present,0,
ATT-STU2026119-2026-09-30,STU2026119,ALG1-C,2026-09-30,Present,0,
ATT-STU2026119-2026-10-01,STU2026119,ALG1-C,2026-10-01,Absent,0,No
ATT-STU2026119-2026-10-02,STU2026119,ALG1-C,2026-10-02,Present,0,
ATT-STU2026119-2026-10-05,STU2026119,ALG1-C,2026-10-05,Absent,0,Yes
ATT-STU2026119-2026-10-06,STU2026119,ALG1-C,2026-10-06,Present,0,
ATT-STU2026119-2026-10-07,STU2026119,ALG1-C,2026-10-07,Tardy,7,
ATT-STU2026119-2026-10-08,STU2026119,ALG1-C,2026-10-08,Present,0,
ATT-STU2026119-2026-10-09,STU2026119,ALG1-C,2026-10-09,Present,0,
ATT-STU2026119-2026-10-12,STU2026119,ALG1-C,2026-10-12,Present,0,
ATT-STU2026119-2026-10-13,STU2026119,ALG1-C,2026-10-13,Present,0,
ATT-STU2026119-2026-10-14,STU2026119,ALG1-C,2026-10-14,Present,0,
ATT-STU2026119-2026-10-15,STU2026119,ALG1-C,2026-10-15,Present,0,
ATT-STU2026119-2026-10-16,STU2026119,ALG1-C,2026-10-16,Present,0,
ATT-STU2026119-2026-10-19,STU2026119,ALG1-C,2026-10-19,Present,0,
ATT-STU2026119-2026-10-20,STU2026119,ALG1-C,2026-10-20,Present,0,
ATT-STU2026119-2026-10-21,STU2026119,ALG1-C,2026-10-21,Present,0,
ATT-STU2026119-2026-10-22,STU2026119,ALG1-C,2026-10-22,Present,0,
ATT-STU2026119-2026-10-23,STU2026119,ALG1-C,2026-10-23,Present,0,
ATT-STU2026119-2026-10-26,STU2026119,ALG1-C,2026-10-26,Present,0,
ATT-STU2026119-2026-10-27,STU2026119,ALG1-C,2026-10-27,Present,0,
ATT-STU2026119-2026-10-28,STU2026119,ALG1-C,2026-10-28,Present,0,
ATT-STU2026119-2026-10-29,STU2026119,ALG1-C,2026-10-29,Present,0,
ATT-STU2026119-2026-10-30,STU2026119,ALG1-C,2026-10-30,Present,0,
ATT-STU2026119-2026-11-02,STU2026119,ALG1-C,2026-11-02,Present,0,
ATT-STU2026119-2026-11-03,STU2026119,ALG1-C,2026-11-03,Present,0,
ATT-STU2026119-2026-11-04,STU2026119,ALG1-C,2026-11-04,Present,0,
ATT-STU2026119-2026-11-05,STU2026119,ALG1-C,2026-11-05,Present,0,
ATT-STU2026119-2026-11-06,STU2026119,ALG1-C,2026-11-06,Present,0,
ATT-STU2026119-2026-11-09,STU2026119,ALG1-C,2026-11-09,Present,0,
ATT-STU2026120-2026-09-08,STU2026120,ALG1-C,2026-09-08,Present,0,
ATT-STU2026120-2026-09-09,STU2026120,ALG1-C,2026-09-09,Present,0,
ATT-STU2026120-2026-09-10,STU2026120,ALG1-C,2026-09-10,Present,0,
ATT-STU2026120-2026-09-11,STU2026120,ALG1-C,2026-09-11,Present,0,
ATT-STU2026120-2026-09-14,STU2026120,ALG1-C,2026-09-14,Present,0,
ATT-STU2026120-2026-09-15,STU2026120,ALG1-C,2026-09-15,Present,0,
ATT-STU2026120-2026-09-16,STU2026120,ALG1-C,2026-09-16,Tardy,10,
ATT-STU2026120-2026-09-17,STU2026120,ALG1-C,2026-09-17,Present,0,
ATT-STU2026120-2026-09-18,STU2026120,ALG1-C,2026-09-18,Absent,0,No
ATT-STU2026120-2026-09-21,STU2026120,ALG1-C,2026-09-21,Present,0,
ATT-STU2026120-2026-09-22,STU2026120,ALG1-C,2026-09-22,Present,0,
ATT-STU2026120-2026-09-23,STU2026120,ALG1-C,2026-09-23,Absent,0,Yes
ATT-STU2026120-2026-09-24,STU2026120,ALG1-C,2026-09-24,Present,0,
ATT-STU2026120-2026-09-25,STU2026120,ALG1-C,2026-09-25,Present,0,
ATT-STU2026120-2026-09-28,STU2026120,ALG1-C,2026-09-28,Present,0,
ATT-STU2026120-2026-09-29,STU2026120,ALG1-C,2026-09-29,Present,0,
ATT-STU2026120-2026-09-30,STU2026120,ALG1-C,2026-09-30,Present,0,
ATT-STU2026120-2026-10-01,STU2026120,ALG1-C,2026-10-01,Present,0,
ATT-STU2026120-2026-10-02,STU2026120,ALG1-C,2026-10-02,Present,0,
ATT-STU2026120-2026-10-05,STU2026120,ALG1-C,2026-10-05,Present,0,
ATT-STU2026120-2026-10-06,STU2026120,ALG1-C,2026-10-06,Present,0,
ATT-STU2026120-2026-10-07,STU2026120,ALG1-C,2026-10-07,Present,0,
ATT-STU2026120-2026-10-08,STU2026120,ALG1-C,2026-10-08,Present,0,
ATT-STU2026120-2026-10-09,STU2026120,ALG1-C,2026-10-09,Present,0,
ATT-STU2026120-2026-10-12,STU2026120,ALG1-C,2026-10-12,Present,0,
ATT-STU2026120-2026-10-13,STU2026120,ALG1-C,2026-10-13,Absent,0,No
ATT-STU2026120-2026-10-14,STU2026120,ALG1-C,2026-10-14,Present,0,
ATT-STU2026120-2026-10-15,STU2026120,ALG1-C,2026-10-15,Present,0,
ATT-STU2026120-2026-10-16,STU2026120,ALG1-C,2026-10-16,Present,0,
ATT-STU2026120-2026-10-19,STU2026120,ALG1-C,2026-10-19,Present,0,
ATT-STU2026120-2026-10-20,STU2026120,ALG1-C,2026-10-20,Absent,0,No
ATT-STU2026120-2026-10-21,STU2026120,ALG1-C,2026-10-21,Absent,0,No
ATT-STU2026120-2026-10-22,STU2026120,ALG1-C,2026-10-22,Present,0,
ATT-STU2026120-2026-10-23,STU2026120,ALG1-C,2026-10-23,Absent,0,Yes
ATT-STU2026120-2026-10-26,STU2026120,ALG1-C,2026-10-26,Present,0,
ATT-STU2026120-2026-10-27,STU2026120,ALG1-C,2026-10-27,Present,0,
ATT-STU2026120-2026-10-28,STU2026120,ALG1-C,2026-10-28,Present,0,
ATT-STU2026120-2026-10-29,STU2026120,ALG1-C,2026-10-29,Present,0,
ATT-STU2026120-2026-10-30,STU2026120,ALG1-C,2026-10-30,Present,0,
ATT-STU2026120-2026-11-02,STU2026120,ALG1-C,2026-11-02,Present,0,
ATT-STU2026120-2026-11-03,STU2026120,ALG1-C,2026-11-03,Present,0,
ATT-STU2026120-2026-11-04,STU2026120,ALG1-C,2026-11-04,Present,0,
ATT-STU2026120-2026-11-05,STU2026120,ALG1-C,2026-11-05,Present,0,
ATT-STU2026120-2026-11-06,STU2026120,ALG1-C,2026-11-06,Present,0,
ATT-STU2026120-2026-11-09,STU2026120,ALG1-C,2026-11-09,Present,0,
ATT-STU2026121-2026-09-08,STU2026121,ALG1-D,2026-09-08,Present,0,
ATT-STU2026121-2026-09-09,STU2026121,ALG1-D,2026-09-09,Tardy,5,
ATT-STU2026121-2026-09-10,STU2026121,ALG1-D,2026-09-10,Present,0,
ATT-STU2026121-2026-09-11,STU2026121,ALG1-D,2026-09-11,Present,0,
ATT-STU2026121-2026-09-14,STU2026121,ALG1-D,2026-09-14,Present,0,
ATT-STU2026121-2026-09-15,STU2026121,ALG1-D,2026-09-15,Absent,0,No
ATT-STU2026121-2026-09-16,STU2026121,ALG1-D,2026-09-16,Present,0,
ATT-STU2026121-2026-09-17,STU2026121,ALG1-D,2026-09-17,Present,0,
ATT-STU2026121-2026-09-18,STU2026121,ALG1-D,2026-09-18,Present,0,
ATT-STU2026121-2026-09-21,STU2026121,ALG1-D,2026-09-21,Present,0,
ATT-STU2026121-2026-09-22,STU2026121,ALG1-D,2026-09-22,Present,0,
ATT-STU2026121-2026-09-23,STU2026121,ALG1-D,2026-09-23,Present,0,
ATT-STU2026121-2026-09-24,STU2026121,ALG1-D,2026-09-24,Present,0,
ATT-STU2026121-2026-09-25,STU2026121,ALG1-D,2026-09-25,Present,0,
ATT-STU2026121-2026-09-28,STU2026121,ALG1-D,2026-09-28,Present,0,
ATT-STU2026121-2026-09-29,STU2026121,ALG1-D,2026-09-29,Present,0,
ATT-STU2026121-2026-09-30,STU2026121,ALG1-D,2026-09-30,Present,0,
ATT-STU2026121-2026-10-01,STU2026121,ALG1-D,2026-10-01,Present,0,
ATT-STU2026121-2026-10-02,STU2026121,ALG1-D,2026-10-02,Present,0,
ATT-STU2026121-2026-10-05,STU2026121,ALG1-D,2026-10-05,Present,0,
ATT-STU2026121-2026-10-06,STU2026121,ALG1-D,2026-10-06,Present,0,
ATT-STU2026121-2026-10-07,STU2026121,ALG1-D,2026-10-07,Present,0,
ATT-STU2026121-2026-10-08,STU2026121,ALG1-D,2026-10-08,Present,0,
ATT-STU2026121-2026-10-09,STU2026121,ALG1-D,2026-10-09,Present,0,
ATT-STU2026121-2026-10-12,STU2026121,ALG1-D,2026-10-12,Present,0,
ATT-STU2026121-2026-10-13,STU2026121,ALG1-D,2026-10-13,Present,0,
ATT-STU2026121-2026-10-14,STU2026121,ALG1-D,2026-10-14,Present,0,
ATT-STU2026121-2026-10-15,STU2026121,ALG1-D,2026-10-15,Present,0,
ATT-STU2026121-2026-10-16,STU2026121,ALG1-D,2026-10-16,Present,0,
ATT-STU2026121-2026-10-19,STU2026121,ALG1-D,2026-10-19,Present,0,
ATT-STU2026121-2026-10-20,STU2026121,ALG1-D,2026-10-20,Present,0,
ATT-STU2026121-2026-10-21,STU2026121,ALG1-D,2026-10-21,Present,0,
ATT-STU2026121-2026-10-22,STU2026121,ALG1-D,2026-10-22,Present,0,
ATT-STU2026121-2026-10-23,STU2026121,ALG1-D,2026-10-23,Present,0,
ATT-STU2026121-2026-10-26,STU2026121,ALG1-D,2026-10-26,Present,0,
ATT-STU2026121-2026-10-27,STU2026121,ALG1-D,2026-10-27,Present,0,
ATT-STU2026121-2026-10-28,STU2026121,ALG1-D,2026-10-28,Present,0,
ATT-STU2026121-2026-10-29,STU2026121,ALG1-D,2026-10-29,Present,0,
ATT-STU2026121-2026-10-30,STU2026121,ALG1-D,2026-10-30,Present,0,
ATT-STU2026121-2026-11-02,STU2026121,ALG1-D,2026-11-02,Present,0,
ATT-STU2026121-2026-11-03,STU2026121,ALG1-D,2026-11-03,Present,0,
ATT-STU2026121-2026-11-04,STU2026121,ALG1-D,2026-11-04,Present,0,
ATT-STU2026121-2026-11-05,STU2026121,ALG1-D,2026-11-05,Present,0,
ATT-STU2026121-2026-11-06,STU2026121,ALG1-D,2026-11-06,Present,0,
ATT-STU2026121-2026-11-09,STU2026121,ALG1-D,2026-11-09,Present,0,
ATT-STU2026122-2026-09-08,STU2026122,ALG1-D,2026-09-08,Present,0,
ATT-STU2026122-2026-09-09,STU2026122,ALG1-D,2026-09-09,Absent,0,Yes
ATT-STU2026122-2026-09-10,STU2026122,ALG1-D,2026-09-10,Present,0,
ATT-STU2026122-2026-09-11,STU2026122,ALG1-D,2026-09-11,Tardy,7,
ATT-STU2026122-2026-09-14,STU2026122,ALG1-D,2026-09-14,Present,0,
ATT-STU2026122-2026-09-15,STU2026122,ALG1-D,2026-09-15,Present,0,
ATT-STU2026122-2026-09-16,STU2026122,ALG1-D,2026-09-16,Present,0,
ATT-STU2026122-2026-09-17,STU2026122,ALG1-D,2026-09-17,Present,0,
ATT-STU2026122-2026-09-18,STU2026122,ALG1-D,2026-09-18,Present,0,
ATT-STU2026122-2026-09-21,STU2026122,ALG1-D,2026-09-21,Present,0,
ATT-STU2026122-2026-09-22,STU2026122,ALG1-D,2026-09-22,Present,0,
ATT-STU2026122-2026-09-23,STU2026122,ALG1-D,2026-09-23,Absent,0,Yes
ATT-STU2026122-2026-09-24,STU2026122,ALG1-D,2026-09-24,Present,0,
ATT-STU2026122-2026-09-25,STU2026122,ALG1-D,2026-09-25,Present,0,
ATT-STU2026122-2026-09-28,STU2026122,ALG1-D,2026-09-28,Present,0,
ATT-STU2026122-2026-09-29,STU2026122,ALG1-D,2026-09-29,Present,0,
ATT-STU2026122-2026-09-30,STU2026122,ALG1-D,2026-09-30,Present,0,
ATT-STU2026122-2026-10-01,STU2026122,ALG1-D,2026-10-01,Present,0,
ATT-STU2026122-2026-10-02,STU2026122,ALG1-D,2026-10-02,Present,0,
ATT-STU2026122-2026-10-05,STU2026122,ALG1-D,2026-10-05,Present,0,
ATT-STU2026122-2026-10-06,STU2026122,ALG1-D,2026-10-06,Present,0,
ATT-STU2026122-2026-10-07,STU2026122,ALG1-D,2026-10-07,Present,0,
ATT-STU2026122-2026-10-08,STU2026122,ALG1-D,2026-10-08,Present,0,
ATT-STU2026122-2026-10-09,STU2026122,ALG1-D,2026-10-09,Present,0,
ATT-STU2026122-2026-10-12,STU2026122,ALG1-D,2026-10-12,Tardy,15,
ATT-STU2026122-2026-10-13,STU2026122,ALG1-D,2026-10-13,Present,0,
ATT-STU2026122-2026-10-14,STU2026122,ALG1-D,2026-10-14,Present,0,
ATT-STU2026122-2026-10-15,STU2026122,ALG1-D,2026-10-15,Absent,0,No
ATT-STU2026122-2026-10-16,STU2026122,ALG1-D,2026-10-16,Absent,0,No
ATT-STU2026122-2026-10-19,STU2026122,ALG1-D,2026-10-19,Present,0,
ATT-STU2026122-2026-10-20,STU2026122,ALG1-D,2026-10-20,Present,0,
ATT-STU2026122-2026-10-21,STU2026122,ALG1-D,2026-10-21,Present,0,
ATT-STU2026122-2026-10-22,STU2026122,ALG1-D,2026-10-22,Present,0,
ATT-STU2026122-2026-10-23,STU2026122,ALG1-D,2026-10-23,Tardy,3,
ATT-STU2026122-2026-10-26,STU2026122,ALG1-D,2026-10-26,Present,0,
ATT-STU2026122-2026-10-27,STU2026122,ALG1-D,2026-10-27,Present,0,
ATT-STU2026122-2026-10-28,STU2026122,ALG1-D,2026-10-28,Absent,0,Yes
ATT-STU2026122-2026-10-29,STU2026122,ALG1-D,2026-10-29,Present,0,
ATT-STU2026122-2026-10-30,STU2026122,ALG1-D,2026-10-30,Absent,0,Yes
ATT-STU2026122-2026-11-02,STU2026122,ALG1-D,2026-11-02,Present,0,
ATT-STU2026122-2026-11-03,STU2026122,ALG1-D,2026-11-03,Absent,0,No
ATT-STU2026122-2026-11-04,STU2026122,ALG1-D,2026-11-04,Present,0,
ATT-STU2026122-2026-11-05,STU2026122,ALG1-D,2026-11-05,Present,0,
ATT-STU2026122-2026-11-06,STU2026122,ALG1-D,2026-11-06,Present,0,
ATT-STU2026122-2026-11-09,STU2026122,ALG1-D,2026-11-09,Present,0,
ATT-STU2026123-2026-09-08,STU2026123,ALG1-D,2026-09-08,Present,0,
ATT-STU2026123-2026-09-09,STU2026123,ALG1-D,2026-09-09,Present,0,
ATT-STU2026123-2026-09-10,STU2026123,ALG1-D,2026-09-10,Present,0,
ATT-STU2026123-2026-09-11,STU2026123,ALG1-D,2026-09-11,Present,0,
ATT-STU2026123-2026-09-14,STU2026123,ALG1-D,2026-09-14,Absent,0,No
ATT-STU2026123-2026-09-15,STU2026123,ALG1-D,2026-09-15,Present,0,
ATT-STU2026123-2026-09-16,STU2026123,ALG1-D,2026-09-16,Present,0,
ATT-STU2026123-2026-09-17,STU2026123,ALG1-D,2026-09-17,Present,0,
ATT-STU2026123-2026-09-18,STU2026123,ALG1-D,2026-09-18,Present,0,
ATT-STU2026123-2026-09-21,STU2026123,ALG1-D,2026-09-21,Present,0,
ATT-STU2026123-2026-09-22,STU2026123,ALG1-D,2026-09-22,Absent,0,Yes
ATT-STU2026123-2026-09-23,STU2026123,ALG1-D,2026-09-23,Present,0,
ATT-STU2026123-2026-09-24,STU2026123,ALG1-D,2026-09-24,Present,0,
ATT-STU2026123-2026-09-25,STU2026123,ALG1-D,2026-09-25,Absent,0,Yes
ATT-STU2026123-2026-09-28,STU2026123,ALG1-D,2026-09-28,Present,0,
ATT-STU2026123-2026-09-29,STU2026123,ALG1-D,2026-09-29,Present,0,
ATT-STU2026123-2026-09-30,STU2026123,ALG1-D,2026-09-30,Present,0,
ATT-STU2026123-2026-10-01,STU2026123,ALG1-D,2026-10-01,Present,0,
ATT-STU2026123-2026-10-02,STU2026123,ALG1-D,2026-10-02,Present,0,
ATT-STU2026123-2026-10-05,STU2026123,ALG1-D,2026-10-05,Present,0,
ATT-STU2026123-2026-10-06,STU2026123,ALG1-D,2026-10-06,Present,0,
ATT-STU2026123-2026-10-07,STU2026123,ALG1-D,2026-10-07,Present,0,
ATT-STU2026123-2026-10-08,STU2026123,ALG1-D,2026-10-08,Present,0,
ATT-STU2026123-2026-10-09,STU2026123,ALG1-D,2026-10-09,Present,0,
ATT-STU2026123-2026-10-12,STU2026123,ALG1-D,2026-10-12,Present,0,
ATT-STU2026123-2026-10-13,STU2026123,ALG1-D,2026-10-13,Tardy,10,
ATT-STU2026123-2026-10-14,STU2026123,ALG1-D,2026-10-14,Present,0,
ATT-STU2026123-2026-10-15,STU2026123,ALG1-D,2026-10-15,Present,0,
ATT-STU2026123-2026-10-16,STU2026123,ALG1-D,2026-10-16,Present,0,
ATT-STU2026123-2026-10-19,STU2026123,ALG1-D,2026-10-19,Present,0,
ATT-STU2026123-2026-10-20,STU2026123,ALG1-D,2026-10-20,Present,0,
ATT-STU2026123-2026-10-21,STU2026123,ALG1-D,2026-10-21,Present,0,
ATT-STU2026123-2026-10-22,STU2026123,ALG1-D,2026-10-22,Present,0,
ATT-STU2026123-2026-10-23,STU2026123,ALG1-D,2026-10-23,Present,0,
ATT-STU2026123-2026-10-26,STU2026123,ALG1-D,2026-10-26,Present,0,
ATT-STU2026123-2026-10-27,STU2026123,ALG1-D,2026-10-27,Present,0,
ATT-STU2026123-2026-10-28,STU2026123,ALG1-D,2026-10-28,Present,0,
ATT-STU2026123-2026-10-29,STU2026123,ALG1-D,2026-10-29,Present,0,
ATT-STU2026123-2026-10-30,STU2026123,ALG1-D,2026-10-30,Absent,0,Yes
ATT-STU2026123-2026-11-02,STU2026123,ALG1-D,2026-11-02,Present,0,
ATT-STU2026123-2026-11-03,STU2026123,ALG1-D,2026-11-03,Present,0,
ATT-STU2026123-2026-11-04,STU2026123,ALG1-D,2026-11-04,Present,0,
ATT-STU2026123-2026-11-05,STU2026123,ALG1-D,2026-11-05,Present,0,
ATT-STU2026123-2026-11-06,STU2026123,ALG1-D,2026-11-06,Present,0,
ATT-STU2026123-2026-11-09,STU2026123,ALG1-D,2026-11-09,Present,0,
ATT-STU2026124-2026-09-08,STU2026124,ALG1-D,2026-09-08,Tardy,10,
ATT-STU2026124-2026-09-09,STU2026124,ALG1-D,2026-09-09,Present,0,
ATT-STU2026124-2026-09-10,STU2026124,ALG1-D,2026-09-10,Present,0,
ATT-STU2026124-2026-09-11,STU2026124,ALG1-D,2026-09-11,Present,0,
ATT-STU2026124-2026-09-14,STU2026124,ALG1-D,2026-09-14,Present,0,
ATT-STU2026124-2026-09-15,STU2026124,ALG1-D,2026-09-15,Present,0,
ATT-STU2026124-2026-09-16,STU2026124,ALG1-D,2026-09-16,Present,0,
ATT-STU2026124-2026-09-17,STU2026124,ALG1-D,2026-09-17,Present,0,
ATT-STU2026124-2026-09-18,STU2026124,ALG1-D,2026-09-18,Present,0,
ATT-STU2026124-2026-09-21,STU2026124,ALG1-D,2026-09-21,Present,0,
ATT-STU2026124-2026-09-22,STU2026124,ALG1-D,2026-09-22,Present,0,
ATT-STU2026124-2026-09-23,STU2026124,ALG1-D,2026-09-23,Present,0,
ATT-STU2026124-2026-09-24,STU2026124,ALG1-D,2026-09-24,Present,0,
ATT-STU2026124-2026-09-25,STU2026124,ALG1-D,2026-09-25,Present,0,
ATT-STU2026124-2026-09-28,STU2026124,ALG1-D,2026-09-28,Present,0,
ATT-STU2026124-2026-09-29,STU2026124,ALG1-D,2026-09-29,Present,0,
ATT-STU2026124-2026-09-30,STU2026124,ALG1-D,2026-09-30,Present,0,
ATT-STU2026124-2026-10-01,STU2026124,ALG1-D,2026-10-01,Present,0,
ATT-STU2026124-2026-10-02,STU2026124,ALG1-D,2026-10-02,Present,0,
ATT-STU2026124-2026-10-05,STU2026124,ALG1-D,2026-10-05,Present,0,
ATT-STU2026124-2026-10-06,STU2026124,ALG1-D,2026-10-06,Present,0,
ATT-STU2026124-2026-10-07,STU2026124,ALG1-D,2026-10-07,Present,0,
ATT-STU2026124-2026-10-08,STU2026124,ALG1-D,2026-10-08,Present,0,
ATT-STU2026124-2026-10-09,STU2026124,ALG1-D,2026-10-09,Present,0,
ATT-STU2026124-2026-10-12,STU2026124,ALG1-D,2026-10-12,Present,0,
ATT-STU2026124-2026-10-13,STU2026124,ALG1-D,2026-10-13,Absent,0,No
ATT-STU2026124-2026-10-14,STU2026124,ALG1-D,2026-10-14,Absent,0,Yes
ATT-STU2026124-2026-10-15,STU2026124,ALG1-D,2026-10-15,Present,0,
ATT-STU2026124-2026-10-16,STU2026124,ALG1-D,2026-10-16,Present,0,
ATT-STU2026124-2026-10-19,STU2026124,ALG1-D,2026-10-19,Present,0,
ATT-STU2026124-2026-10-20,STU2026124,ALG1-D,2026-10-20,Present,0,
ATT-STU2026124-2026-10-21,STU2026124,ALG1-D,2026-10-21,Present,0,
ATT-STU2026124-2026-10-22,STU2026124,ALG1-D,2026-10-22,Present,0,
ATT-STU2026124-2026-10-23,STU2026124,ALG1-D,2026-10-23,Present,0,
ATT-STU2026124-2026-10-26,STU2026124,ALG1-D,2026-10-26,Present,0,
ATT-STU2026124-2026-10-27,STU2026124,ALG1-D,2026-10-27,Absent,0,No
ATT-STU2026124-2026-10-28,STU2026124,ALG1-D,2026-10-28,Present,0,
ATT-STU2026124-2026-10-29,STU2026124,ALG1-D,2026-10-29,Present,0,
ATT-STU2026124-2026-10-30,STU2026124,ALG1-D,2026-10-30,Present,0,
ATT-STU2026124-2026-11-02,STU2026124,ALG1-D,2026-11-02,Present,0,
ATT-STU2026124-2026-11-03,STU2026124,ALG1-D,2026-11-03,Present,0,
ATT-STU2026124-2026-11-04,STU2026124,ALG1-D,2026-11-04,Present,0,
ATT-STU2026124-2026-11-05,STU2026124,ALG1-D,2026-11-05,Present,0,
ATT-STU2026124-2026-11-06,STU2026124,ALG1-D,2026-11-06,Present,0,
ATT-STU2026124-2026-11-09,STU2026124,ALG1-D,2026-11-09,Present,0,
ATT-STU2026125-2026-09-08,STU2026125,ALG1-D,2026-09-08,Present,0,
ATT-STU2026125-2026-09-09,STU2026125,ALG1-D,2026-09-09,Present,0,
ATT-STU2026125-2026-09-10,STU2026125,ALG1-D,2026-09-10,Absent,0,Yes
ATT-STU2026125-2026-09-11,STU2026125,ALG1-D,2026-09-11,Absent,0,Yes
ATT-STU2026125-2026-09-14,STU2026125,ALG1-D,2026-09-14,Absent,0,Yes
ATT-STU2026125-2026-09-15,STU2026125,ALG1-D,2026-09-15,Present,0,
ATT-STU2026125-2026-09-16,STU2026125,ALG1-D,2026-09-16,Present,0,
ATT-STU2026125-2026-09-17,STU2026125,ALG1-D,2026-09-17,Present,0,
ATT-STU2026125-2026-09-18,STU2026125,ALG1-D,2026-09-18,Present,0,
ATT-STU2026125-2026-09-21,STU2026125,ALG1-D,2026-09-21,Present,0,
ATT-STU2026125-2026-09-22,STU2026125,ALG1-D,2026-09-22,Present,0,
ATT-STU2026125-2026-09-23,STU2026125,ALG1-D,2026-09-23,Present,0,
ATT-STU2026125-2026-09-24,STU2026125,ALG1-D,2026-09-24,Absent,0,No
ATT-STU2026125-2026-09-25,STU2026125,ALG1-D,2026-09-25,Absent,0,Yes
ATT-STU2026125-2026-09-28,STU2026125,ALG1-D,2026-09-28,Present,0,
ATT-STU2026125-2026-09-29,STU2026125,ALG1-D,2026-09-29,Present,0,
ATT-STU2026125-2026-09-30,STU2026125,ALG1-D,2026-09-30,Present,0,
ATT-STU2026125-2026-10-01,STU2026125,ALG1-D,2026-10-01,Present,0,
ATT-STU2026125-2026-10-02,STU2026125,ALG1-D,2026-10-02,Present,0,
ATT-STU2026125-2026-10-05,STU2026125,ALG1-D,2026-10-05,Present,0,
ATT-STU2026125-2026-10-06,STU2026125,ALG1-D,2026-10-06,Present,0,
ATT-STU2026125-2026-10-07,STU2026125,ALG1-D,2026-10-07,Present,0,
ATT-STU2026125-2026-10-08,STU2026125,ALG1-D,2026-10-08,Absent,0,No
ATT-STU2026125-2026-10-09,STU2026125,ALG1-D,2026-10-09,Absent,0,No
ATT-STU2026125-2026-10-12,STU2026125,ALG1-D,2026-10-12,Present,0,
ATT-STU2026125-2026-10-13,STU2026125,ALG1-D,2026-10-13,Present,0,
ATT-STU2026125-2026-10-14,STU2026125,ALG1-D,2026-10-14,Present,0,
ATT-STU2026125-2026-10-15,STU2026125,ALG1-D,2026-10-15,Present,0,
ATT-STU2026125-2026-10-16,STU2026125,ALG1-D,2026-10-16,Present,0,
ATT-STU2026125-2026-10-19,STU2026125,ALG1-D,2026-10-19,Present,0,
ATT-STU2026125-2026-10-20,STU2026125,ALG1-D,2026-10-20,Present,0,
ATT-STU2026125-2026-10-21,STU2026125,ALG1-D,2026-10-21,Present,0,
ATT-STU2026125-2026-10-22,STU2026125,ALG1-D,2026-10-22,Present,0,
ATT-STU2026125-2026-10-23,STU2026125,ALG1-D,2026-10-23,Present,0,
ATT-STU2026125-2026-10-26,STU2026125,ALG1-D,2026-10-26,Present,0,
ATT-STU2026125-2026-10-27,STU2026125,ALG1-D,2026-10-27,Present,0,
ATT-STU2026125-2026-10-28,STU2026125,ALG1-D,2026-10-28,Present,0,
ATT-STU2026125-2026-10-29,STU2026125,ALG1-D,2026-10-29,Absent,0,Yes
ATT-STU2026125-2026-10-30,STU2026125,ALG1-D,2026-10-30,Present,0,
ATT-STU2026125-2026-11-02,STU2026125,ALG1-D,2026-11-02,Present,0,
ATT-STU2026125-2026-11-03,STU2026125,ALG1-D,2026-11-03,Present,0,
ATT-STU2026125-2026-11-04,STU2026125,ALG1-D,2026-11-04,Present,0,
ATT-STU2026125-2026-11-05,STU2026125,ALG1-D,2026-11-05,Absent,0,No
ATT-STU2026125-2026-11-06,STU2026125,ALG1-D,2026-11-06,Present,0,
ATT-STU2026125-2026-11-09,STU2026125,ALG1-D,2026-11-09,Present,0,
ATT-STU2026126-2026-09-08,STU2026126,ALG1-D,2026-09-08,Present,0,
ATT-STU2026126-2026-09-09,STU2026126,ALG1-D,2026-09-09,Present,0,
ATT-STU2026126-2026-09-10,STU2026126,ALG1-D,2026-09-10,Present,0,
ATT-STU2026126-2026-09-11,STU2026126,ALG1-D,2026-09-11,Present,0,
ATT-STU2026126-2026-09-14,STU2026126,ALG1-D,2026-09-14,Absent,0,Yes
ATT-STU2026126-2026-09-15,STU2026126,ALG1-D,2026-09-15,Absent,0,No
ATT-STU2026126-2026-09-16,STU2026126,ALG1-D,2026-09-16,Present,0,
ATT-STU2026126-2026-09-17,STU2026126,ALG1-D,2026-09-17,Present,0,
ATT-STU2026126-2026-09-18,STU2026126,ALG1-D,2026-09-18,Present,0,
ATT-STU2026126-2026-09-21,STU2026126,ALG1-D,2026-09-21,Present,0,
ATT-STU2026126-2026-09-22,STU2026126,ALG1-D,2026-09-22,Present,0,
ATT-STU2026126-2026-09-23,STU2026126,ALG1-D,2026-09-23,Present,0,
ATT-STU2026126-2026-09-24,STU2026126,ALG1-D,2026-09-24,Present,0,
ATT-STU2026126-2026-09-25,STU2026126,ALG1-D,2026-09-25,Present,0,
ATT-STU2026126-2026-09-28,STU2026126,ALG1-D,2026-09-28,Present,0,
ATT-STU2026126-2026-09-29,STU2026126,ALG1-D,2026-09-29,Present,0,
ATT-STU2026126-2026-09-30,STU2026126,ALG1-D,2026-09-30,Absent,0,Yes
ATT-STU2026126-2026-10-01,STU2026126,ALG1-D,2026-10-01,Present,0,
ATT-STU2026126-2026-10-02,STU2026126,ALG1-D,2026-10-02,Present,0,
ATT-STU2026126-2026-10-05,STU2026126,ALG1-D,2026-10-05,Present,0,
ATT-STU2026126-2026-10-06,STU2026126,ALG1-D,2026-10-06,Present,0,
ATT-STU2026126-2026-10-07,STU2026126,ALG1-D,2026-10-07,Present,0,
ATT-STU2026126-2026-10-08,STU2026126,ALG1-D,2026-10-08,Present,0,
ATT-STU2026126-2026-10-09,STU2026126,ALG1-D,2026-10-09,Present,0,
ATT-STU2026126-2026-10-12,STU2026126,ALG1-D,2026-10-12,Present,0,
ATT-STU2026126-2026-10-13,STU2026126,ALG1-D,2026-10-13,Present,0,
ATT-STU2026126-2026-10-14,STU2026126,ALG1-D,2026-10-14,Present,0,
ATT-STU2026126-2026-10-15,STU2026126,ALG1-D,2026-10-15,Present,0,
ATT-STU2026126-2026-10-16,STU2026126,ALG1-D,2026-10-16,Present,0,
ATT-STU2026126-2026-10-19,STU2026126,ALG1-D,2026-10-19,Present,0,
ATT-STU2026126-2026-10-20,STU2026126,ALG1-D,2026-10-20,Present,0,
ATT-STU2026126-2026-10-21,STU2026126,ALG1-D,2026-10-21,Present,0,
ATT-STU2026126-2026-10-22,STU2026126,ALG1-D,2026-10-22,Present,0,
ATT-STU2026126-2026-10-23,STU2026126,ALG1-D,2026-10-23,Present,0,
ATT-STU2026126-2026-10-26,STU2026126,ALG1-D,2026-10-26,Present,0,
ATT-STU2026126-2026-10-27,STU2026126,ALG1-D,2026-10-27,Present,0,
ATT-STU2026126-2026-10-28,STU2026126,ALG1-D,2026-10-28,Present,0,
ATT-STU2026126-2026-10-29,STU2026126,ALG1-D,2026-10-29,Present,0,
ATT-STU2026126-2026-10-30,STU2026126,ALG1-D,2026-10-30,Present,0,
ATT-STU2026126-2026-11-02,STU2026126,ALG1-D,2026-11-02,Present,0,
ATT-STU2026126-2026-11-03,STU2026126,ALG1-D,2026-11-03,Present,0,
ATT-STU2026126-2026-11-04,STU2026126,ALG1-D,2026-11-04,Present,0,
ATT-STU2026126-2026-11-05,STU2026126,ALG1-D,2026-11-05,Present,0,
ATT-STU2026126-2026-11-06,STU2026126,ALG1-D,2026-11-06,Tardy,15,
ATT-STU2026126-2026-11-09,STU2026126,ALG1-D,2026-11-09,Present,0,
ATT-STU2026127-2026-09-08,STU2026127,ALG1-D,2026-09-08,Present,0,
ATT-STU2026127-2026-09-09,STU2026127,ALG1-D,2026-09-09,Present,0,
ATT-STU2026127-2026-09-10,STU2026127,ALG1-D,2026-09-10,Present,0,
ATT-STU2026127-2026-09-11,STU2026127,ALG1-D,2026-09-11,Present,0,
ATT-STU2026127-2026-09-14,STU2026127,ALG1-D,2026-09-14,Present,0,
ATT-STU2026127-2026-09-15,STU2026127,ALG1-D,2026-09-15,Present,0,
ATT-STU2026127-2026-09-16,STU2026127,ALG1-D,2026-09-16,Tardy,3,
ATT-STU2026127-2026-09-17,STU2026127,ALG1-D,2026-09-17,Present,0,
ATT-STU2026127-2026-09-18,STU2026127,ALG1-D,2026-09-18,Absent,0,Yes
ATT-STU2026127-2026-09-21,STU2026127,ALG1-D,2026-09-21,Present,0,
ATT-STU2026127-2026-09-22,STU2026127,ALG1-D,2026-09-22,Present,0,
ATT-STU2026127-2026-09-23,STU2026127,ALG1-D,2026-09-23,Present,0,
ATT-STU2026127-2026-09-24,STU2026127,ALG1-D,2026-09-24,Present,0,
ATT-STU2026127-2026-09-25,STU2026127,ALG1-D,2026-09-25,Present,0,
ATT-STU2026127-2026-09-28,STU2026127,ALG1-D,2026-09-28,Present,0,
ATT-STU2026127-2026-09-29,STU2026127,ALG1-D,2026-09-29,Present,0,
ATT-STU2026127-2026-09-30,STU2026127,ALG1-D,2026-09-30,Present,0,
ATT-STU2026127-2026-10-01,STU2026127,ALG1-D,2026-10-01,Present,0,
ATT-STU2026127-2026-10-02,STU2026127,ALG1-D,2026-10-02,Present,0,
ATT-STU2026127-2026-10-05,STU2026127,ALG1-D,2026-10-05,Present,0,
ATT-STU2026127-2026-10-06,STU2026127,ALG1-D,2026-10-06,Present,0,
ATT-STU2026127-2026-10-07,STU2026127,ALG1-D,2026-10-07,Present,0,
ATT-STU2026127-2026-10-08,STU2026127,ALG1-D,2026-10-08,Absent,0,Yes
ATT-STU2026127-2026-10-09,STU2026127,ALG1-D,2026-10-09,Present,0,
ATT-STU2026127-2026-10-12,STU2026127,ALG1-D,2026-10-12,Present,0,
ATT-STU2026127-2026-10-13,STU2026127,ALG1-D,2026-10-13,Present,0,
ATT-STU2026127-2026-10-14,STU2026127,ALG1-D,2026-10-14,Present,0,
ATT-STU2026127-2026-10-15,STU2026127,ALG1-D,2026-10-15,Present,0,
ATT-STU2026127-2026-10-16,STU2026127,ALG1-D,2026-10-16,Present,0,
ATT-STU2026127-2026-10-19,STU2026127,ALG1-D,2026-10-19,Present,0,
ATT-STU2026127-2026-10-20,STU2026127,ALG1-D,2026-10-20,Present,0,
ATT-STU2026127-2026-10-21,STU2026127,ALG1-D,2026-10-21,Present,0,
ATT-STU2026127-2026-10-22,STU2026127,ALG1-D,2026-10-22,Present,0,
ATT-STU2026127-2026-10-23,STU2026127,ALG1-D,2026-10-23,Absent,0,No
ATT-STU2026127-2026-10-26,STU2026127,ALG1-D,2026-10-26,Present,0,
ATT-STU2026127-2026-10-27,STU2026127,ALG1-D,2026-10-27,Absent,0,No
ATT-STU2026127-2026-10-28,STU2026127,ALG1-D,2026-10-28,Present,0,
ATT-STU2026127-2026-10-29,STU2026127,ALG1-D,2026-10-29,Present,0,
ATT-STU2026127-2026-10-30,STU2026127,ALG1-D,2026-10-30,Present,0,
ATT-STU2026127-2026-11-02,STU2026127,ALG1-D,2026-11-02,Present,0,
ATT-STU2026127-2026-11-03,STU2026127,ALG1-D,2026-11-03,Present,0,
ATT-STU2026127-2026-11-04,STU2026127,ALG1-D,2026-11-04,Absent,0,Yes
ATT-STU2026127-2026-11-05,STU2026127,ALG1-D,2026-11-05,Absent,0,No
ATT-STU2026127-2026-11-06,STU2026127,ALG1-D,2026-11-06,Present,0,
ATT-STU2026127-2026-11-09,STU2026127,ALG1-D,2026-11-09,Present,0,
ATT-STU2026128-2026-09-08,STU2026128,ALG1-D,2026-09-08,Present,0,
ATT-STU2026128-2026-09-09,STU2026128,ALG1-D,2026-09-09,Present,0,
ATT-STU2026128-2026-09-10,STU2026128,ALG1-D,2026-09-10,Present,0,
ATT-STU2026128-2026-09-11,STU2026128,ALG1-D,2026-09-11,Absent,0,Yes
ATT-STU2026128-2026-09-14,STU2026128,ALG1-D,2026-09-14,Present,0,
ATT-STU2026128-2026-09-15,STU2026128,ALG1-D,2026-09-15,Absent,0,No
ATT-STU2026128-2026-09-16,STU2026128,ALG1-D,2026-09-16,Tardy,5,
ATT-STU2026128-2026-09-17,STU2026128,ALG1-D,2026-09-17,Present,0,
ATT-STU2026128-2026-09-18,STU2026128,ALG1-D,2026-09-18,Present,0,
ATT-STU2026128-2026-09-21,STU2026128,ALG1-D,2026-09-21,Absent,0,No
ATT-STU2026128-2026-09-22,STU2026128,ALG1-D,2026-09-22,Absent,0,Yes
ATT-STU2026128-2026-09-23,STU2026128,ALG1-D,2026-09-23,Present,0,
ATT-STU2026128-2026-09-24,STU2026128,ALG1-D,2026-09-24,Absent,0,No
ATT-STU2026128-2026-09-25,STU2026128,ALG1-D,2026-09-25,Present,0,
ATT-STU2026128-2026-09-28,STU2026128,ALG1-D,2026-09-28,Absent,0,No
ATT-STU2026128-2026-09-29,STU2026128,ALG1-D,2026-09-29,Present,0,
ATT-STU2026128-2026-09-30,STU2026128,ALG1-D,2026-09-30,Absent,0,Yes
ATT-STU2026128-2026-10-01,STU2026128,ALG1-D,2026-10-01,Present,0,
ATT-STU2026128-2026-10-02,STU2026128,ALG1-D,2026-10-02,Present,0,
ATT-STU2026128-2026-10-05,STU2026128,ALG1-D,2026-10-05,Present,0,
ATT-STU2026128-2026-10-06,STU2026128,ALG1-D,2026-10-06,Absent,0,No
ATT-STU2026128-2026-10-07,STU2026128,ALG1-D,2026-10-07,Present,0,
ATT-STU2026128-2026-10-08,STU2026128,ALG1-D,2026-10-08,Present,0,
ATT-STU2026128-2026-10-09,STU2026128,ALG1-D,2026-10-09,Present,0,
ATT-STU2026128-2026-10-12,STU2026128,ALG1-D,2026-10-12,Absent,0,Yes
ATT-STU2026128-2026-10-13,STU2026128,ALG1-D,2026-10-13,Absent,0,Yes
ATT-STU2026128-2026-10-14,STU2026128,ALG1-D,2026-10-14,Absent,0,No
ATT-STU2026128-2026-10-15,STU2026128,ALG1-D,2026-10-15,Absent,0,Yes
ATT-STU2026128-2026-10-16,STU2026128,ALG1-D,2026-10-16,Present,0,
ATT-STU2026128-2026-10-19,STU2026128,ALG1-D,2026-10-19,Absent,0,No
ATT-STU2026128-2026-10-20,STU2026128,ALG1-D,2026-10-20,Present,0,
ATT-STU2026128-2026-10-21,STU2026128,ALG1-D,2026-10-21,Absent,0,Yes
ATT-STU2026128-2026-10-22,STU2026128,ALG1-D,2026-10-22,Tardy,5,
ATT-STU2026128-2026-10-23,STU2026128,ALG1-D,2026-10-23,Present,0,
ATT-STU2026128-2026-10-26,STU2026128,ALG1-D,2026-10-26,Present,0,
ATT-STU2026128-2026-10-27,STU2026128,ALG1-D,2026-10-27,Tardy,10,
ATT-STU2026128-2026-10-28,STU2026128,ALG1-D,2026-10-28,Present,0,
ATT-STU2026128-2026-10-29,STU2026128,ALG1-D,2026-10-29,Absent,0,Yes
ATT-STU2026128-2026-10-30,STU2026128,ALG1-D,2026-10-30,Present,0,
ATT-STU2026128-2026-11-02,STU2026128,ALG1-D,2026-11-02,Present,0,
ATT-STU2026128-2026-11-03,STU2026128,ALG1-D,2026-11-03,Present,0,
ATT-STU2026128-2026-11-04,STU2026128,ALG1-D,2026-11-04,Present,0,
ATT-STU2026128-2026-11-05,STU2026128,ALG1-D,2026-11-05,Present,0,
ATT-STU2026128-2026-11-06,STU2026128,ALG1-D,2026-11-06,Tardy,5,
ATT-STU2026128-2026-11-09,STU2026128,ALG1-D,2026-11-09,Present,0,
ATT-STU2026129-2026-09-08,STU2026129,ALG1-D,2026-09-08,Present,0,
ATT-STU2026129-2026-09-09,STU2026129,ALG1-D,2026-09-09,Present,0,
ATT-STU2026129-2026-09-10,STU2026129,ALG1-D,2026-09-10,Absent,0,No
ATT-STU2026129-2026-09-11,STU2026129,ALG1-D,2026-09-11,Present,0,
ATT-STU2026129-2026-09-14,STU2026129,ALG1-D,2026-09-14,Present,0,
ATT-STU2026129-2026-09-15,STU2026129,ALG1-D,2026-09-15,Present,0,
ATT-STU2026129-2026-09-16,STU2026129,ALG1-D,2026-09-16,Present,0,
ATT-STU2026129-2026-09-17,STU2026129,ALG1-D,2026-09-17,Absent,0,No
ATT-STU2026129-2026-09-18,STU2026129,ALG1-D,2026-09-18,Present,0,
ATT-STU2026129-2026-09-21,STU2026129,ALG1-D,2026-09-21,Absent,0,No
ATT-STU2026129-2026-09-22,STU2026129,ALG1-D,2026-09-22,Present,0,
ATT-STU2026129-2026-09-23,STU2026129,ALG1-D,2026-09-23,Present,0,
ATT-STU2026129-2026-09-24,STU2026129,ALG1-D,2026-09-24,Present,0,
ATT-STU2026129-2026-09-25,STU2026129,ALG1-D,2026-09-25,Present,0,
ATT-STU2026129-2026-09-28,STU2026129,ALG1-D,2026-09-28,Present,0,
ATT-STU2026129-2026-09-29,STU2026129,ALG1-D,2026-09-29,Present,0,
ATT-STU2026129-2026-09-30,STU2026129,ALG1-D,2026-09-30,Present,0,
ATT-STU2026129-2026-10-01,STU2026129,ALG1-D,2026-10-01,Present,0,
ATT-STU2026129-2026-10-02,STU2026129,ALG1-D,2026-10-02,Present,0,
ATT-STU2026129-2026-10-05,STU2026129,ALG1-D,2026-10-05,Present,0,
ATT-STU2026129-2026-10-06,STU2026129,ALG1-D,2026-10-06,Present,0,
ATT-STU2026129-2026-10-07,STU2026129,ALG1-D,2026-10-07,Present,0,
ATT-STU2026129-2026-10-08,STU2026129,ALG1-D,2026-10-08,Present,0,
ATT-STU2026129-2026-10-09,STU2026129,ALG1-D,2026-10-09,Present,0,
ATT-STU2026129-2026-10-12,STU2026129,ALG1-D,2026-10-12,Tardy,7,
ATT-STU2026129-2026-10-13,STU2026129,ALG1-D,2026-10-13,Present,0,
ATT-STU2026129-2026-10-14,STU2026129,ALG1-D,2026-10-14,Present,0,
ATT-STU2026129-2026-10-15,STU2026129,ALG1-D,2026-10-15,Present,0,
ATT-STU2026129-2026-10-16,STU2026129,ALG1-D,2026-10-16,Present,0,
ATT-STU2026129-2026-10-19,STU2026129,ALG1-D,2026-10-19,Present,0,
ATT-STU2026129-2026-10-20,STU2026129,ALG1-D,2026-10-20,Present,0,
ATT-STU2026129-2026-10-21,STU2026129,ALG1-D,2026-10-21,Present,0,
ATT-STU2026129-2026-10-22,STU2026129,ALG1-D,2026-10-22,Tardy,7,
ATT-STU2026129-2026-10-23,STU2026129,ALG1-D,2026-10-23,Present,0,
ATT-STU2026129-2026-10-26,STU2026129,ALG1-D,2026-10-26,Absent,0,Yes
ATT-STU2026129-2026-10-27,STU2026129,ALG1-D,2026-10-27,Present,0,
ATT-STU2026129-2026-10-28,STU2026129,ALG1-D,2026-10-28,Present,0,
ATT-STU2026129-2026-10-29,STU2026129,ALG1-D,2026-10-29,Present,0,
ATT-STU2026129-2026-10-30,STU2026129,ALG1-D,2026-10-30,Present,0,
ATT-STU2026129-2026-11-02,STU2026129,ALG1-D,2026-11-02,Present,0,
ATT-STU2026129-2026-11-03,STU2026129,ALG1-D,2026-11-03,Present,0,
ATT-STU2026129-2026-11-04,STU2026129,ALG1-D,2026-11-04,Present,0,
ATT-STU2026129-2026-11-05,STU2026129,ALG1-D,2026-11-05,Present,0,
ATT-STU2026129-2026-11-06,STU2026129,ALG1-D,2026-11-06,Present,0,
ATT-STU2026129-2026-11-09,STU2026129,ALG1-D,2026-11-09,Present,0,
ATT-STU2026130-2026-09-08,STU2026130,ALG1-D,2026-09-08,Present,0,
ATT-STU2026130-2026-09-09,STU2026130,ALG1-D,2026-09-09,Present,0,
ATT-STU2026130-2026-09-10,STU2026130,ALG1-D,2026-09-10,Present,0,
ATT-STU2026130-2026-09-11,STU2026130,ALG1-D,2026-09-11,Present,0,
ATT-STU2026130-2026-09-14,STU2026130,ALG1-D,2026-09-14,Present,0,
ATT-STU2026130-2026-09-15,STU2026130,ALG1-D,2026-09-15,Present,0,
ATT-STU2026130-2026-09-16,STU2026130,ALG1-D,2026-09-16,Absent,0,Yes
ATT-STU2026130-2026-09-17,STU2026130,ALG1-D,2026-09-17,Absent,0,No
ATT-STU2026130-2026-09-18,STU2026130,ALG1-D,2026-09-18,Present,0,
ATT-STU2026130-2026-09-21,STU2026130,ALG1-D,2026-09-21,Present,0,
ATT-STU2026130-2026-09-22,STU2026130,ALG1-D,2026-09-22,Present,0,
ATT-STU2026130-2026-09-23,STU2026130,ALG1-D,2026-09-23,Present,0,
ATT-STU2026130-2026-09-24,STU2026130,ALG1-D,2026-09-24,Present,0,
ATT-STU2026130-2026-09-25,STU2026130,ALG1-D,2026-09-25,Present,0,
ATT-STU2026130-2026-09-28,STU2026130,ALG1-D,2026-09-28,Present,0,
ATT-STU2026130-2026-09-29,STU2026130,ALG1-D,2026-09-29,Absent,0,Yes
ATT-STU2026130-2026-09-30,STU2026130,ALG1-D,2026-09-30,Present,0,
ATT-STU2026130-2026-10-01,STU2026130,ALG1-D,2026-10-01,Absent,0,No
ATT-STU2026130-2026-10-02,STU2026130,ALG1-D,2026-10-02,Present,0,
ATT-STU2026130-2026-10-05,STU2026130,ALG1-D,2026-10-05,Absent,0,No
ATT-STU2026130-2026-10-06,STU2026130,ALG1-D,2026-10-06,Present,0,
ATT-STU2026130-2026-10-07,STU2026130,ALG1-D,2026-10-07,Present,0,
ATT-STU2026130-2026-10-08,STU2026130,ALG1-D,2026-10-08,Present,0,
ATT-STU2026130-2026-10-09,STU2026130,ALG1-D,2026-10-09,Present,0,
ATT-STU2026130-2026-10-12,STU2026130,ALG1-D,2026-10-12,Present,0,
ATT-STU2026130-2026-10-13,STU2026130,ALG1-D,2026-10-13,Present,0,
ATT-STU2026130-2026-10-14,STU2026130,ALG1-D,2026-10-14,Present,0,
ATT-STU2026130-2026-10-15,STU2026130,ALG1-D,2026-10-15,Present,0,
ATT-STU2026130-2026-10-16,STU2026130,ALG1-D,2026-10-16,Present,0,
ATT-STU2026130-2026-10-19,STU2026130,ALG1-D,2026-10-19,Present,0,
ATT-STU2026130-2026-10-20,STU2026130,ALG1-D,2026-10-20,Present,0,
ATT-STU2026130-2026-10-21,STU2026130,ALG1-D,2026-10-21,Present,0,
ATT-STU2026130-2026-10-22,STU2026130,ALG1-D,2026-10-22,Present,0,
ATT-STU2026130-2026-10-23,STU2026130,ALG1-D,2026-10-23,Present,0,
ATT-STU2026130-2026-10-26,STU2026130,ALG1-D,2026-10-26,Absent,0,Yes
ATT-STU2026130-2026-10-27,STU2026130,ALG1-D,2026-10-27,Present,0,
ATT-STU2026130-2026-10-28,STU2026130,ALG1-D,2026-10-28,Present,0,
ATT-STU2026130-2026-10-29,STU2026130,ALG1-D,2026-10-29,Present,0,
ATT-STU2026130-2026-10-30,STU2026130,ALG1-D,2026-10-30,Present,0,
ATT-STU2026130-2026-11-02,STU2026130,ALG1-D,2026-11-02,Present,0,
ATT-STU2026130-2026-11-03,STU2026130,ALG1-D,2026-11-03,Present,0,
ATT-STU2026130-2026-11-04,STU2026130,ALG1-D,2026-11-04,Present,0,
ATT-STU2026130-2026-11-05,STU2026130,ALG1-D,2026-11-05,Tardy,3,
ATT-STU2026130-2026-11-06,STU2026130,ALG1-D,2026-11-06,Present,0,
ATT-STU2026130-2026-11-09,STU2026130,ALG1-D,2026-11-09,Present,0,
ATT-STU2026131-2026-09-08,STU2026131,ALG1-D,2026-09-08,Present,0,
ATT-STU2026131-2026-09-09,STU2026131,ALG1-D,2026-09-09,Present,0,
ATT-STU2026131-2026-09-10,STU2026131,ALG1-D,2026-09-10,Present,0,
ATT-STU2026131-2026-09-11,STU2026131,ALG1-D,2026-09-11,Present,0,
ATT-STU2026131-2026-09-14,STU2026131,ALG1-D,2026-09-14,Absent,0,Yes
ATT-STU2026131-2026-09-15,STU2026131,ALG1-D,2026-09-15,Present,0,
ATT-STU2026131-2026-09-16,STU2026131,ALG1-D,2026-09-16,Present,0,
ATT-STU2026131-2026-09-17,STU2026131,ALG1-D,2026-09-17,Present,0,
ATT-STU2026131-2026-09-18,STU2026131,ALG1-D,2026-09-18,Present,0,
ATT-STU2026131-2026-09-21,STU2026131,ALG1-D,2026-09-21,Present,0,
ATT-STU2026131-2026-09-22,STU2026131,ALG1-D,2026-09-22,Present,0,
ATT-STU2026131-2026-09-23,STU2026131,ALG1-D,2026-09-23,Present,0,
ATT-STU2026131-2026-09-24,STU2026131,ALG1-D,2026-09-24,Tardy,5,
ATT-STU2026131-2026-09-25,STU2026131,ALG1-D,2026-09-25,Present,0,
ATT-STU2026131-2026-09-28,STU2026131,ALG1-D,2026-09-28,Present,0,
ATT-STU2026131-2026-09-29,STU2026131,ALG1-D,2026-09-29,Absent,0,No
ATT-STU2026131-2026-09-30,STU2026131,ALG1-D,2026-09-30,Present,0,
ATT-STU2026131-2026-10-01,STU2026131,ALG1-D,2026-10-01,Present,0,
ATT-STU2026131-2026-10-02,STU2026131,ALG1-D,2026-10-02,Present,0,
ATT-STU2026131-2026-10-05,STU2026131,ALG1-D,2026-10-05,Present,0,
ATT-STU2026131-2026-10-06,STU2026131,ALG1-D,2026-10-06,Present,0,
ATT-STU2026131-2026-10-07,STU2026131,ALG1-D,2026-10-07,Present,0,
ATT-STU2026131-2026-10-08,STU2026131,ALG1-D,2026-10-08,Present,0,
ATT-STU2026131-2026-10-09,STU2026131,ALG1-D,2026-10-09,Absent,0,No
ATT-STU2026131-2026-10-12,STU2026131,ALG1-D,2026-10-12,Tardy,7,
ATT-STU2026131-2026-10-13,STU2026131,ALG1-D,2026-10-13,Absent,0,No
ATT-STU2026131-2026-10-14,STU2026131,ALG1-D,2026-10-14,Present,0,
ATT-STU2026131-2026-10-15,STU2026131,ALG1-D,2026-10-15,Present,0,
ATT-STU2026131-2026-10-16,STU2026131,ALG1-D,2026-10-16,Present,0,
ATT-STU2026131-2026-10-19,STU2026131,ALG1-D,2026-10-19,Absent,0,No
ATT-STU2026131-2026-10-20,STU2026131,ALG1-D,2026-10-20,Present,0,
ATT-STU2026131-2026-10-21,STU2026131,ALG1-D,2026-10-21,Present,0,
ATT-STU2026131-2026-10-22,STU2026131,ALG1-D,2026-10-22,Present,0,
ATT-STU2026131-2026-10-23,STU2026131,ALG1-D,2026-10-23,Present,0,
ATT-STU2026131-2026-10-26,STU2026131,ALG1-D,2026-10-26,Absent,0,Yes
ATT-STU2026131-2026-10-27,STU2026131,ALG1-D,2026-10-27,Present,0,
ATT-STU2026131-2026-10-28,STU2026131,ALG1-D,2026-10-28,Present,0,
ATT-STU2026131-2026-10-29,STU2026131,ALG1-D,2026-10-29,Present,0,
ATT-STU2026131-2026-10-30,STU2026131,ALG1-D,2026-10-30,Present,0,
ATT-STU2026131-2026-11-02,STU2026131,ALG1-D,2026-11-02,Present,0,
ATT-STU2026131-2026-11-03,STU2026131,ALG1-D,2026-11-03,Present,0,
ATT-STU2026131-2026-11-04,STU2026131,ALG1-D,2026-11-04,Present,0,
ATT-STU2026131-2026-11-05,STU2026131,ALG1-D,2026-11-05,Present,0,
ATT-STU2026131-2026-11-06,STU2026131,ALG1-D,2026-11-06,Present,0,
ATT-STU2026131-2026-11-09,STU2026131,ALG1-D,2026-11-09,Present,0,
ATT-STU2026132-2026-09-08,STU2026132,ALG1-D,2026-09-08,Present,0,
ATT-STU2026132-2026-09-09,STU2026132,ALG1-D,2026-09-09,Present,0,
ATT-STU2026132-2026-09-10,STU2026132,ALG1-D,2026-09-10,Tardy,7,
ATT-STU2026132-2026-09-11,STU2026132,ALG1-D,2026-09-11,Present,0,
ATT-STU2026132-2026-09-14,STU2026132,ALG1-D,2026-09-14,Present,0,
ATT-STU2026132-2026-09-15,STU2026132,ALG1-D,2026-09-15,Present,0,
ATT-STU2026132-2026-09-16,STU2026132,ALG1-D,2026-09-16,Present,0,
ATT-STU2026132-2026-09-17,STU2026132,ALG1-D,2026-09-17,Present,0,
ATT-STU2026132-2026-09-18,STU2026132,ALG1-D,2026-09-18,Absent,0,Yes
ATT-STU2026132-2026-09-21,STU2026132,ALG1-D,2026-09-21,Present,0,
ATT-STU2026132-2026-09-22,STU2026132,ALG1-D,2026-09-22,Present,0,
ATT-STU2026132-2026-09-23,STU2026132,ALG1-D,2026-09-23,Present,0,
ATT-STU2026132-2026-09-24,STU2026132,ALG1-D,2026-09-24,Present,0,
ATT-STU2026132-2026-09-25,STU2026132,ALG1-D,2026-09-25,Present,0,
ATT-STU2026132-2026-09-28,STU2026132,ALG1-D,2026-09-28,Present,0,
ATT-STU2026132-2026-09-29,STU2026132,ALG1-D,2026-09-29,Present,0,
ATT-STU2026132-2026-09-30,STU2026132,ALG1-D,2026-09-30,Absent,0,No
ATT-STU2026132-2026-10-01,STU2026132,ALG1-D,2026-10-01,Present,0,
ATT-STU2026132-2026-10-02,STU2026132,ALG1-D,2026-10-02,Present,0,
ATT-STU2026132-2026-10-05,STU2026132,ALG1-D,2026-10-05,Present,0,
ATT-STU2026132-2026-10-06,STU2026132,ALG1-D,2026-10-06,Present,0,
ATT-STU2026132-2026-10-07,STU2026132,ALG1-D,2026-10-07,Present,0,
ATT-STU2026132-2026-10-08,STU2026132,ALG1-D,2026-10-08,Present,0,
ATT-STU2026132-2026-10-09,STU2026132,ALG1-D,2026-10-09,Absent,0,No
ATT-STU2026132-2026-10-12,STU2026132,ALG1-D,2026-10-12,Present,0,
ATT-STU2026132-2026-10-13,STU2026132,ALG1-D,2026-10-13,Present,0,
ATT-STU2026132-2026-10-14,STU2026132,ALG1-D,2026-10-14,Present,0,
ATT-STU2026132-2026-10-15,STU2026132,ALG1-D,2026-10-15,Present,0,
ATT-STU2026132-2026-10-16,STU2026132,ALG1-D,2026-10-16,Present,0,
ATT-STU2026132-2026-10-19,STU2026132,ALG1-D,2026-10-19,Present,0,
ATT-STU2026132-2026-10-20,STU2026132,ALG1-D,2026-10-20,Absent,0,No
ATT-STU2026132-2026-10-21,STU2026132,ALG1-D,2026-10-21,Absent,0,Yes
ATT-STU2026132-2026-10-22,STU2026132,ALG1-D,2026-10-22,Present,0,
ATT-STU2026132-2026-10-23,STU2026132,ALG1-D,2026-10-23,Present,0,
ATT-STU2026132-2026-10-26,STU2026132,ALG1-D,2026-10-26,Present,0,
ATT-STU2026132-2026-10-27,STU2026132,ALG1-D,2026-10-27,Present,0,
ATT-STU2026132-2026-10-28,STU2026132,ALG1-D,2026-10-28,Present,0,
ATT-STU2026132-2026-10-29,STU2026132,ALG1-D,2026-10-29,Present,0,
ATT-STU2026132-2026-10-30,STU2026132,ALG1-D,2026-10-30,Present,0,
ATT-STU2026132-2026-11-02,STU2026132,ALG1-D,2026-11-02,Present,0,
ATT-STU2026132-2026-11-03,STU2026132,ALG1-D,2026-11-03,Present,0,
ATT-STU2026132-2026-11-04,STU2026132,ALG1-D,2026-11-04,Present,0,
ATT-STU2026132-2026-11-05,STU2026132,ALG1-D,2026-11-05,Present,0,
ATT-STU2026132-2026-11-06,STU2026132,ALG1-D,2026-11-06,Present,0,
ATT-STU2026132-2026-11-09,STU2026132,ALG1-D,2026-11-09,Present,0,
ATT-STU2026133-2026-09-08,STU2026133,ALG1-D,2026-09-08,Present,0,
ATT-STU2026133-2026-09-09,STU2026133,ALG1-D,2026-09-09,Present,0,
ATT-STU2026133-2026-09-10,STU2026133,ALG1-D,2026-09-10,Tardy,5,
ATT-STU2026133-2026-09-11,STU2026133,ALG1-D,2026-09-11,Present,0,
ATT-STU2026133-2026-09-14,STU2026133,ALG1-D,2026-09-14,Absent,0,No
ATT-STU2026133-2026-09-15,STU2026133,ALG1-D,2026-09-15,Present,0,
ATT-STU2026133-2026-09-16,STU2026133,ALG1-D,2026-09-16,Present,0,
ATT-STU2026133-2026-09-17,STU2026133,ALG1-D,2026-09-17,Present,0,
ATT-STU2026133-2026-09-18,STU2026133,ALG1-D,2026-09-18,Present,0,
ATT-STU2026133-2026-09-21,STU2026133,ALG1-D,2026-09-21,Absent,0,No
ATT-STU2026133-2026-09-22,STU2026133,ALG1-D,2026-09-22,Absent,0,No
ATT-STU2026133-2026-09-23,STU2026133,ALG1-D,2026-09-23,Absent,0,No
ATT-STU2026133-2026-09-24,STU2026133,ALG1-D,2026-09-24,Present,0,
ATT-STU2026133-2026-09-25,STU2026133,ALG1-D,2026-09-25,Present,0,
ATT-STU2026133-2026-09-28,STU2026133,ALG1-D,2026-09-28,Present,0,
ATT-STU2026133-2026-09-29,STU2026133,ALG1-D,2026-09-29,Present,0,
ATT-STU2026133-2026-09-30,STU2026133,ALG1-D,2026-09-30,Absent,0,No
ATT-STU2026133-2026-10-01,STU2026133,ALG1-D,2026-10-01,Tardy,3,
ATT-STU2026133-2026-10-02,STU2026133,ALG1-D,2026-10-02,Present,0,
ATT-STU2026133-2026-10-05,STU2026133,ALG1-D,2026-10-05,Present,0,
ATT-STU2026133-2026-10-06,STU2026133,ALG1-D,2026-10-06,Present,0,
ATT-STU2026133-2026-10-07,STU2026133,ALG1-D,2026-10-07,Absent,0,Yes
ATT-STU2026133-2026-10-08,STU2026133,ALG1-D,2026-10-08,Present,0,
ATT-STU2026133-2026-10-09,STU2026133,ALG1-D,2026-10-09,Present,0,
ATT-STU2026133-2026-10-12,STU2026133,ALG1-D,2026-10-12,Present,0,
ATT-STU2026133-2026-10-13,STU2026133,ALG1-D,2026-10-13,Present,0,
ATT-STU2026133-2026-10-14,STU2026133,ALG1-D,2026-10-14,Present,0,
ATT-STU2026133-2026-10-15,STU2026133,ALG1-D,2026-10-15,Present,0,
ATT-STU2026133-2026-10-16,STU2026133,ALG1-D,2026-10-16,Present,0,
ATT-STU2026133-2026-10-19,STU2026133,ALG1-D,2026-10-19,Present,0,
ATT-STU2026133-2026-10-20,STU2026133,ALG1-D,2026-10-20,Present,0,
ATT-STU2026133-2026-10-21,STU2026133,ALG1-D,2026-10-21,Present,0,
ATT-STU2026133-2026-10-22,STU2026133,ALG1-D,2026-10-22,Present,0,
ATT-STU2026133-2026-10-23,STU2026133,ALG1-D,2026-10-23,Present,0,
ATT-STU2026133-2026-10-26,STU2026133,ALG1-D,2026-10-26,Present,0,
ATT-STU2026133-2026-10-27,STU2026133,ALG1-D,2026-10-27,Present,0,
ATT-STU2026133-2026-10-28,STU2026133,ALG1-D,2026-10-28,Absent,0,Yes
ATT-STU2026133-2026-10-29,STU2026133,ALG1-D,2026-10-29,Present,0,
ATT-STU2026133-2026-10-30,STU2026133,ALG1-D,2026-10-30,Present,0,
ATT-STU2026133-2026-11-02,STU2026133,ALG1-D,2026-11-02,Present,0,
ATT-STU2026133-2026-11-03,STU2026133,ALG1-D,2026-11-03,Present,0,
ATT-STU2026133-2026-11-04,STU2026133,ALG1-D,2026-11-04,Present,0,
ATT-STU2026133-2026-11-05,STU2026133,ALG1-D,2026-11-05,Present,0,
ATT-STU2026133-2026-11-06,STU2026133,ALG1-D,2026-11-06,Present,0,
ATT-STU2026133-2026-11-09,STU2026133,ALG1-D,2026-11-09,Present,0,
ATT-STU2026134-2026-09-08,STU2026134,ALG1-D,2026-09-08,Present,0,
ATT-STU2026134-2026-09-09,STU2026134,ALG1-D,2026-09-09,Present,0,
ATT-STU2026134-2026-09-10,STU2026134,ALG1-D,2026-09-10,Present,0,
ATT-STU2026134-2026-09-11,STU2026134,ALG1-D,2026-09-11,Present,0,
ATT-STU2026134-2026-09-14,STU2026134,ALG1-D,2026-09-14,Tardy,7,
ATT-STU2026134-2026-09-15,STU2026134,ALG1-D,2026-09-15,Present,0,
ATT-STU2026134-2026-09-16,STU2026134,ALG1-D,2026-09-16,Absent,0,Yes
ATT-STU2026134-2026-09-17,STU2026134,ALG1-D,2026-09-17,Present,0,
ATT-STU2026134-2026-09-18,STU2026134,ALG1-D,2026-09-18,Present,0,
ATT-STU2026134-2026-09-21,STU2026134,ALG1-D,2026-09-21,Present,0,
ATT-STU2026134-2026-09-22,STU2026134,ALG1-D,2026-09-22,Present,0,
ATT-STU2026134-2026-09-23,STU2026134,ALG1-D,2026-09-23,Present,0,
ATT-STU2026134-2026-09-24,STU2026134,ALG1-D,2026-09-24,Present,0,
ATT-STU2026134-2026-09-25,STU2026134,ALG1-D,2026-09-25,Present,0,
ATT-STU2026134-2026-09-28,STU2026134,ALG1-D,2026-09-28,Tardy,10,
ATT-STU2026134-2026-09-29,STU2026134,ALG1-D,2026-09-29,Present,0,
ATT-STU2026134-2026-09-30,STU2026134,ALG1-D,2026-09-30,Present,0,
ATT-STU2026134-2026-10-01,STU2026134,ALG1-D,2026-10-01,Present,0,
ATT-STU2026134-2026-10-02,STU2026134,ALG1-D,2026-10-02,Present,0,
ATT-STU2026134-2026-10-05,STU2026134,ALG1-D,2026-10-05,Present,0,
ATT-STU2026134-2026-10-06,STU2026134,ALG1-D,2026-10-06,Present,0,
ATT-STU2026134-2026-10-07,STU2026134,ALG1-D,2026-10-07,Present,0,
ATT-STU2026134-2026-10-08,STU2026134,ALG1-D,2026-10-08,Present,0,
ATT-STU2026134-2026-10-09,STU2026134,ALG1-D,2026-10-09,Present,0,
ATT-STU2026134-2026-10-12,STU2026134,ALG1-D,2026-10-12,Present,0,
ATT-STU2026134-2026-10-13,STU2026134,ALG1-D,2026-10-13,Present,0,
ATT-STU2026134-2026-10-14,STU2026134,ALG1-D,2026-10-14,Present,0,
ATT-STU2026134-2026-10-15,STU2026134,ALG1-D,2026-10-15,Present,0,
ATT-STU2026134-2026-10-16,STU2026134,ALG1-D,2026-10-16,Present,0,
ATT-STU2026134-2026-10-19,STU2026134,ALG1-D,2026-10-19,Present,0,
ATT-STU2026134-2026-10-20,STU2026134,ALG1-D,2026-10-20,Present,0,
ATT-STU2026134-2026-10-21,STU2026134,ALG1-D,2026-10-21,Present,0,
ATT-STU2026134-2026-10-22,STU2026134,ALG1-D,2026-10-22,Present,0,
ATT-STU2026134-2026-10-23,STU2026134,ALG1-D,2026-10-23,Present,0,
ATT-STU2026134-2026-10-26,STU2026134,ALG1-D,2026-10-26,Absent,0,No
ATT-STU2026134-2026-10-27,STU2026134,ALG1-D,2026-10-27,Present,0,
ATT-STU2026134-2026-10-28,STU2026134,ALG1-D,2026-10-28,Present,0,
ATT-STU2026134-2026-10-29,STU2026134,ALG1-D,2026-10-29,Present,0,
ATT-STU2026134-2026-10-30,STU2026134,ALG1-D,2026-10-30,Absent,0,No
ATT-STU2026134-2026-11-02,STU2026134,ALG1-D,2026-11-02,Tardy,5,
ATT-STU2026134-2026-11-03,STU2026134,ALG1-D,2026-11-03,Absent,0,No
ATT-STU2026134-2026-11-04,STU2026134,ALG1-D,2026-11-04,Present,0,
ATT-STU2026134-2026-11-05,STU2026134,ALG1-D,2026-11-05,Present,0,
ATT-STU2026134-2026-11-06,STU2026134,ALG1-D,2026-11-06,Tardy,5,
ATT-STU2026134-2026-11-09,STU2026134,ALG1-D,2026-11-09,Present,0,
ATT-STU2026135-2026-09-08,STU2026135,ALG1-D,2026-09-08,Absent,0,No
ATT-STU2026135-2026-09-09,STU2026135,ALG1-D,2026-09-09,Present,0,
ATT-STU2026135-2026-09-10,STU2026135,ALG1-D,2026-09-10,Absent,0,No
ATT-STU2026135-2026-09-11,STU2026135,ALG1-D,2026-09-11,Present,0,
ATT-STU2026135-2026-09-14,STU2026135,ALG1-D,2026-09-14,Present,0,
ATT-STU2026135-2026-09-15,STU2026135,ALG1-D,2026-09-15,Present,0,
ATT-STU2026135-2026-09-16,STU2026135,ALG1-D,2026-09-16,Present,0,
ATT-STU2026135-2026-09-17,STU2026135,ALG1-D,2026-09-17,Present,0,
ATT-STU2026135-2026-09-18,STU2026135,ALG1-D,2026-09-18,Present,0,
ATT-STU2026135-2026-09-21,STU2026135,ALG1-D,2026-09-21,Present,0,
ATT-STU2026135-2026-09-22,STU2026135,ALG1-D,2026-09-22,Present,0,
ATT-STU2026135-2026-09-23,STU2026135,ALG1-D,2026-09-23,Present,0,
ATT-STU2026135-2026-09-24,STU2026135,ALG1-D,2026-09-24,Tardy,5,
ATT-STU2026135-2026-09-25,STU2026135,ALG1-D,2026-09-25,Present,0,
ATT-STU2026135-2026-09-28,STU2026135,ALG1-D,2026-09-28,Tardy,7,
ATT-STU2026135-2026-09-29,STU2026135,ALG1-D,2026-09-29,Present,0,
ATT-STU2026135-2026-09-30,STU2026135,ALG1-D,2026-09-30,Present,0,
ATT-STU2026135-2026-10-01,STU2026135,ALG1-D,2026-10-01,Absent,0,No
ATT-STU2026135-2026-10-02,STU2026135,ALG1-D,2026-10-02,Present,0,
ATT-STU2026135-2026-10-05,STU2026135,ALG1-D,2026-10-05,Present,0,
ATT-STU2026135-2026-10-06,STU2026135,ALG1-D,2026-10-06,Absent,0,Yes
ATT-STU2026135-2026-10-07,STU2026135,ALG1-D,2026-10-07,Present,0,
ATT-STU2026135-2026-10-08,STU2026135,ALG1-D,2026-10-08,Present,0,
ATT-STU2026135-2026-10-09,STU2026135,ALG1-D,2026-10-09,Absent,0,No
ATT-STU2026135-2026-10-12,STU2026135,ALG1-D,2026-10-12,Present,0,
ATT-STU2026135-2026-10-13,STU2026135,ALG1-D,2026-10-13,Present,0,
ATT-STU2026135-2026-10-14,STU2026135,ALG1-D,2026-10-14,Absent,0,No
ATT-STU2026135-2026-10-15,STU2026135,ALG1-D,2026-10-15,Present,0,
ATT-STU2026135-2026-10-16,STU2026135,ALG1-D,2026-10-16,Present,0,
ATT-STU2026135-2026-10-19,STU2026135,ALG1-D,2026-10-19,Absent,0,Yes
ATT-STU2026135-2026-10-20,STU2026135,ALG1-D,2026-10-20,Present,0,
ATT-STU2026135-2026-10-21,STU2026135,ALG1-D,2026-10-21,Present,0,
ATT-STU2026135-2026-10-22,STU2026135,ALG1-D,2026-10-22,Present,0,
ATT-STU2026135-2026-10-23,STU2026135,ALG1-D,2026-10-23,Present,0,
ATT-STU2026135-2026-10-26,STU2026135,ALG1-D,2026-10-26,Absent,0,No
ATT-STU2026135-2026-10-27,STU2026135,ALG1-D,2026-10-27,Absent,0,No
ATT-STU2026135-2026-10-28,STU2026135,ALG1-D,2026-10-28,Present,0,
ATT-STU2026135-2026-10-29,STU2026135,ALG1-D,2026-10-29,Present,0,
ATT-STU2026135-2026-10-30,STU2026135,ALG1-D,2026-10-30,Present,0,
ATT-STU2026135-2026-11-02,STU2026135,ALG1-D,2026-11-02,Present,0,
ATT-STU2026135-2026-11-03,STU2026135,ALG1-D,2026-11-03,Present,0,
ATT-STU2026135-2026-11-04,STU2026135,ALG1-D,2026-11-04,Present,0,
ATT-STU2026135-2026-11-05,STU2026135,ALG1-D,2026-11-05,Absent,0,No
ATT-STU2026135-2026-11-06,STU2026135,ALG1-D,2026-11-06,Present,0,
ATT-STU2026135-2026-11-09,STU2026135,ALG1-D,2026-11-09,Present,0,
ATT-STU2026136-2026-09-08,STU2026136,ALG1-D,2026-09-08,Present,0,
ATT-STU2026136-2026-09-09,STU2026136,ALG1-D,2026-09-09,Present,0,
ATT-STU2026136-2026-09-10,STU2026136,ALG1-D,2026-09-10,Present,0,
ATT-STU2026136-2026-09-11,STU2026136,ALG1-D,2026-09-11,Present,0,
ATT-STU2026136-2026-09-14,STU2026136,ALG1-D,2026-09-14,Present,0,
ATT-STU2026136-2026-09-15,STU2026136,ALG1-D,2026-09-15,Present,0,
ATT-STU2026136-2026-09-16,STU2026136,ALG1-D,2026-09-16,Present,0,
ATT-STU2026136-2026-09-17,STU2026136,ALG1-D,2026-09-17,Present,0,
ATT-STU2026136-2026-09-18,STU2026136,ALG1-D,2026-09-18,Present,0,
ATT-STU2026136-2026-09-21,STU2026136,ALG1-D,2026-09-21,Present,0,
ATT-STU2026136-2026-09-22,STU2026136,ALG1-D,2026-09-22,Present,0,
ATT-STU2026136-2026-09-23,STU2026136,ALG1-D,2026-09-23,Present,0,
ATT-STU2026136-2026-09-24,STU2026136,ALG1-D,2026-09-24,Present,0,
ATT-STU2026136-2026-09-25,STU2026136,ALG1-D,2026-09-25,Present,0,
ATT-STU2026136-2026-09-28,STU2026136,ALG1-D,2026-09-28,Present,0,
ATT-STU2026136-2026-09-29,STU2026136,ALG1-D,2026-09-29,Present,0,
ATT-STU2026136-2026-09-30,STU2026136,ALG1-D,2026-09-30,Present,0,
ATT-STU2026136-2026-10-01,STU2026136,ALG1-D,2026-10-01,Absent,0,Yes
ATT-STU2026136-2026-10-02,STU2026136,ALG1-D,2026-10-02,Present,0,
ATT-STU2026136-2026-10-05,STU2026136,ALG1-D,2026-10-05,Present,0,
ATT-STU2026136-2026-10-06,STU2026136,ALG1-D,2026-10-06,Present,0,
ATT-STU2026136-2026-10-07,STU2026136,ALG1-D,2026-10-07,Present,0,
ATT-STU2026136-2026-10-08,STU2026136,ALG1-D,2026-10-08,Present,0,
ATT-STU2026136-2026-10-09,STU2026136,ALG1-D,2026-10-09,Present,0,
ATT-STU2026136-2026-10-12,STU2026136,ALG1-D,2026-10-12,Present,0,
ATT-STU2026136-2026-10-13,STU2026136,ALG1-D,2026-10-13,Present,0,
ATT-STU2026136-2026-10-14,STU2026136,ALG1-D,2026-10-14,Present,0,
ATT-STU2026136-2026-10-15,STU2026136,ALG1-D,2026-10-15,Present,0,
ATT-STU2026136-2026-10-16,STU2026136,ALG1-D,2026-10-16,Present,0,
ATT-STU2026136-2026-10-19,STU2026136,ALG1-D,2026-10-19,Present,0,
ATT-STU2026136-2026-10-20,STU2026136,ALG1-D,2026-10-20,Present,0,
ATT-STU2026136-2026-10-21,STU2026136,ALG1-D,2026-10-21,Present,0,
ATT-STU2026136-2026-10-22,STU2026136,ALG1-D,2026-10-22,Present,0,
ATT-STU2026136-2026-10-23,STU2026136,ALG1-D,2026-10-23,Present,0,
ATT-STU2026136-2026-10-26,STU2026136,ALG1-D,2026-10-26,Present,0,
ATT-STU2026136-2026-10-27,STU2026136,ALG1-D,2026-10-27,Present,0,
ATT-STU2026136-2026-10-28,STU2026136,ALG1-D,2026-10-28,Present,0,
ATT-STU2026136-2026-10-29,STU2026136,ALG1-D,2026-10-29,Present,0,
ATT-STU2026136-2026-10-30,STU2026136,ALG1-D,2026-10-30,Present,0,
ATT-STU2026136-2026-11-02,STU2026136,ALG1-D,2026-11-02,Present,0,
ATT-STU2026136-2026-11-03,STU2026136,ALG1-D,2026-11-03,Present,0,
ATT-STU2026136-2026-11-04,STU2026136,ALG1-D,2026-11-04,Present,0,
ATT-STU2026136-2026-11-05,STU2026136,ALG1-D,2026-11-05,Absent,0,No
ATT-STU2026136-2026-11-06,STU2026136,ALG1-D,2026-11-06,Present,0,
ATT-STU2026136-2026-11-09,STU2026136,ALG1-D,2026-11-09,Tardy,5,
ATT-STU2026137-2026-09-08,STU2026137,ALG1-D,2026-09-08,Present,0,
ATT-STU2026137-2026-09-09,STU2026137,ALG1-D,2026-09-09,Present,0,
ATT-STU2026137-2026-09-10,STU2026137,ALG1-D,2026-09-10,Present,0,
ATT-STU2026137-2026-09-11,STU2026137,ALG1-D,2026-09-11,Present,0,
ATT-STU2026137-2026-09-14,STU2026137,ALG1-D,2026-09-14,Present,0,
ATT-STU2026137-2026-09-15,STU2026137,ALG1-D,2026-09-15,Present,0,
ATT-STU2026137-2026-09-16,STU2026137,ALG1-D,2026-09-16,Absent,0,Yes
ATT-STU2026137-2026-09-17,STU2026137,ALG1-D,2026-09-17,Present,0,
ATT-STU2026137-2026-09-18,STU2026137,ALG1-D,2026-09-18,Present,0,
ATT-STU2026137-2026-09-21,STU2026137,ALG1-D,2026-09-21,Present,0,
ATT-STU2026137-2026-09-22,STU2026137,ALG1-D,2026-09-22,Present,0,
ATT-STU2026137-2026-09-23,STU2026137,ALG1-D,2026-09-23,Present,0,
ATT-STU2026137-2026-09-24,STU2026137,ALG1-D,2026-09-24,Present,0,
ATT-STU2026137-2026-09-25,STU2026137,ALG1-D,2026-09-25,Present,0,
ATT-STU2026137-2026-09-28,STU2026137,ALG1-D,2026-09-28,Present,0,
ATT-STU2026137-2026-09-29,STU2026137,ALG1-D,2026-09-29,Present,0,
ATT-STU2026137-2026-09-30,STU2026137,ALG1-D,2026-09-30,Tardy,7,
ATT-STU2026137-2026-10-01,STU2026137,ALG1-D,2026-10-01,Present,0,
ATT-STU2026137-2026-10-02,STU2026137,ALG1-D,2026-10-02,Present,0,
ATT-STU2026137-2026-10-05,STU2026137,ALG1-D,2026-10-05,Present,0,
ATT-STU2026137-2026-10-06,STU2026137,ALG1-D,2026-10-06,Present,0,
ATT-STU2026137-2026-10-07,STU2026137,ALG1-D,2026-10-07,Present,0,
ATT-STU2026137-2026-10-08,STU2026137,ALG1-D,2026-10-08,Present,0,
ATT-STU2026137-2026-10-09,STU2026137,ALG1-D,2026-10-09,Tardy,10,
ATT-STU2026137-2026-10-12,STU2026137,ALG1-D,2026-10-12,Present,0,
ATT-STU2026137-2026-10-13,STU2026137,ALG1-D,2026-10-13,Present,0,
ATT-STU2026137-2026-10-14,STU2026137,ALG1-D,2026-10-14,Present,0,
ATT-STU2026137-2026-10-15,STU2026137,ALG1-D,2026-10-15,Present,0,
ATT-STU2026137-2026-10-16,STU2026137,ALG1-D,2026-10-16,Present,0,
ATT-STU2026137-2026-10-19,STU2026137,ALG1-D,2026-10-19,Present,0,
ATT-STU2026137-2026-10-20,STU2026137,ALG1-D,2026-10-20,Present,0,
ATT-STU2026137-2026-10-21,STU2026137,ALG1-D,2026-10-21,Present,0,
ATT-STU2026137-2026-10-22,STU2026137,ALG1-D,2026-10-22,Present,0,
ATT-STU2026137-2026-10-23,STU2026137,ALG1-D,2026-10-23,Present,0,
ATT-STU2026137-2026-10-26,STU2026137,ALG1-D,2026-10-26,Present,0,
ATT-STU2026137-2026-10-27,STU2026137,ALG1-D,2026-10-27,Present,0,
ATT-STU2026137-2026-10-28,STU2026137,ALG1-D,2026-10-28,Present,0,
ATT-STU2026137-2026-10-29,STU2026137,ALG1-D,2026-10-29,Absent,0,No
ATT-STU2026137-2026-10-30,STU2026137,ALG1-D,2026-10-30,Present,0,
ATT-STU2026137-2026-11-02,STU2026137,ALG1-D,2026-11-02,Present,0,
ATT-STU2026137-2026-11-03,STU2026137,ALG1-D,2026-11-03,Present,0,
ATT-STU2026137-2026-11-04,STU2026137,ALG1-D,2026-11-04,Present,0,
ATT-STU2026137-2026-11-05,STU2026137,ALG1-D,2026-11-05,Present,0,
ATT-STU2026137-2026-11-06,STU2026137,ALG1-D,2026-11-06,Present,0,
ATT-STU2026137-2026-11-09,STU2026137,ALG1-D,2026-11-09,Absent,0,No
ATT-STU2026138-2026-09-08,STU2026138,ALG1-D,2026-09-08,Present,0,
ATT-STU2026138-2026-09-09,STU2026138,ALG1-D,2026-09-09,Present,0,
ATT-STU2026138-2026-09-10,STU2026138,ALG1-D,2026-09-10,Present,0,
ATT-STU2026138-2026-09-11,STU2026138,ALG1-D,2026-09-11,Present,0,
ATT-STU2026138-2026-09-14,STU2026138,ALG1-D,2026-09-14,Present,0,
ATT-STU2026138-2026-09-15,STU2026138,ALG1-D,2026-09-15,Present,0,
ATT-STU2026138-2026-09-16,STU2026138,ALG1-D,2026-09-16,Present,0,
ATT-STU2026138-2026-09-17,STU2026138,ALG1-D,2026-09-17,Present,0,
ATT-STU2026138-2026-09-18,STU2026138,ALG1-D,2026-09-18,Absent,0,Yes
ATT-STU2026138-2026-09-21,STU2026138,ALG1-D,2026-09-21,Present,0,
ATT-STU2026138-2026-09-22,STU2026138,ALG1-D,2026-09-22,Absent,0,No
ATT-STU2026138-2026-09-23,STU2026138,ALG1-D,2026-09-23,Present,0,
ATT-STU2026138-2026-09-24,STU2026138,ALG1-D,2026-09-24,Present,0,
ATT-STU2026138-2026-09-25,STU2026138,ALG1-D,2026-09-25,Present,0,
ATT-STU2026138-2026-09-28,STU2026138,ALG1-D,2026-09-28,Present,0,
ATT-STU2026138-2026-09-29,STU2026138,ALG1-D,2026-09-29,Present,0,
ATT-STU2026138-2026-09-30,STU2026138,ALG1-D,2026-09-30,Present,0,
ATT-STU2026138-2026-10-01,STU2026138,ALG1-D,2026-10-01,Present,0,
ATT-STU2026138-2026-10-02,STU2026138,ALG1-D,2026-10-02,Present,0,
ATT-STU2026138-2026-10-05,STU2026138,ALG1-D,2026-10-05,Present,0,
ATT-STU2026138-2026-10-06,STU2026138,ALG1-D,2026-10-06,Present,0,
ATT-STU2026138-2026-10-07,STU2026138,ALG1-D,2026-10-07,Present,0,
ATT-STU2026138-2026-10-08,STU2026138,ALG1-D,2026-10-08,Tardy,15,
ATT-STU2026138-2026-10-09,STU2026138,ALG1-D,2026-10-09,Present,0,
ATT-STU2026138-2026-10-12,STU2026138,ALG1-D,2026-10-12,Present,0,
ATT-STU2026138-2026-10-13,STU2026138,ALG1-D,2026-10-13,Present,0,
ATT-STU2026138-2026-10-14,STU2026138,ALG1-D,2026-10-14,Present,0,
ATT-STU2026138-2026-10-15,STU2026138,ALG1-D,2026-10-15,Present,0,
ATT-STU2026138-2026-10-16,STU2026138,ALG1-D,2026-10-16,Present,0,
ATT-STU2026138-2026-10-19,STU2026138,ALG1-D,2026-10-19,Present,0,
ATT-STU2026138-2026-10-20,STU2026138,ALG1-D,2026-10-20,Present,0,
ATT-STU2026138-2026-10-21,STU2026138,ALG1-D,2026-10-21,Present,0,
ATT-STU2026138-2026-10-22,STU2026138,ALG1-D,2026-10-22,Present,0,
ATT-STU2026138-2026-10-23,STU2026138,ALG1-D,2026-10-23,Present,0,
ATT-STU2026138-2026-10-26,STU2026138,ALG1-D,2026-10-26,Present,0,
ATT-STU2026138-2026-10-27,STU2026138,ALG1-D,2026-10-27,Present,0,
ATT-STU2026138-2026-10-28,STU2026138,ALG1-D,2026-10-28,Present,0,
ATT-STU2026138-2026-10-29,STU2026138,ALG1-D,2026-10-29,Tardy,3,
ATT-STU2026138-2026-10-30,STU2026138,ALG1-D,2026-10-30,Present,0,
ATT-STU2026138-2026-11-02,STU2026138,ALG1-D,2026-11-02,Present,0,
ATT-STU2026138-2026-11-03,STU2026138,ALG1-D,2026-11-03,Present,0,
ATT-STU2026138-2026-11-04,STU2026138,ALG1-D,2026-11-04,Present,0,
ATT-STU2026138-2026-11-05,STU2026138,ALG1-D,2026-11-05,Present,0,
ATT-STU2026138-2026-11-06,STU2026138,ALG1-D,2026-11-06,Absent,0,No
ATT-STU2026138-2026-11-09,STU2026138,ALG1-D,2026-11-09,Present,0,
ATT-STU2026139-2026-09-08,STU2026139,ALG1-D,2026-09-08,Present,0,
ATT-STU2026139-2026-09-09,STU2026139,ALG1-D,2026-09-09,Present,0,
ATT-STU2026139-2026-09-10,STU2026139,ALG1-D,2026-09-10,Present,0,
ATT-STU2026139-2026-09-11,STU2026139,ALG1-D,2026-09-11,Present,0,
ATT-STU2026139-2026-09-14,STU2026139,ALG1-D,2026-09-14,Present,0,
ATT-STU2026139-2026-09-15,STU2026139,ALG1-D,2026-09-15,Present,0,
ATT-STU2026139-2026-09-16,STU2026139,ALG1-D,2026-09-16,Present,0,
ATT-STU2026139-2026-09-17,STU2026139,ALG1-D,2026-09-17,Present,0,
ATT-STU2026139-2026-09-18,STU2026139,ALG1-D,2026-09-18,Present,0,
ATT-STU2026139-2026-09-21,STU2026139,ALG1-D,2026-09-21,Present,0,
ATT-STU2026139-2026-09-22,STU2026139,ALG1-D,2026-09-22,Present,0,
ATT-STU2026139-2026-09-23,STU2026139,ALG1-D,2026-09-23,Present,0,
ATT-STU2026139-2026-09-24,STU2026139,ALG1-D,2026-09-24,Present,0,
ATT-STU2026139-2026-09-25,STU2026139,ALG1-D,2026-09-25,Present,0,
ATT-STU2026139-2026-09-28,STU2026139,ALG1-D,2026-09-28,Present,0,
ATT-STU2026139-2026-09-29,STU2026139,ALG1-D,2026-09-29,Present,0,
ATT-STU2026139-2026-09-30,STU2026139,ALG1-D,2026-09-30,Present,0,
ATT-STU2026139-2026-10-01,STU2026139,ALG1-D,2026-10-01,Present,0,
ATT-STU2026139-2026-10-02,STU2026139,ALG1-D,2026-10-02,Present,0,
ATT-STU2026139-2026-10-05,STU2026139,ALG1-D,2026-10-05,Present,0,
ATT-STU2026139-2026-10-06,STU2026139,ALG1-D,2026-10-06,Present,0,
ATT-STU2026139-2026-10-07,STU2026139,ALG1-D,2026-10-07,Present,0,
ATT-STU2026139-2026-10-08,STU2026139,ALG1-D,2026-10-08,Present,0,
ATT-STU2026139-2026-10-09,STU2026139,ALG1-D,2026-10-09,Present,0,
ATT-STU2026139-2026-10-12,STU2026139,ALG1-D,2026-10-12,Present,0,
ATT-STU2026139-2026-10-13,STU2026139,ALG1-D,2026-10-13,Present,0,
ATT-STU2026139-2026-10-14,STU2026139,ALG1-D,2026-10-14,Present,0,
ATT-STU2026139-2026-10-15,STU2026139,ALG1-D,2026-10-15,Present,0,
ATT-STU2026139-2026-10-16,STU2026139,ALG1-D,2026-10-16,Present,0,
ATT-STU2026139-2026-10-19,STU2026139,ALG1-D,2026-10-19,Present,0,
ATT-STU2026139-2026-10-20,STU2026139,ALG1-D,2026-10-20,Present,0,
ATT-STU2026139-2026-10-21,STU2026139,ALG1-D,2026-10-21,Present,0,
ATT-STU2026139-2026-10-22,STU2026139,ALG1-D,2026-10-22,Present,0,
ATT-STU2026139-2026-10-23,STU2026139,ALG1-D,2026-10-23,Present,0,
ATT-STU2026139-2026-10-26,STU2026139,ALG1-D,2026-10-26,Absent,0,No
ATT-STU2026139-2026-10-27,STU2026139,ALG1-D,2026-10-27,Present,0,
ATT-STU2026139-2026-10-28,STU2026139,ALG1-D,2026-10-28,Present,0,
ATT-STU2026139-2026-10-29,STU2026139,ALG1-D,2026-10-29,Present,0,
ATT-STU2026139-2026-10-30,STU2026139,ALG1-D,2026-10-30,Present,0,
ATT-STU2026139-2026-11-02,STU2026139,ALG1-D,2026-11-02,Present,0,
ATT-STU2026139-2026-11-03,STU2026139,ALG1-D,2026-11-03,Present,0,
ATT-STU2026139-2026-11-04,STU2026139,ALG1-D,2026-11-04,Present,0,
ATT-STU2026139-2026-11-05,STU2026139,ALG1-D,2026-11-05,Present,0,
ATT-STU2026139-2026-11-06,STU2026139,ALG1-D,2026-11-06,Present,0,
ATT-STU2026139-2026-11-09,STU2026139,ALG1-D,2026-11-09,Present,0,
ATT-STU2026140-2026-09-08,STU2026140,ALG1-D,2026-09-08,Present,0,
ATT-STU2026140-2026-09-09,STU2026140,ALG1-D,2026-09-09,Present,0,
ATT-STU2026140-2026-09-10,STU2026140,ALG1-D,2026-09-10,Present,0,
ATT-STU2026140-2026-09-11,STU2026140,ALG1-D,2026-09-11,Present,0,
ATT-STU2026140-2026-09-14,STU2026140,ALG1-D,2026-09-14,Present,0,
ATT-STU2026140-2026-09-15,STU2026140,ALG1-D,2026-09-15,Present,0,
ATT-STU2026140-2026-09-16,STU2026140,ALG1-D,2026-09-16,Present,0,
ATT-STU2026140-2026-09-17,STU2026140,ALG1-D,2026-09-17,Present,0,
ATT-STU2026140-2026-09-18,STU2026140,ALG1-D,2026-09-18,Present,0,
ATT-STU2026140-2026-09-21,STU2026140,ALG1-D,2026-09-21,Present,0,
ATT-STU2026140-2026-09-22,STU2026140,ALG1-D,2026-09-22,Absent,0,No
ATT-STU2026140-2026-09-23,STU2026140,ALG1-D,2026-09-23,Present,0,
ATT-STU2026140-2026-09-24,STU2026140,ALG1-D,2026-09-24,Present,0,
ATT-STU2026140-2026-09-25,STU2026140,ALG1-D,2026-09-25,Present,0,
ATT-STU2026140-2026-09-28,STU2026140,ALG1-D,2026-09-28,Present,0,
ATT-STU2026140-2026-09-29,STU2026140,ALG1-D,2026-09-29,Present,0,
ATT-STU2026140-2026-09-30,STU2026140,ALG1-D,2026-09-30,Present,0,
ATT-STU2026140-2026-10-01,STU2026140,ALG1-D,2026-10-01,Present,0,
ATT-STU2026140-2026-10-02,STU2026140,ALG1-D,2026-10-02,Present,0,
ATT-STU2026140-2026-10-05,STU2026140,ALG1-D,2026-10-05,Tardy,10,
ATT-STU2026140-2026-10-06,STU2026140,ALG1-D,2026-10-06,Present,0,
ATT-STU2026140-2026-10-07,STU2026140,ALG1-D,2026-10-07,Present,0,
ATT-STU2026140-2026-10-08,STU2026140,ALG1-D,2026-10-08,Present,0,
ATT-STU2026140-2026-10-09,STU2026140,ALG1-D,2026-10-09,Present,0,
ATT-STU2026140-2026-10-12,STU2026140,ALG1-D,2026-10-12,Present,0,
ATT-STU2026140-2026-10-13,STU2026140,ALG1-D,2026-10-13,Present,0,
ATT-STU2026140-2026-10-14,STU2026140,ALG1-D,2026-10-14,Present,0,
ATT-STU2026140-2026-10-15,STU2026140,ALG1-D,2026-10-15,Present,0,
ATT-STU2026140-2026-10-16,STU2026140,ALG1-D,2026-10-16,Present,0,
ATT-STU2026140-2026-10-19,STU2026140,ALG1-D,2026-10-19,Present,0,
ATT-STU2026140-2026-10-20,STU2026140,ALG1-D,2026-10-20,Present,0,
ATT-STU2026140-2026-10-21,STU2026140,ALG1-D,2026-10-21,Present,0,
ATT-STU2026140-2026-10-22,STU2026140,ALG1-D,2026-10-22,Present,0,
ATT-STU2026140-2026-10-23,STU2026140,ALG1-D,2026-10-23,Present,0,
ATT-STU2026140-2026-10-26,STU2026140,ALG1-D,2026-10-26,Present,0,
ATT-STU2026140-2026-10-27,STU2026140,ALG1-D,2026-10-27,Present,0,
ATT-STU2026140-2026-10-28,STU2026140,ALG1-D,2026-10-28,Present,0,
ATT-STU2026140-2026-10-29,STU2026140,ALG1-D,2026-10-29,Present,0,
ATT-STU2026140-2026-10-30,STU2026140,ALG1-D,2026-10-30,Present,0,
ATT-STU2026140-2026-11-02,STU2026140,ALG1-D,2026-11-02,Present,0,
ATT-STU2026140-2026-11-03,STU2026140,ALG1-D,2026-11-03,Absent,0,Yes
ATT-STU2026140-2026-11-04,STU2026140,ALG1-D,2026-11-04,Present,0,
ATT-STU2026140-2026-11-05,STU2026140,ALG1-D,2026-11-05,Present,0,
ATT-STU2026140-2026-11-06,STU2026140,ALG1-D,2026-11-06,Present,0,
ATT-STU2026140-2026-11-09,STU2026140,ALG1-D,2026-11-09,Present,0,
ATT-STU2026141-2026-09-08,STU2026141,ALG1-D,2026-09-08,Present,0,
ATT-STU2026141-2026-09-09,STU2026141,ALG1-D,2026-09-09,Present,0,
ATT-STU2026141-2026-09-10,STU2026141,ALG1-D,2026-09-10,Present,0,
ATT-STU2026141-2026-09-11,STU2026141,ALG1-D,2026-09-11,Present,0,
ATT-STU2026141-2026-09-14,STU2026141,ALG1-D,2026-09-14,Present,0,
ATT-STU2026141-2026-09-15,STU2026141,ALG1-D,2026-09-15,Tardy,10,
ATT-STU2026141-2026-09-16,STU2026141,ALG1-D,2026-09-16,Present,0,
ATT-STU2026141-2026-09-17,STU2026141,ALG1-D,2026-09-17,Present,0,
ATT-STU2026141-2026-09-18,STU2026141,ALG1-D,2026-09-18,Present,0,
ATT-STU2026141-2026-09-21,STU2026141,ALG1-D,2026-09-21,Present,0,
ATT-STU2026141-2026-09-22,STU2026141,ALG1-D,2026-09-22,Present,0,
ATT-STU2026141-2026-09-23,STU2026141,ALG1-D,2026-09-23,Present,0,
ATT-STU2026141-2026-09-24,STU2026141,ALG1-D,2026-09-24,Present,0,
ATT-STU2026141-2026-09-25,STU2026141,ALG1-D,2026-09-25,Present,0,
ATT-STU2026141-2026-09-28,STU2026141,ALG1-D,2026-09-28,Present,0,
ATT-STU2026141-2026-09-29,STU2026141,ALG1-D,2026-09-29,Present,0,
ATT-STU2026141-2026-09-30,STU2026141,ALG1-D,2026-09-30,Present,0,
ATT-STU2026141-2026-10-01,STU2026141,ALG1-D,2026-10-01,Present,0,
ATT-STU2026141-2026-10-02,STU2026141,ALG1-D,2026-10-02,Present,0,
ATT-STU2026141-2026-10-05,STU2026141,ALG1-D,2026-10-05,Present,0,
ATT-STU2026141-2026-10-06,STU2026141,ALG1-D,2026-10-06,Present,0,
ATT-STU2026141-2026-10-07,STU2026141,ALG1-D,2026-10-07,Present,0,
ATT-STU2026141-2026-10-08,STU2026141,ALG1-D,2026-10-08,Present,0,
ATT-STU2026141-2026-10-09,STU2026141,ALG1-D,2026-10-09,Present,0,
ATT-STU2026141-2026-10-12,STU2026141,ALG1-D,2026-10-12,Present,0,
ATT-STU2026141-2026-10-13,STU2026141,ALG1-D,2026-10-13,Present,0,
ATT-STU2026141-2026-10-14,STU2026141,ALG1-D,2026-10-14,Present,0,
ATT-STU2026141-2026-10-15,STU2026141,ALG1-D,2026-10-15,Present,0,
ATT-STU2026141-2026-10-16,STU2026141,ALG1-D,2026-10-16,Present,0,
ATT-STU2026141-2026-10-19,STU2026141,ALG1-D,2026-10-19,Present,0,
ATT-STU2026141-2026-10-20,STU2026141,ALG1-D,2026-10-20,Present,0,
ATT-STU2026141-2026-10-21,STU2026141,ALG1-D,2026-10-21,Present,0,
ATT-STU2026141-2026-10-22,STU2026141,ALG1-D,2026-10-22,Present,0,
ATT-STU2026141-2026-10-23,STU2026141,ALG1-D,2026-10-23,Present,0,
ATT-STU2026141-2026-10-26,STU2026141,ALG1-D,2026-10-26,Present,0,
ATT-STU2026141-2026-10-27,STU2026141,ALG1-D,2026-10-27,Present,0,
ATT-STU2026141-2026-10-28,STU2026141,ALG1-D,2026-10-28,Present,0,
ATT-STU2026141-2026-10-29,STU2026141,ALG1-D,2026-10-29,Present,0,
ATT-STU2026141-2026-10-30,STU2026141,ALG1-D,2026-10-30,Present,0,
ATT-STU2026141-2026-11-02,STU2026141,ALG1-D,2026-11-02,Present,0,
ATT-STU2026141-2026-11-03,STU2026141,ALG1-D,2026-11-03,Present,0,
ATT-STU2026141-2026-11-04,STU2026141,ALG1-D,2026-11-04,Present,0,
ATT-STU2026141-2026-11-05,STU2026141,ALG1-D,2026-11-05,Present,0,
ATT-STU2026141-2026-11-06,STU2026141,ALG1-D,2026-11-06,Present,0,
ATT-STU2026141-2026-11-09,STU2026141,ALG1-D,2026-11-09,Present,0,
ATT-STU2026142-2026-09-08,STU2026142,ALG1-D,2026-09-08,Present,0,
ATT-STU2026142-2026-09-09,STU2026142,ALG1-D,2026-09-09,Present,0,
ATT-STU2026142-2026-09-10,STU2026142,ALG1-D,2026-09-10,Present,0,
ATT-STU2026142-2026-09-11,STU2026142,ALG1-D,2026-09-11,Present,0,
ATT-STU2026142-2026-09-14,STU2026142,ALG1-D,2026-09-14,Present,0,
ATT-STU2026142-2026-09-15,STU2026142,ALG1-D,2026-09-15,Present,0,
ATT-STU2026142-2026-09-16,STU2026142,ALG1-D,2026-09-16,Present,0,
ATT-STU2026142-2026-09-17,STU2026142,ALG1-D,2026-09-17,Present,0,
ATT-STU2026142-2026-09-18,STU2026142,ALG1-D,2026-09-18,Present,0,
ATT-STU2026142-2026-09-21,STU2026142,ALG1-D,2026-09-21,Absent,0,Yes
ATT-STU2026142-2026-09-22,STU2026142,ALG1-D,2026-09-22,Present,0,
ATT-STU2026142-2026-09-23,STU2026142,ALG1-D,2026-09-23,Present,0,
ATT-STU2026142-2026-09-24,STU2026142,ALG1-D,2026-09-24,Present,0,
ATT-STU2026142-2026-09-25,STU2026142,ALG1-D,2026-09-25,Present,0,
ATT-STU2026142-2026-09-28,STU2026142,ALG1-D,2026-09-28,Present,0,
ATT-STU2026142-2026-09-29,STU2026142,ALG1-D,2026-09-29,Present,0,
ATT-STU2026142-2026-09-30,STU2026142,ALG1-D,2026-09-30,Present,0,
ATT-STU2026142-2026-10-01,STU2026142,ALG1-D,2026-10-01,Present,0,
ATT-STU2026142-2026-10-02,STU2026142,ALG1-D,2026-10-02,Present,0,
ATT-STU2026142-2026-10-05,STU2026142,ALG1-D,2026-10-05,Present,0,
ATT-STU2026142-2026-10-06,STU2026142,ALG1-D,2026-10-06,Present,0,
ATT-STU2026142-2026-10-07,STU2026142,ALG1-D,2026-10-07,Present,0,
ATT-STU2026142-2026-10-08,STU2026142,ALG1-D,2026-10-08,Tardy,15,
ATT-STU2026142-2026-10-09,STU2026142,ALG1-D,2026-10-09,Absent,0,No
ATT-STU2026142-2026-10-12,STU2026142,ALG1-D,2026-10-12,Present,0,
ATT-STU2026142-2026-10-13,STU2026142,ALG1-D,2026-10-13,Present,0,
ATT-STU2026142-2026-10-14,STU2026142,ALG1-D,2026-10-14,Present,0,
ATT-STU2026142-2026-10-15,STU2026142,ALG1-D,2026-10-15,Present,0,
ATT-STU2026142-2026-10-16,STU2026142,ALG1-D,2026-10-16,Present,0,
ATT-STU2026142-2026-10-19,STU2026142,ALG1-D,2026-10-19,Present,0,
ATT-STU2026142-2026-10-20,STU2026142,ALG1-D,2026-10-20,Present,0,
ATT-STU2026142-2026-10-21,STU2026142,ALG1-D,2026-10-21,Present,0,
ATT-STU2026142-2026-10-22,STU2026142,ALG1-D,2026-10-22,Present,0,
ATT-STU2026142-2026-10-23,STU2026142,ALG1-D,2026-10-23,Present,0,
ATT-STU2026142-2026-10-26,STU2026142,ALG1-D,2026-10-26,Present,0,
ATT-STU2026142-2026-10-27,STU2026142,ALG1-D,2026-10-27,Present,0,
ATT-STU2026142-2026-10-28,STU2026142,ALG1-D,2026-10-28,Present,0,
ATT-STU2026142-2026-10-29,STU2026142,ALG1-D,2026-10-29,Tardy,5,
ATT-STU2026142-2026-10-30,STU2026142,ALG1-D,2026-10-30,Present,0,
ATT-STU2026142-2026-11-02,STU2026142,ALG1-D,2026-11-02,Present,0,
ATT-STU2026142-2026-11-03,STU2026142,ALG1-D,2026-11-03,Present,0,
ATT-STU2026142-2026-11-04,STU2026142,ALG1-D,2026-11-04,Present,0,
ATT-STU2026142-2026-11-05,STU2026142,ALG1-D,2026-11-05,Present,0,
ATT-STU2026142-2026-11-06,STU2026142,ALG1-D,2026-11-06,Present,0,
ATT-STU2026142-2026-11-09,STU2026142,ALG1-D,2026-11-09,Present,0,
ATT-STU2026143-2026-09-08,STU2026143,ALG1-D,2026-09-08,Present,0,
ATT-STU2026143-2026-09-09,STU2026143,ALG1-D,2026-09-09,Present,0,
ATT-STU2026143-2026-09-10,STU2026143,ALG1-D,2026-09-10,Present,0,
ATT-STU2026143-2026-09-11,STU2026143,ALG1-D,2026-09-11,Present,0,
ATT-STU2026143-2026-09-14,STU2026143,ALG1-D,2026-09-14,Present,0,
ATT-STU2026143-2026-09-15,STU2026143,ALG1-D,2026-09-15,Tardy,15,
ATT-STU2026143-2026-09-16,STU2026143,ALG1-D,2026-09-16,Absent,0,No
ATT-STU2026143-2026-09-17,STU2026143,ALG1-D,2026-09-17,Absent,0,Yes
ATT-STU2026143-2026-09-18,STU2026143,ALG1-D,2026-09-18,Present,0,
ATT-STU2026143-2026-09-21,STU2026143,ALG1-D,2026-09-21,Present,0,
ATT-STU2026143-2026-09-22,STU2026143,ALG1-D,2026-09-22,Present,0,
ATT-STU2026143-2026-09-23,STU2026143,ALG1-D,2026-09-23,Present,0,
ATT-STU2026143-2026-09-24,STU2026143,ALG1-D,2026-09-24,Present,0,
ATT-STU2026143-2026-09-25,STU2026143,ALG1-D,2026-09-25,Present,0,
ATT-STU2026143-2026-09-28,STU2026143,ALG1-D,2026-09-28,Absent,0,No
ATT-STU2026143-2026-09-29,STU2026143,ALG1-D,2026-09-29,Absent,0,No
ATT-STU2026143-2026-09-30,STU2026143,ALG1-D,2026-09-30,Present,0,
ATT-STU2026143-2026-10-01,STU2026143,ALG1-D,2026-10-01,Present,0,
ATT-STU2026143-2026-10-02,STU2026143,ALG1-D,2026-10-02,Absent,0,No
ATT-STU2026143-2026-10-05,STU2026143,ALG1-D,2026-10-05,Present,0,
ATT-STU2026143-2026-10-06,STU2026143,ALG1-D,2026-10-06,Present,0,
ATT-STU2026143-2026-10-07,STU2026143,ALG1-D,2026-10-07,Present,0,
ATT-STU2026143-2026-10-08,STU2026143,ALG1-D,2026-10-08,Present,0,
ATT-STU2026143-2026-10-09,STU2026143,ALG1-D,2026-10-09,Present,0,
ATT-STU2026143-2026-10-12,STU2026143,ALG1-D,2026-10-12,Absent,0,Yes
ATT-STU2026143-2026-10-13,STU2026143,ALG1-D,2026-10-13,Present,0,
ATT-STU2026143-2026-10-14,STU2026143,ALG1-D,2026-10-14,Tardy,7,
ATT-STU2026143-2026-10-15,STU2026143,ALG1-D,2026-10-15,Present,0,
ATT-STU2026143-2026-10-16,STU2026143,ALG1-D,2026-10-16,Present,0,
ATT-STU2026143-2026-10-19,STU2026143,ALG1-D,2026-10-19,Present,0,
ATT-STU2026143-2026-10-20,STU2026143,ALG1-D,2026-10-20,Tardy,7,
ATT-STU2026143-2026-10-21,STU2026143,ALG1-D,2026-10-21,Tardy,3,
ATT-STU2026143-2026-10-22,STU2026143,ALG1-D,2026-10-22,Present,0,
ATT-STU2026143-2026-10-23,STU2026143,ALG1-D,2026-10-23,Present,0,
ATT-STU2026143-2026-10-26,STU2026143,ALG1-D,2026-10-26,Present,0,
ATT-STU2026143-2026-10-27,STU2026143,ALG1-D,2026-10-27,Present,0,
ATT-STU2026143-2026-10-28,STU2026143,ALG1-D,2026-10-28,Present,0,
ATT-STU2026143-2026-10-29,STU2026143,ALG1-D,2026-10-29,Present,0,
ATT-STU2026143-2026-10-30,STU2026143,ALG1-D,2026-10-30,Absent,0,Yes
ATT-STU2026143-2026-11-02,STU2026143,ALG1-D,2026-11-02,Absent,0,No
ATT-STU2026143-2026-11-03,STU2026143,ALG1-D,2026-11-03,Present,0,
ATT-STU2026143-2026-11-04,STU2026143,ALG1-D,2026-11-04,Present,0,
ATT-STU2026143-2026-11-05,STU2026143,ALG1-D,2026-11-05,Absent,0,No
ATT-STU2026143-2026-11-06,STU2026143,ALG1-D,2026-11-06,Present,0,
ATT-STU2026143-2026-11-09,STU2026143,ALG1-D,2026-11-09,Present,0,
ATT-STU2026144-2026-09-08,STU2026144,ALG1-D,2026-09-08,Present,0,
ATT-STU2026144-2026-09-09,STU2026144,ALG1-D,2026-09-09,Present,0,
ATT-STU2026144-2026-09-10,STU2026144,ALG1-D,2026-09-10,Present,0,
ATT-STU2026144-2026-09-11,STU2026144,ALG1-D,2026-09-11,Present,0,
ATT-STU2026144-2026-09-14,STU2026144,ALG1-D,2026-09-14,Present,0,
ATT-STU2026144-2026-09-15,STU2026144,ALG1-D,2026-09-15,Present,0,
ATT-STU2026144-2026-09-16,STU2026144,ALG1-D,2026-09-16,Present,0,
ATT-STU2026144-2026-09-17,STU2026144,ALG1-D,2026-09-17,Present,0,
ATT-STU2026144-2026-09-18,STU2026144,ALG1-D,2026-09-18,Present,0,
ATT-STU2026144-2026-09-21,STU2026144,ALG1-D,2026-09-21,Present,0,
ATT-STU2026144-2026-09-22,STU2026144,ALG1-D,2026-09-22,Present,0,
ATT-STU2026144-2026-09-23,STU2026144,ALG1-D,2026-09-23,Present,0,
ATT-STU2026144-2026-09-24,STU2026144,ALG1-D,2026-09-24,Present,0,
ATT-STU2026144-2026-09-25,STU2026144,ALG1-D,2026-09-25,Present,0,
ATT-STU2026144-2026-09-28,STU2026144,ALG1-D,2026-09-28,Absent,0,No
ATT-STU2026144-2026-09-29,STU2026144,ALG1-D,2026-09-29,Present,0,
ATT-STU2026144-2026-09-30,STU2026144,ALG1-D,2026-09-30,Absent,0,Yes
ATT-STU2026144-2026-10-01,STU2026144,ALG1-D,2026-10-01,Present,0,
ATT-STU2026144-2026-10-02,STU2026144,ALG1-D,2026-10-02,Present,0,
ATT-STU2026144-2026-10-05,STU2026144,ALG1-D,2026-10-05,Present,0,
ATT-STU2026144-2026-10-06,STU2026144,ALG1-D,2026-10-06,Present,0,
ATT-STU2026144-2026-10-07,STU2026144,ALG1-D,2026-10-07,Present,0,
ATT-STU2026144-2026-10-08,STU2026144,ALG1-D,2026-10-08,Present,0,
ATT-STU2026144-2026-10-09,STU2026144,ALG1-D,2026-10-09,Present,0,
ATT-STU2026144-2026-10-12,STU2026144,ALG1-D,2026-10-12,Present,0,
ATT-STU2026144-2026-10-13,STU2026144,ALG1-D,2026-10-13,Present,0,
ATT-STU2026144-2026-10-14,STU2026144,ALG1-D,2026-10-14,Present,0,
ATT-STU2026144-2026-10-15,STU2026144,ALG1-D,2026-10-15,Present,0,
ATT-STU2026144-2026-10-16,STU2026144,ALG1-D,2026-10-16,Present,0,
ATT-STU2026144-2026-10-19,STU2026144,ALG1-D,2026-10-19,Present,0,
ATT-STU2026144-2026-10-20,STU2026144,ALG1-D,2026-10-20,Present,0,
ATT-STU2026144-2026-10-21,STU2026144,ALG1-D,2026-10-21,Present,0,
ATT-STU2026144-2026-10-22,STU2026144,ALG1-D,2026-10-22,Present,0,
ATT-STU2026144-2026-10-23,STU2026144,ALG1-D,2026-10-23,Present,0,
ATT-STU2026144-2026-10-26,STU2026144,ALG1-D,2026-10-26,Tardy,3,
ATT-STU2026144-2026-10-27,STU2026144,ALG1-D,2026-10-27,Present,0,
ATT-STU2026144-2026-10-28,STU2026144,ALG1-D,2026-10-28,Present,0,
ATT-STU2026144-2026-10-29,STU2026144,ALG1-D,2026-10-29,Present,0,
ATT-STU2026144-2026-10-30,STU2026144,ALG1-D,2026-10-30,Present,0,
ATT-STU2026144-2026-11-02,STU2026144,ALG1-D,2026-11-02,Present,0,
ATT-STU2026144-2026-11-03,STU2026144,ALG1-D,2026-11-03,Present,0,
ATT-STU2026144-2026-11-04,STU2026144,ALG1-D,2026-11-04,Present,0,
ATT-STU2026144-2026-11-05,STU2026144,ALG1-D,2026-11-05,Present,0,
ATT-STU2026144-2026-11-06,STU2026144,ALG1-D,2026-11-06,Present,0,
ATT-STU2026144-2026-11-09,STU2026144,ALG1-D,2026-11-09,Present,0,
ATT-STU2026145-2026-09-08,STU2026145,ALG1-D,2026-09-08,Present,0,
ATT-STU2026145-2026-09-09,STU2026145,ALG1-D,2026-09-09,Present,0,
ATT-STU2026145-2026-09-10,STU2026145,ALG1-D,2026-09-10,Present,0,
ATT-STU2026145-2026-09-11,STU2026145,ALG1-D,2026-09-11,Present,0,
ATT-STU2026145-2026-09-14,STU2026145,ALG1-D,2026-09-14,Present,0,
ATT-STU2026145-2026-09-15,STU2026145,ALG1-D,2026-09-15,Absent,0,No
ATT-STU2026145-2026-09-16,STU2026145,ALG1-D,2026-09-16,Present,0,
ATT-STU2026145-2026-09-17,STU2026145,ALG1-D,2026-09-17,Present,0,
ATT-STU2026145-2026-09-18,STU2026145,ALG1-D,2026-09-18,Present,0,
ATT-STU2026145-2026-09-21,STU2026145,ALG1-D,2026-09-21,Present,0,
ATT-STU2026145-2026-09-22,STU2026145,ALG1-D,2026-09-22,Absent,0,No
ATT-STU2026145-2026-09-23,STU2026145,ALG1-D,2026-09-23,Present,0,
ATT-STU2026145-2026-09-24,STU2026145,ALG1-D,2026-09-24,Present,0,
ATT-STU2026145-2026-09-25,STU2026145,ALG1-D,2026-09-25,Present,0,
ATT-STU2026145-2026-09-28,STU2026145,ALG1-D,2026-09-28,Present,0,
ATT-STU2026145-2026-09-29,STU2026145,ALG1-D,2026-09-29,Tardy,15,
ATT-STU2026145-2026-09-30,STU2026145,ALG1-D,2026-09-30,Present,0,
ATT-STU2026145-2026-10-01,STU2026145,ALG1-D,2026-10-01,Present,0,
ATT-STU2026145-2026-10-02,STU2026145,ALG1-D,2026-10-02,Tardy,10,
ATT-STU2026145-2026-10-05,STU2026145,ALG1-D,2026-10-05,Present,0,
ATT-STU2026145-2026-10-06,STU2026145,ALG1-D,2026-10-06,Present,0,
ATT-STU2026145-2026-10-07,STU2026145,ALG1-D,2026-10-07,Tardy,7,
ATT-STU2026145-2026-10-08,STU2026145,ALG1-D,2026-10-08,Absent,0,No
ATT-STU2026145-2026-10-09,STU2026145,ALG1-D,2026-10-09,Present,0,
ATT-STU2026145-2026-10-12,STU2026145,ALG1-D,2026-10-12,Present,0,
ATT-STU2026145-2026-10-13,STU2026145,ALG1-D,2026-10-13,Present,0,
ATT-STU2026145-2026-10-14,STU2026145,ALG1-D,2026-10-14,Present,0,
ATT-STU2026145-2026-10-15,STU2026145,ALG1-D,2026-10-15,Present,0,
ATT-STU2026145-2026-10-16,STU2026145,ALG1-D,2026-10-16,Present,0,
ATT-STU2026145-2026-10-19,STU2026145,ALG1-D,2026-10-19,Absent,0,Yes
ATT-STU2026145-2026-10-20,STU2026145,ALG1-D,2026-10-20,Present,0,
ATT-STU2026145-2026-10-21,STU2026145,ALG1-D,2026-10-21,Present,0,
ATT-STU2026145-2026-10-22,STU2026145,ALG1-D,2026-10-22,Present,0,
ATT-STU2026145-2026-10-23,STU2026145,ALG1-D,2026-10-23,Present,0,
ATT-STU2026145-2026-10-26,STU2026145,ALG1-D,2026-10-26,Present,0,
ATT-STU2026145-2026-10-27,STU2026145,ALG1-D,2026-10-27,Present,0,
ATT-STU2026145-2026-10-28,STU2026145,ALG1-D,2026-10-28,Present,0,
ATT-STU2026145-2026-10-29,STU2026145,ALG1-D,2026-10-29,Present,0,
ATT-STU2026145-2026-10-30,STU2026145,ALG1-D,2026-10-30,Present,0,
ATT-STU2026145-2026-11-02,STU2026145,ALG1-D,2026-11-02,Present,0,
ATT-STU2026145-2026-11-03,STU2026145,ALG1-D,2026-11-03,Present,0,
ATT-STU2026145-2026-11-04,STU2026145,ALG1-D,2026-11-04,Present,0,
ATT-STU2026145-2026-11-05,STU2026145,ALG1-D,2026-11-05,Present,0,
ATT-STU2026145-2026-11-06,STU2026145,ALG1-D,2026-11-06,Present,0,
ATT-STU2026145-2026-11-09,STU2026145,ALG1-D,2026-11-09,Present,0,
ATT-STU2026146-2026-09-08,STU2026146,ALG1-D,2026-09-08,Present,0,
ATT-STU2026146-2026-09-09,STU2026146,ALG1-D,2026-09-09,Present,0,
ATT-STU2026146-2026-09-10,STU2026146,ALG1-D,2026-09-10,Absent,0,Yes
ATT-STU2026146-2026-09-11,STU2026146,ALG1-D,2026-09-11,Present,0,
ATT-STU2026146-2026-09-14,STU2026146,ALG1-D,2026-09-14,Present,0,
ATT-STU2026146-2026-09-15,STU2026146,ALG1-D,2026-09-15,Present,0,
ATT-STU2026146-2026-09-16,STU2026146,ALG1-D,2026-09-16,Present,0,
ATT-STU2026146-2026-09-17,STU2026146,ALG1-D,2026-09-17,Present,0,
ATT-STU2026146-2026-09-18,STU2026146,ALG1-D,2026-09-18,Present,0,
ATT-STU2026146-2026-09-21,STU2026146,ALG1-D,2026-09-21,Absent,0,No
ATT-STU2026146-2026-09-22,STU2026146,ALG1-D,2026-09-22,Present,0,
ATT-STU2026146-2026-09-23,STU2026146,ALG1-D,2026-09-23,Present,0,
ATT-STU2026146-2026-09-24,STU2026146,ALG1-D,2026-09-24,Present,0,
ATT-STU2026146-2026-09-25,STU2026146,ALG1-D,2026-09-25,Present,0,
ATT-STU2026146-2026-09-28,STU2026146,ALG1-D,2026-09-28,Present,0,
ATT-STU2026146-2026-09-29,STU2026146,ALG1-D,2026-09-29,Absent,0,Yes
ATT-STU2026146-2026-09-30,STU2026146,ALG1-D,2026-09-30,Absent,0,No
ATT-STU2026146-2026-10-01,STU2026146,ALG1-D,2026-10-01,Absent,0,No
ATT-STU2026146-2026-10-02,STU2026146,ALG1-D,2026-10-02,Absent,0,Yes
ATT-STU2026146-2026-10-05,STU2026146,ALG1-D,2026-10-05,Present,0,
ATT-STU2026146-2026-10-06,STU2026146,ALG1-D,2026-10-06,Absent,0,No
ATT-STU2026146-2026-10-07,STU2026146,ALG1-D,2026-10-07,Absent,0,Yes
ATT-STU2026146-2026-10-08,STU2026146,ALG1-D,2026-10-08,Present,0,
ATT-STU2026146-2026-10-09,STU2026146,ALG1-D,2026-10-09,Present,0,
ATT-STU2026146-2026-10-12,STU2026146,ALG1-D,2026-10-12,Present,0,
ATT-STU2026146-2026-10-13,STU2026146,ALG1-D,2026-10-13,Absent,0,Yes
ATT-STU2026146-2026-10-14,STU2026146,ALG1-D,2026-10-14,Present,0,
ATT-STU2026146-2026-10-15,STU2026146,ALG1-D,2026-10-15,Absent,0,Yes
ATT-STU2026146-2026-10-16,STU2026146,ALG1-D,2026-10-16,Present,0,
ATT-STU2026146-2026-10-19,STU2026146,ALG1-D,2026-10-19,Present,0,
ATT-STU2026146-2026-10-20,STU2026146,ALG1-D,2026-10-20,Tardy,3,
ATT-STU2026146-2026-10-21,STU2026146,ALG1-D,2026-10-21,Absent,0,Yes
ATT-STU2026146-2026-10-22,STU2026146,ALG1-D,2026-10-22,Present,0,
ATT-STU2026146-2026-10-23,STU2026146,ALG1-D,2026-10-23,Present,0,
ATT-STU2026146-2026-10-26,STU2026146,ALG1-D,2026-10-26,Present,0,
ATT-STU2026146-2026-10-27,STU2026146,ALG1-D,2026-10-27,Absent,0,Yes
ATT-STU2026146-2026-10-28,STU2026146,ALG1-D,2026-10-28,Present,0,
ATT-STU2026146-2026-10-29,STU2026146,ALG1-D,2026-10-29,Present,0,
ATT-STU2026146-2026-10-30,STU2026146,ALG1-D,2026-10-30,Present,0,
ATT-STU2026146-2026-11-02,STU2026146,ALG1-D,2026-11-02,Present,0,
ATT-STU2026146-2026-11-03,STU2026146,ALG1-D,2026-11-03,Present,0,
ATT-STU2026146-2026-11-04,STU2026146,ALG1-D,2026-11-04,Present,0,
ATT-STU2026146-2026-11-05,STU2026146,ALG1-D,2026-11-05,Present,0,
ATT-STU2026146-2026-11-06,STU2026146,ALG1-D,2026-11-06,Present,0,
ATT-STU2026146-2026-11-09,STU2026146,ALG1-D,2026-11-09,Present,0,
ATT-STU2026147-2026-09-08,STU2026147,ALG1-D,2026-09-08,Present,0,
ATT-STU2026147-2026-09-09,STU2026147,ALG1-D,2026-09-09,Present,0,
ATT-STU2026147-2026-09-10,STU2026147,ALG1-D,2026-09-10,Present,0,
ATT-STU2026147-2026-09-11,STU2026147,ALG1-D,2026-09-11,Present,0,
ATT-STU2026147-2026-09-14,STU2026147,ALG1-D,2026-09-14,Present,0,
ATT-STU2026147-2026-09-15,STU2026147,ALG1-D,2026-09-15,Absent,0,No
ATT-STU2026147-2026-09-16,STU2026147,ALG1-D,2026-09-16,Present,0,
ATT-STU2026147-2026-09-17,STU2026147,ALG1-D,2026-09-17,Present,0,
ATT-STU2026147-2026-09-18,STU2026147,ALG1-D,2026-09-18,Present,0,
ATT-STU2026147-2026-09-21,STU2026147,ALG1-D,2026-09-21,Present,0,
ATT-STU2026147-2026-09-22,STU2026147,ALG1-D,2026-09-22,Absent,0,No
ATT-STU2026147-2026-09-23,STU2026147,ALG1-D,2026-09-23,Present,0,
ATT-STU2026147-2026-09-24,STU2026147,ALG1-D,2026-09-24,Present,0,
ATT-STU2026147-2026-09-25,STU2026147,ALG1-D,2026-09-25,Present,0,
ATT-STU2026147-2026-09-28,STU2026147,ALG1-D,2026-09-28,Present,0,
ATT-STU2026147-2026-09-29,STU2026147,ALG1-D,2026-09-29,Present,0,
ATT-STU2026147-2026-09-30,STU2026147,ALG1-D,2026-09-30,Absent,0,Yes
ATT-STU2026147-2026-10-01,STU2026147,ALG1-D,2026-10-01,Present,0,
ATT-STU2026147-2026-10-02,STU2026147,ALG1-D,2026-10-02,Present,0,
ATT-STU2026147-2026-10-05,STU2026147,ALG1-D,2026-10-05,Present,0,
ATT-STU2026147-2026-10-06,STU2026147,ALG1-D,2026-10-06,Present,0,
ATT-STU2026147-2026-10-07,STU2026147,ALG1-D,2026-10-07,Present,0,
ATT-STU2026147-2026-10-08,STU2026147,ALG1-D,2026-10-08,Present,0,
ATT-STU2026147-2026-10-09,STU2026147,ALG1-D,2026-10-09,Present,0,
ATT-STU2026147-2026-10-12,STU2026147,ALG1-D,2026-10-12,Present,0,
ATT-STU2026147-2026-10-13,STU2026147,ALG1-D,2026-10-13,Present,0,
ATT-STU2026147-2026-10-14,STU2026147,ALG1-D,2026-10-14,Absent,0,Yes
ATT-STU2026147-2026-10-15,STU2026147,ALG1-D,2026-10-15,Present,0,
ATT-STU2026147-2026-10-16,STU2026147,ALG1-D,2026-10-16,Present,0,
ATT-STU2026147-2026-10-19,STU2026147,ALG1-D,2026-10-19,Present,0,
ATT-STU2026147-2026-10-20,STU2026147,ALG1-D,2026-10-20,Present,0,
ATT-STU2026147-2026-10-21,STU2026147,ALG1-D,2026-10-21,Present,0,
ATT-STU2026147-2026-10-22,STU2026147,ALG1-D,2026-10-22,Present,0,
ATT-STU2026147-2026-10-23,STU2026147,ALG1-D,2026-10-23,Present,0,
ATT-STU2026147-2026-10-26,STU2026147,ALG1-D,2026-10-26,Present,0,
ATT-STU2026147-2026-10-27,STU2026147,ALG1-D,2026-10-27,Present,0,
ATT-STU2026147-2026-10-28,STU2026147,ALG1-D,2026-10-28,Present,0,
ATT-STU2026147-2026-10-29,STU2026147,ALG1-D,2026-10-29,Absent,0,No
ATT-STU2026147-2026-10-30,STU2026147,ALG1-D,2026-10-30,Present,0,
ATT-STU2026147-2026-11-02,STU2026147,ALG1-D,2026-11-02,Present,0,
ATT-STU2026147-2026-11-03,STU2026147,ALG1-D,2026-11-03,Present,0,
ATT-STU2026147-2026-11-04,STU2026147,ALG1-D,2026-11-04,Present,0,
ATT-STU2026147-2026-11-05,STU2026147,ALG1-D,2026-11-05,Present,0,
ATT-STU2026147-2026-11-06,STU2026147,ALG1-D,2026-11-06,Present,0,
ATT-STU2026147-2026-11-09,STU2026147,ALG1-D,2026-11-09,Present,0,
ATT-STU2026148-2026-09-08,STU2026148,ALG1-D,2026-09-08,Present,0,
ATT-STU2026148-2026-09-09,STU2026148,ALG1-D,2026-09-09,Absent,0,No
ATT-STU2026148-2026-09-10,STU2026148,ALG1-D,2026-09-10,Present,0,
ATT-STU2026148-2026-09-11,STU2026148,ALG1-D,2026-09-11,Present,0,
ATT-STU2026148-2026-09-14,STU2026148,ALG1-D,2026-09-14,Present,0,
ATT-STU2026148-2026-09-15,STU2026148,ALG1-D,2026-09-15,Present,0,
ATT-STU2026148-2026-09-16,STU2026148,ALG1-D,2026-09-16,Absent,0,No
ATT-STU2026148-2026-09-17,STU2026148,ALG1-D,2026-09-17,Present,0,
ATT-STU2026148-2026-09-18,STU2026148,ALG1-D,2026-09-18,Present,0,
ATT-STU2026148-2026-09-21,STU2026148,ALG1-D,2026-09-21,Present,0,
ATT-STU2026148-2026-09-22,STU2026148,ALG1-D,2026-09-22,Present,0,
ATT-STU2026148-2026-09-23,STU2026148,ALG1-D,2026-09-23,Present,0,
ATT-STU2026148-2026-09-24,STU2026148,ALG1-D,2026-09-24,Present,0,
ATT-STU2026148-2026-09-25,STU2026148,ALG1-D,2026-09-25,Present,0,
ATT-STU2026148-2026-09-28,STU2026148,ALG1-D,2026-09-28,Present,0,
ATT-STU2026148-2026-09-29,STU2026148,ALG1-D,2026-09-29,Present,0,
ATT-STU2026148-2026-09-30,STU2026148,ALG1-D,2026-09-30,Present,0,
ATT-STU2026148-2026-10-01,STU2026148,ALG1-D,2026-10-01,Present,0,
ATT-STU2026148-2026-10-02,STU2026148,ALG1-D,2026-10-02,Present,0,
ATT-STU2026148-2026-10-05,STU2026148,ALG1-D,2026-10-05,Present,0,
ATT-STU2026148-2026-10-06,STU2026148,ALG1-D,2026-10-06,Present,0,
ATT-STU2026148-2026-10-07,STU2026148,ALG1-D,2026-10-07,Present,0,
ATT-STU2026148-2026-10-08,STU2026148,ALG1-D,2026-10-08,Present,0,
ATT-STU2026148-2026-10-09,STU2026148,ALG1-D,2026-10-09,Present,0,
ATT-STU2026148-2026-10-12,STU2026148,ALG1-D,2026-10-12,Present,0,
ATT-STU2026148-2026-10-13,STU2026148,ALG1-D,2026-10-13,Present,0,
ATT-STU2026148-2026-10-14,STU2026148,ALG1-D,2026-10-14,Present,0,
ATT-STU2026148-2026-10-15,STU2026148,ALG1-D,2026-10-15,Present,0,
ATT-STU2026148-2026-10-16,STU2026148,ALG1-D,2026-10-16,Present,0,
ATT-STU2026148-2026-10-19,STU2026148,ALG1-D,2026-10-19,Present,0,
ATT-STU2026148-2026-10-20,STU2026148,ALG1-D,2026-10-20,Present,0,
ATT-STU2026148-2026-10-21,STU2026148,ALG1-D,2026-10-21,Present,0,
ATT-STU2026148-2026-10-22,STU2026148,ALG1-D,2026-10-22,Present,0,
ATT-STU2026148-2026-10-23,STU2026148,ALG1-D,2026-10-23,Present,0,
ATT-STU2026148-2026-10-26,STU2026148,ALG1-D,2026-10-26,Present,0,
ATT-STU2026148-2026-10-27,STU2026148,ALG1-D,2026-10-27,Present,0,
ATT-STU2026148-2026-10-28,STU2026148,ALG1-D,2026-10-28,Present,0,
ATT-STU2026148-2026-10-29,STU2026148,ALG1-D,2026-10-29,Present,0,
ATT-STU2026148-2026-10-30,STU2026148,ALG1-D,2026-10-30,Present,0,
ATT-STU2026148-2026-11-02,STU2026148,ALG1-D,2026-11-02,Present,0,
ATT-STU2026148-2026-11-03,STU2026148,ALG1-D,2026-11-03,Present,0,
ATT-STU2026148-2026-11-04,STU2026148,ALG1-D,2026-11-04,Present,0,
ATT-STU2026148-2026-11-05,STU2026148,ALG1-D,2026-11-05,Present,0,
ATT-STU2026148-2026-11-06,STU2026148,ALG1-D,2026-11-06,Present,0,
ATT-STU2026148-2026-11-09,STU2026148,ALG1-D,2026-11-09,Present,0,
ATT-STU2026149-2026-09-08,STU2026149,ALG1-D,2026-09-08,Present,0,
ATT-STU2026149-2026-09-09,STU2026149,ALG1-D,2026-09-09,Present,0,
ATT-STU2026149-2026-09-10,STU2026149,ALG1-D,2026-09-10,Present,0,
ATT-STU2026149-2026-09-11,STU2026149,ALG1-D,2026-09-11,Present,0,
ATT-STU2026149-2026-09-14,STU2026149,ALG1-D,2026-09-14,Present,0,
ATT-STU2026149-2026-09-15,STU2026149,ALG1-D,2026-09-15,Present,0,
ATT-STU2026149-2026-09-16,STU2026149,ALG1-D,2026-09-16,Present,0,
ATT-STU2026149-2026-09-17,STU2026149,ALG1-D,2026-09-17,Present,0,
ATT-STU2026149-2026-09-18,STU2026149,ALG1-D,2026-09-18,Present,0,
ATT-STU2026149-2026-09-21,STU2026149,ALG1-D,2026-09-21,Present,0,
ATT-STU2026149-2026-09-22,STU2026149,ALG1-D,2026-09-22,Present,0,
ATT-STU2026149-2026-09-23,STU2026149,ALG1-D,2026-09-23,Present,0,
ATT-STU2026149-2026-09-24,STU2026149,ALG1-D,2026-09-24,Present,0,
ATT-STU2026149-2026-09-25,STU2026149,ALG1-D,2026-09-25,Present,0,
ATT-STU2026149-2026-09-28,STU2026149,ALG1-D,2026-09-28,Present,0,
ATT-STU2026149-2026-09-29,STU2026149,ALG1-D,2026-09-29,Present,0,
ATT-STU2026149-2026-09-30,STU2026149,ALG1-D,2026-09-30,Present,0,
ATT-STU2026149-2026-10-01,STU2026149,ALG1-D,2026-10-01,Present,0,
ATT-STU2026149-2026-10-02,STU2026149,ALG1-D,2026-10-02,Present,0,
ATT-STU2026149-2026-10-05,STU2026149,ALG1-D,2026-10-05,Present,0,
ATT-STU2026149-2026-10-06,STU2026149,ALG1-D,2026-10-06,Tardy,15,
ATT-STU2026149-2026-10-07,STU2026149,ALG1-D,2026-10-07,Present,0,
ATT-STU2026149-2026-10-08,STU2026149,ALG1-D,2026-10-08,Present,0,
ATT-STU2026149-2026-10-09,STU2026149,ALG1-D,2026-10-09,Absent,0,No
ATT-STU2026149-2026-10-12,STU2026149,ALG1-D,2026-10-12,Present,0,
ATT-STU2026149-2026-10-13,STU2026149,ALG1-D,2026-10-13,Present,0,
ATT-STU2026149-2026-10-14,STU2026149,ALG1-D,2026-10-14,Present,0,
ATT-STU2026149-2026-10-15,STU2026149,ALG1-D,2026-10-15,Present,0,
ATT-STU2026149-2026-10-16,STU2026149,ALG1-D,2026-10-16,Present,0,
ATT-STU2026149-2026-10-19,STU2026149,ALG1-D,2026-10-19,Present,0,
ATT-STU2026149-2026-10-20,STU2026149,ALG1-D,2026-10-20,Absent,0,Yes
ATT-STU2026149-2026-10-21,STU2026149,ALG1-D,2026-10-21,Present,0,
ATT-STU2026149-2026-10-22,STU2026149,ALG1-D,2026-10-22,Present,0,
ATT-STU2026149-2026-10-23,STU2026149,ALG1-D,2026-10-23,Tardy,3,
ATT-STU2026149-2026-10-26,STU2026149,ALG1-D,2026-10-26,Present,0,
ATT-STU2026149-2026-10-27,STU2026149,ALG1-D,2026-10-27,Present,0,
ATT-STU2026149-2026-10-28,STU2026149,ALG1-D,2026-10-28,Present,0,
ATT-STU2026149-2026-10-29,STU2026149,ALG1-D,2026-10-29,Present,0,
ATT-STU2026149-2026-10-30,STU2026149,ALG1-D,2026-10-30,Present,0,
ATT-STU2026149-2026-11-02,STU2026149,ALG1-D,2026-11-02,Present,0,
ATT-STU2026149-2026-11-03,STU2026149,ALG1-D,2026-11-03,Present,0,
ATT-STU2026149-2026-11-04,STU2026149,ALG1-D,2026-11-04,Present,0,
ATT-STU2026149-2026-11-05,STU2026149,ALG1-D,2026-11-05,Present,0,
ATT-STU2026149-2026-11-06,STU2026149,ALG1-D,2026-11-06,Absent,0,Yes
ATT-STU2026149-2026-11-09,STU2026149,ALG1-D,2026-11-09,Present,0,
ATT-STU2026150-2026-09-08,STU2026150,ALG1-D,2026-09-08,Present,0,
ATT-STU2026150-2026-09-09,STU2026150,ALG1-D,2026-09-09,Present,0,
ATT-STU2026150-2026-09-10,STU2026150,ALG1-D,2026-09-10,Present,0,
ATT-STU2026150-2026-09-11,STU2026150,ALG1-D,2026-09-11,Present,0,
ATT-STU2026150-2026-09-14,STU2026150,ALG1-D,2026-09-14,Present,0,
ATT-STU2026150-2026-09-15,STU2026150,ALG1-D,2026-09-15,Present,0,
ATT-STU2026150-2026-09-16,STU2026150,ALG1-D,2026-09-16,Present,0,
ATT-STU2026150-2026-09-17,STU2026150,ALG1-D,2026-09-17,Present,0,
ATT-STU2026150-2026-09-18,STU2026150,ALG1-D,2026-09-18,Present,0,
ATT-STU2026150-2026-09-21,STU2026150,ALG1-D,2026-09-21,Present,0,
ATT-STU2026150-2026-09-22,STU2026150,ALG1-D,2026-09-22,Present,0,
ATT-STU2026150-2026-09-23,STU2026150,ALG1-D,2026-09-23,Present,0,
ATT-STU2026150-2026-09-24,STU2026150,ALG1-D,2026-09-24,Present,0,
ATT-STU2026150-2026-09-25,STU2026150,ALG1-D,2026-09-25,Present,0,
ATT-STU2026150-2026-09-28,STU2026150,ALG1-D,2026-09-28,Present,0,
ATT-STU2026150-2026-09-29,STU2026150,ALG1-D,2026-09-29,Present,0,
ATT-STU2026150-2026-09-30,STU2026150,ALG1-D,2026-09-30,Present,0,
ATT-STU2026150-2026-10-01,STU2026150,ALG1-D,2026-10-01,Absent,0,Yes
ATT-STU2026150-2026-10-02,STU2026150,ALG1-D,2026-10-02,Present,0,
ATT-STU2026150-2026-10-05,STU2026150,ALG1-D,2026-10-05,Present,0,
ATT-STU2026150-2026-10-06,STU2026150,ALG1-D,2026-10-06,Present,0,
ATT-STU2026150-2026-10-07,STU2026150,ALG1-D,2026-10-07,Present,0,
ATT-STU2026150-2026-10-08,STU2026150,ALG1-D,2026-10-08,Present,0,
ATT-STU2026150-2026-10-09,STU2026150,ALG1-D,2026-10-09,Present,0,
ATT-STU2026150-2026-10-12,STU2026150,ALG1-D,2026-10-12,Present,0,
ATT-STU2026150-2026-10-13,STU2026150,ALG1-D,2026-10-13,Present,0,
ATT-STU2026150-2026-10-14,STU2026150,ALG1-D,2026-10-14,Present,0,
ATT-STU2026150-2026-10-15,STU2026150,ALG1-D,2026-10-15,Present,0,
ATT-STU2026150-2026-10-16,STU2026150,ALG1-D,2026-10-16,Present,0,
ATT-STU2026150-2026-10-19,STU2026150,ALG1-D,2026-10-19,Present,0,
ATT-STU2026150-2026-10-20,STU2026150,ALG1-D,2026-10-20,Present,0,
ATT-STU2026150-2026-10-21,STU2026150,ALG1-D,2026-10-21,Present,0,
ATT-STU2026150-2026-10-22,STU2026150,ALG1-D,2026-10-22,Present,0,
ATT-STU2026150-2026-10-23,STU2026150,ALG1-D,2026-10-23,Present,0,
ATT-STU2026150-2026-10-26,STU2026150,ALG1-D,2026-10-26,Present,0,
ATT-STU2026150-2026-10-27,STU2026150,ALG1-D,2026-10-27,Present,0,
ATT-STU2026150-2026-10-28,STU2026150,ALG1-D,2026-10-28,Present,0,
ATT-STU2026150-2026-10-29,STU2026150,ALG1-D,2026-10-29,Tardy,5,
ATT-STU2026150-2026-10-30,STU2026150,ALG1-D,2026-10-30,Present,0,
ATT-STU2026150-2026-11-02,STU2026150,ALG1-D,2026-11-02,Present,0,
ATT-STU2026150-2026-11-03,STU2026150,ALG1-D,2026-11-03,Present,0,
ATT-STU2026150-2026-11-04,STU2026150,ALG1-D,2026-11-04,Present,0,
ATT-STU2026150-2026-11-05,STU2026150,ALG1-D,2026-11-05,Present,0,
ATT-STU2026150-2026-11-06,STU2026150,ALG1-D,2026-11-06,Present,0,
ATT-STU2026150-2026-11-09,STU2026150,ALG1-D,2026-11-09,Present,0,
ATT-STU2026151-2026-09-08,STU2026151,ALG1-D,2026-09-08,Present,0,
ATT-STU2026151-2026-09-09,STU2026151,ALG1-D,2026-09-09,Present,0,
ATT-STU2026151-2026-09-10,STU2026151,ALG1-D,2026-09-10,Present,0,
ATT-STU2026151-2026-09-11,STU2026151,ALG1-D,2026-09-11,Absent,0,No
ATT-STU2026151-2026-09-14,STU2026151,ALG1-D,2026-09-14,Present,0,
ATT-STU2026151-2026-09-15,STU2026151,ALG1-D,2026-09-15,Absent,0,No
ATT-STU2026151-2026-09-16,STU2026151,ALG1-D,2026-09-16,Present,0,
ATT-STU2026151-2026-09-17,STU2026151,ALG1-D,2026-09-17,Present,0,
ATT-STU2026151-2026-09-18,STU2026151,ALG1-D,2026-09-18,Absent,0,Yes
ATT-STU2026151-2026-09-21,STU2026151,ALG1-D,2026-09-21,Present,0,
ATT-STU2026151-2026-09-22,STU2026151,ALG1-D,2026-09-22,Present,0,
ATT-STU2026151-2026-09-23,STU2026151,ALG1-D,2026-09-23,Absent,0,No
ATT-STU2026151-2026-09-24,STU2026151,ALG1-D,2026-09-24,Present,0,
ATT-STU2026151-2026-09-25,STU2026151,ALG1-D,2026-09-25,Present,0,
ATT-STU2026151-2026-09-28,STU2026151,ALG1-D,2026-09-28,Present,0,
ATT-STU2026151-2026-09-29,STU2026151,ALG1-D,2026-09-29,Present,0,
ATT-STU2026151-2026-09-30,STU2026151,ALG1-D,2026-09-30,Present,0,
ATT-STU2026151-2026-10-01,STU2026151,ALG1-D,2026-10-01,Present,0,
ATT-STU2026151-2026-10-02,STU2026151,ALG1-D,2026-10-02,Absent,0,No
ATT-STU2026151-2026-10-05,STU2026151,ALG1-D,2026-10-05,Absent,0,No
ATT-STU2026151-2026-10-06,STU2026151,ALG1-D,2026-10-06,Absent,0,No
ATT-STU2026151-2026-10-07,STU2026151,ALG1-D,2026-10-07,Present,0,
ATT-STU2026151-2026-10-08,STU2026151,ALG1-D,2026-10-08,Present,0,
ATT-STU2026151-2026-10-09,STU2026151,ALG1-D,2026-10-09,Present,0,
ATT-STU2026151-2026-10-12,STU2026151,ALG1-D,2026-10-12,Present,0,
ATT-STU2026151-2026-10-13,STU2026151,ALG1-D,2026-10-13,Present,0,
ATT-STU2026151-2026-10-14,STU2026151,ALG1-D,2026-10-14,Present,0,
ATT-STU2026151-2026-10-15,STU2026151,ALG1-D,2026-10-15,Present,0,
ATT-STU2026151-2026-10-16,STU2026151,ALG1-D,2026-10-16,Present,0,
ATT-STU2026151-2026-10-19,STU2026151,ALG1-D,2026-10-19,Present,0,
ATT-STU2026151-2026-10-20,STU2026151,ALG1-D,2026-10-20,Present,0,
ATT-STU2026151-2026-10-21,STU2026151,ALG1-D,2026-10-21,Present,0,
ATT-STU2026151-2026-10-22,STU2026151,ALG1-D,2026-10-22,Present,0,
ATT-STU2026151-2026-10-23,STU2026151,ALG1-D,2026-10-23,Absent,0,Yes
ATT-STU2026151-2026-10-26,STU2026151,ALG1-D,2026-10-26,Present,0,
ATT-STU2026151-2026-10-27,STU2026151,ALG1-D,2026-10-27,Present,0,
ATT-STU2026151-2026-10-28,STU2026151,ALG1-D,2026-10-28,Tardy,5,
ATT-STU2026151-2026-10-29,STU2026151,ALG1-D,2026-10-29,Tardy,10,
ATT-STU2026151-2026-10-30,STU2026151,ALG1-D,2026-10-30,Present,0,
ATT-STU2026151-2026-11-02,STU2026151,ALG1-D,2026-11-02,Present,0,
ATT-STU2026151-2026-11-03,STU2026151,ALG1-D,2026-11-03,Tardy,15,
ATT-STU2026151-2026-11-04,STU2026151,ALG1-D,2026-11-04,Present,0,
ATT-STU2026151-2026-11-05,STU2026151,ALG1-D,2026-11-05,Present,0,
ATT-STU2026151-2026-11-06,STU2026151,ALG1-D,2026-11-06,Present,0,
ATT-STU2026151-2026-11-09,STU2026151,ALG1-D,2026-11-09,Present,0,
ATT-STU2026152-2026-09-08,STU2026152,ALG1-D,2026-09-08,Present,0,
ATT-STU2026152-2026-09-09,STU2026152,ALG1-D,2026-09-09,Present,0,
ATT-STU2026152-2026-09-10,STU2026152,ALG1-D,2026-09-10,Present,0,
ATT-STU2026152-2026-09-11,STU2026152,ALG1-D,2026-09-11,Present,0,
ATT-STU2026152-2026-09-14,STU2026152,ALG1-D,2026-09-14,Present,0,
ATT-STU2026152-2026-09-15,STU2026152,ALG1-D,2026-09-15,Present,0,
ATT-STU2026152-2026-09-16,STU2026152,ALG1-D,2026-09-16,Present,0,
ATT-STU2026152-2026-09-17,STU2026152,ALG1-D,2026-09-17,Present,0,
ATT-STU2026152-2026-09-18,STU2026152,ALG1-D,2026-09-18,Present,0,
ATT-STU2026152-2026-09-21,STU2026152,ALG1-D,2026-09-21,Tardy,10,
ATT-STU2026152-2026-09-22,STU2026152,ALG1-D,2026-09-22,Present,0,
ATT-STU2026152-2026-09-23,STU2026152,ALG1-D,2026-09-23,Present,0,
ATT-STU2026152-2026-09-24,STU2026152,ALG1-D,2026-09-24,Present,0,
ATT-STU2026152-2026-09-25,STU2026152,ALG1-D,2026-09-25,Present,0,
ATT-STU2026152-2026-09-28,STU2026152,ALG1-D,2026-09-28,Present,0,
ATT-STU2026152-2026-09-29,STU2026152,ALG1-D,2026-09-29,Present,0,
ATT-STU2026152-2026-09-30,STU2026152,ALG1-D,2026-09-30,Absent,0,No
ATT-STU2026152-2026-10-01,STU2026152,ALG1-D,2026-10-01,Present,0,
ATT-STU2026152-2026-10-02,STU2026152,ALG1-D,2026-10-02,Present,0,
ATT-STU2026152-2026-10-05,STU2026152,ALG1-D,2026-10-05,Present,0,
ATT-STU2026152-2026-10-06,STU2026152,ALG1-D,2026-10-06,Present,0,
ATT-STU2026152-2026-10-07,STU2026152,ALG1-D,2026-10-07,Present,0,
ATT-STU2026152-2026-10-08,STU2026152,ALG1-D,2026-10-08,Present,0,
ATT-STU2026152-2026-10-09,STU2026152,ALG1-D,2026-10-09,Present,0,
ATT-STU2026152-2026-10-12,STU2026152,ALG1-D,2026-10-12,Present,0,
ATT-STU2026152-2026-10-13,STU2026152,ALG1-D,2026-10-13,Present,0,
ATT-STU2026152-2026-10-14,STU2026152,ALG1-D,2026-10-14,Present,0,
ATT-STU2026152-2026-10-15,STU2026152,ALG1-D,2026-10-15,Present,0,
ATT-STU2026152-2026-10-16,STU2026152,ALG1-D,2026-10-16,Present,0,
ATT-STU2026152-2026-10-19,STU2026152,ALG1-D,2026-10-19,Present,0,
ATT-STU2026152-2026-10-20,STU2026152,ALG1-D,2026-10-20,Present,0,
ATT-STU2026152-2026-10-21,STU2026152,ALG1-D,2026-10-21,Present,0,
ATT-STU2026152-2026-10-22,STU2026152,ALG1-D,2026-10-22,Present,0,
ATT-STU2026152-2026-10-23,STU2026152,ALG1-D,2026-10-23,Present,0,
ATT-STU2026152-2026-10-26,STU2026152,ALG1-D,2026-10-26,Present,0,
ATT-STU2026152-2026-10-27,STU2026152,ALG1-D,2026-10-27,Present,0,
ATT-STU2026152-2026-10-28,STU2026152,ALG1-D,2026-10-28,Present,0,
ATT-STU2026152-2026-10-29,STU2026152,ALG1-D,2026-10-29,Present,0,
ATT-STU2026152-2026-10-30,STU2026152,ALG1-D,2026-10-30,Present,0,
ATT-STU2026152-2026-11-02,STU2026152,ALG1-D,2026-11-02,Present,0,
ATT-STU2026152-2026-11-03,STU2026152,ALG1-D,2026-11-03,Present,0,
ATT-STU2026152-2026-11-04,STU2026152,ALG1-D,2026-11-04,Present,0,
ATT-STU2026152-2026-11-05,STU2026152,ALG1-D,2026-11-05,Present,0,
ATT-STU2026152-2026-11-06,STU2026152,ALG1-D,2026-11-06,Absent,0,No
ATT-STU2026152-2026-11-09,STU2026152,ALG1-D,2026-11-09,Present,0,
ATT-STU2026153-2026-09-08,STU2026153,ALG1-D,2026-09-08,Tardy,3,
ATT-STU2026153-2026-09-09,STU2026153,ALG1-D,2026-09-09,Present,0,
ATT-STU2026153-2026-09-10,STU2026153,ALG1-D,2026-09-10,Present,0,
ATT-STU2026153-2026-09-11,STU2026153,ALG1-D,2026-09-11,Present,0,
ATT-STU2026153-2026-09-14,STU2026153,ALG1-D,2026-09-14,Present,0,
ATT-STU2026153-2026-09-15,STU2026153,ALG1-D,2026-09-15,Present,0,
ATT-STU2026153-2026-09-16,STU2026153,ALG1-D,2026-09-16,Present,0,
ATT-STU2026153-2026-09-17,STU2026153,ALG1-D,2026-09-17,Present,0,
ATT-STU2026153-2026-09-18,STU2026153,ALG1-D,2026-09-18,Present,0,
ATT-STU2026153-2026-09-21,STU2026153,ALG1-D,2026-09-21,Present,0,
ATT-STU2026153-2026-09-22,STU2026153,ALG1-D,2026-09-22,Present,0,
ATT-STU2026153-2026-09-23,STU2026153,ALG1-D,2026-09-23,Present,0,
ATT-STU2026153-2026-09-24,STU2026153,ALG1-D,2026-09-24,Present,0,
ATT-STU2026153-2026-09-25,STU2026153,ALG1-D,2026-09-25,Present,0,
ATT-STU2026153-2026-09-28,STU2026153,ALG1-D,2026-09-28,Present,0,
ATT-STU2026153-2026-09-29,STU2026153,ALG1-D,2026-09-29,Present,0,
ATT-STU2026153-2026-09-30,STU2026153,ALG1-D,2026-09-30,Tardy,10,
ATT-STU2026153-2026-10-01,STU2026153,ALG1-D,2026-10-01,Present,0,
ATT-STU2026153-2026-10-02,STU2026153,ALG1-D,2026-10-02,Present,0,
ATT-STU2026153-2026-10-05,STU2026153,ALG1-D,2026-10-05,Tardy,15,
ATT-STU2026153-2026-10-06,STU2026153,ALG1-D,2026-10-06,Present,0,
ATT-STU2026153-2026-10-07,STU2026153,ALG1-D,2026-10-07,Present,0,
ATT-STU2026153-2026-10-08,STU2026153,ALG1-D,2026-10-08,Absent,0,No
ATT-STU2026153-2026-10-09,STU2026153,ALG1-D,2026-10-09,Present,0,
ATT-STU2026153-2026-10-12,STU2026153,ALG1-D,2026-10-12,Present,0,
ATT-STU2026153-2026-10-13,STU2026153,ALG1-D,2026-10-13,Present,0,
ATT-STU2026153-2026-10-14,STU2026153,ALG1-D,2026-10-14,Absent,0,Yes
ATT-STU2026153-2026-10-15,STU2026153,ALG1-D,2026-10-15,Present,0,
ATT-STU2026153-2026-10-16,STU2026153,ALG1-D,2026-10-16,Present,0,
ATT-STU2026153-2026-10-19,STU2026153,ALG1-D,2026-10-19,Present,0,
ATT-STU2026153-2026-10-20,STU2026153,ALG1-D,2026-10-20,Present,0,
ATT-STU2026153-2026-10-21,STU2026153,ALG1-D,2026-10-21,Present,0,
ATT-STU2026153-2026-10-22,STU2026153,ALG1-D,2026-10-22,Present,0,
ATT-STU2026153-2026-10-23,STU2026153,ALG1-D,2026-10-23,Present,0,
ATT-STU2026153-2026-10-26,STU2026153,ALG1-D,2026-10-26,Present,0,
ATT-STU2026153-2026-10-27,STU2026153,ALG1-D,2026-10-27,Present,0,
ATT-STU2026153-2026-10-28,STU2026153,ALG1-D,2026-10-28,Present,0,
ATT-STU2026153-2026-10-29,STU2026153,ALG1-D,2026-10-29,Present,0,
ATT-STU2026153-2026-10-30,STU2026153,ALG1-D,2026-10-30,Present,0,
ATT-STU2026153-2026-11-02,STU2026153,ALG1-D,2026-11-02,Present,0,
ATT-STU2026153-2026-11-03,STU2026153,ALG1-D,2026-11-03,Present,0,
ATT-STU2026153-2026-11-04,STU2026153,ALG1-D,2026-11-04,Present,0,
ATT-STU2026153-2026-11-05,STU2026153,ALG1-D,2026-11-05,Present,0,
ATT-STU2026153-2026-11-06,STU2026153,ALG1-D,2026-11-06,Absent,0,No
ATT-STU2026153-2026-11-09,STU2026153,ALG1-D,2026-11-09,Present,0,
ATT-STU2026154-2026-09-08,STU2026154,ALG1-D,2026-09-08,Present,0,
ATT-STU2026154-2026-09-09,STU2026154,ALG1-D,2026-09-09,Present,0,
ATT-STU2026154-2026-09-10,STU2026154,ALG1-D,2026-09-10,Absent,0,No
ATT-STU2026154-2026-09-11,STU2026154,ALG1-D,2026-09-11,Present,0,
ATT-STU2026154-2026-09-14,STU2026154,ALG1-D,2026-09-14,Present,0,
ATT-STU2026154-2026-09-15,STU2026154,ALG1-D,2026-09-15,Present,0,
ATT-STU2026154-2026-09-16,STU2026154,ALG1-D,2026-09-16,Present,0,
ATT-STU2026154-2026-09-17,STU2026154,ALG1-D,2026-09-17,Present,0,
ATT-STU2026154-2026-09-18,STU2026154,ALG1-D,2026-09-18,Present,0,
ATT-STU2026154-2026-09-21,STU2026154,ALG1-D,2026-09-21,Present,0,
ATT-STU2026154-2026-09-22,STU2026154,ALG1-D,2026-09-22,Present,0,
ATT-STU2026154-2026-09-23,STU2026154,ALG1-D,2026-09-23,Present,0,
ATT-STU2026154-2026-09-24,STU2026154,ALG1-D,2026-09-24,Present,0,
ATT-STU2026154-2026-09-25,STU2026154,ALG1-D,2026-09-25,Present,0,
ATT-STU2026154-2026-09-28,STU2026154,ALG1-D,2026-09-28,Present,0,
ATT-STU2026154-2026-09-29,STU2026154,ALG1-D,2026-09-29,Present,0,
ATT-STU2026154-2026-09-30,STU2026154,ALG1-D,2026-09-30,Present,0,
ATT-STU2026154-2026-10-01,STU2026154,ALG1-D,2026-10-01,Present,0,
ATT-STU2026154-2026-10-02,STU2026154,ALG1-D,2026-10-02,Present,0,
ATT-STU2026154-2026-10-05,STU2026154,ALG1-D,2026-10-05,Present,0,
ATT-STU2026154-2026-10-06,STU2026154,ALG1-D,2026-10-06,Present,0,
ATT-STU2026154-2026-10-07,STU2026154,ALG1-D,2026-10-07,Present,0,
ATT-STU2026154-2026-10-08,STU2026154,ALG1-D,2026-10-08,Present,0,
ATT-STU2026154-2026-10-09,STU2026154,ALG1-D,2026-10-09,Present,0,
ATT-STU2026154-2026-10-12,STU2026154,ALG1-D,2026-10-12,Present,0,
ATT-STU2026154-2026-10-13,STU2026154,ALG1-D,2026-10-13,Present,0,
ATT-STU2026154-2026-10-14,STU2026154,ALG1-D,2026-10-14,Present,0,
ATT-STU2026154-2026-10-15,STU2026154,ALG1-D,2026-10-15,Absent,0,No
ATT-STU2026154-2026-10-16,STU2026154,ALG1-D,2026-10-16,Tardy,15,
ATT-STU2026154-2026-10-19,STU2026154,ALG1-D,2026-10-19,Present,0,
ATT-STU2026154-2026-10-20,STU2026154,ALG1-D,2026-10-20,Present,0,
ATT-STU2026154-2026-10-21,STU2026154,ALG1-D,2026-10-21,Present,0,
ATT-STU2026154-2026-10-22,STU2026154,ALG1-D,2026-10-22,Present,0,
ATT-STU2026154-2026-10-23,STU2026154,ALG1-D,2026-10-23,Present,0,
ATT-STU2026154-2026-10-26,STU2026154,ALG1-D,2026-10-26,Present,0,
ATT-STU2026154-2026-10-27,STU2026154,ALG1-D,2026-10-27,Absent,0,No
ATT-STU2026154-2026-10-28,STU2026154,ALG1-D,2026-10-28,Present,0,
ATT-STU2026154-2026-10-29,STU2026154,ALG1-D,2026-10-29,Present,0,
ATT-STU2026154-2026-10-30,STU2026154,ALG1-D,2026-10-30,Present,0,
ATT-STU2026154-2026-11-02,STU2026154,ALG1-D,2026-11-02,Present,0,
ATT-STU2026154-2026-11-03,STU2026154,ALG1-D,2026-11-03,Absent,0,No
ATT-STU2026154-2026-11-04,STU2026154,ALG1-D,2026-11-04,Present,0,
ATT-STU2026154-2026-11-05,STU2026154,ALG1-D,2026-11-05,Present,0,
ATT-STU2026154-2026-11-06,STU2026154,ALG1-D,2026-11-06,Present,0,
ATT-STU2026154-2026-11-09,STU2026154,ALG1-D,2026-11-09,Present,0,
ATT-STU2026155-2026-09-08,STU2026155,ALG1-D,2026-09-08,Present,0,
ATT-STU2026155-2026-09-09,STU2026155,ALG1-D,2026-09-09,Present,0,
ATT-STU2026155-2026-09-10,STU2026155,ALG1-D,2026-09-10,Present,0,
ATT-STU2026155-2026-09-11,STU2026155,ALG1-D,2026-09-11,Present,0,
ATT-STU2026155-2026-09-14,STU2026155,ALG1-D,2026-09-14,Present,0,
ATT-STU2026155-2026-09-15,STU2026155,ALG1-D,2026-09-15,Absent,0,No
ATT-STU2026155-2026-09-16,STU2026155,ALG1-D,2026-09-16,Absent,0,Yes
ATT-STU2026155-2026-09-17,STU2026155,ALG1-D,2026-09-17,Present,0,
ATT-STU2026155-2026-09-18,STU2026155,ALG1-D,2026-09-18,Present,0,
ATT-STU2026155-2026-09-21,STU2026155,ALG1-D,2026-09-21,Present,0,
ATT-STU2026155-2026-09-22,STU2026155,ALG1-D,2026-09-22,Present,0,
ATT-STU2026155-2026-09-23,STU2026155,ALG1-D,2026-09-23,Present,0,
ATT-STU2026155-2026-09-24,STU2026155,ALG1-D,2026-09-24,Present,0,
ATT-STU2026155-2026-09-25,STU2026155,ALG1-D,2026-09-25,Present,0,
ATT-STU2026155-2026-09-28,STU2026155,ALG1-D,2026-09-28,Present,0,
ATT-STU2026155-2026-09-29,STU2026155,ALG1-D,2026-09-29,Absent,0,No
ATT-STU2026155-2026-09-30,STU2026155,ALG1-D,2026-09-30,Present,0,
ATT-STU2026155-2026-10-01,STU2026155,ALG1-D,2026-10-01,Present,0,
ATT-STU2026155-2026-10-02,STU2026155,ALG1-D,2026-10-02,Present,0,
ATT-STU2026155-2026-10-05,STU2026155,ALG1-D,2026-10-05,Absent,0,Yes
ATT-STU2026155-2026-10-06,STU2026155,ALG1-D,2026-10-06,Present,0,
ATT-STU2026155-2026-10-07,STU2026155,ALG1-D,2026-10-07,Absent,0,No
ATT-STU2026155-2026-10-08,STU2026155,ALG1-D,2026-10-08,Present,0,
ATT-STU2026155-2026-10-09,STU2026155,ALG1-D,2026-10-09,Present,0,
ATT-STU2026155-2026-10-12,STU2026155,ALG1-D,2026-10-12,Tardy,5,
ATT-STU2026155-2026-10-13,STU2026155,ALG1-D,2026-10-13,Absent,0,No
ATT-STU2026155-2026-10-14,STU2026155,ALG1-D,2026-10-14,Present,0,
ATT-STU2026155-2026-10-15,STU2026155,ALG1-D,2026-10-15,Present,0,
ATT-STU2026155-2026-10-16,STU2026155,ALG1-D,2026-10-16,Present,0,
ATT-STU2026155-2026-10-19,STU2026155,ALG1-D,2026-10-19,Present,0,
ATT-STU2026155-2026-10-20,STU2026155,ALG1-D,2026-10-20,Present,0,
ATT-STU2026155-2026-10-21,STU2026155,ALG1-D,2026-10-21,Present,0,
ATT-STU2026155-2026-10-22,STU2026155,ALG1-D,2026-10-22,Tardy,10,
ATT-STU2026155-2026-10-23,STU2026155,ALG1-D,2026-10-23,Absent,0,No
ATT-STU2026155-2026-10-26,STU2026155,ALG1-D,2026-10-26,Present,0,
ATT-STU2026155-2026-10-27,STU2026155,ALG1-D,2026-10-27,Present,0,
ATT-STU2026155-2026-10-28,STU2026155,ALG1-D,2026-10-28,Present,0,
ATT-STU2026155-2026-10-29,STU2026155,ALG1-D,2026-10-29,Present,0,
ATT-STU2026155-2026-10-30,STU2026155,ALG1-D,2026-10-30,Absent,0,No
ATT-STU2026155-2026-11-02,STU2026155,ALG1-D,2026-11-02,Present,0,
ATT-STU2026155-2026-11-03,STU2026155,ALG1-D,2026-11-03,Present,0,
ATT-STU2026155-2026-11-04,STU2026155,ALG1-D,2026-11-04,Absent,0,No
ATT-STU2026155-2026-11-05,STU2026155,ALG1-D,2026-11-05,Present,0,
ATT-STU2026155-2026-11-06,STU2026155,ALG1-D,2026-11-06,Present,0,
ATT-STU2026155-2026-11-09,STU2026155,ALG1-D,2026-11-09,Tardy,5,
ATT-STU2026156-2026-09-08,STU2026156,ALG1-D,2026-09-08,Present,0,
ATT-STU2026156-2026-09-09,STU2026156,ALG1-D,2026-09-09,Present,0,
ATT-STU2026156-2026-09-10,STU2026156,ALG1-D,2026-09-10,Tardy,15,
ATT-STU2026156-2026-09-11,STU2026156,ALG1-D,2026-09-11,Present,0,
ATT-STU2026156-2026-09-14,STU2026156,ALG1-D,2026-09-14,Present,0,
ATT-STU2026156-2026-09-15,STU2026156,ALG1-D,2026-09-15,Present,0,
ATT-STU2026156-2026-09-16,STU2026156,ALG1-D,2026-09-16,Tardy,10,
ATT-STU2026156-2026-09-17,STU2026156,ALG1-D,2026-09-17,Present,0,
ATT-STU2026156-2026-09-18,STU2026156,ALG1-D,2026-09-18,Present,0,
ATT-STU2026156-2026-09-21,STU2026156,ALG1-D,2026-09-21,Present,0,
ATT-STU2026156-2026-09-22,STU2026156,ALG1-D,2026-09-22,Present,0,
ATT-STU2026156-2026-09-23,STU2026156,ALG1-D,2026-09-23,Present,0,
ATT-STU2026156-2026-09-24,STU2026156,ALG1-D,2026-09-24,Present,0,
ATT-STU2026156-2026-09-25,STU2026156,ALG1-D,2026-09-25,Absent,0,No
ATT-STU2026156-2026-09-28,STU2026156,ALG1-D,2026-09-28,Present,0,
ATT-STU2026156-2026-09-29,STU2026156,ALG1-D,2026-09-29,Present,0,
ATT-STU2026156-2026-09-30,STU2026156,ALG1-D,2026-09-30,Present,0,
ATT-STU2026156-2026-10-01,STU2026156,ALG1-D,2026-10-01,Present,0,
ATT-STU2026156-2026-10-02,STU2026156,ALG1-D,2026-10-02,Present,0,
ATT-STU2026156-2026-10-05,STU2026156,ALG1-D,2026-10-05,Present,0,
ATT-STU2026156-2026-10-06,STU2026156,ALG1-D,2026-10-06,Present,0,
ATT-STU2026156-2026-10-07,STU2026156,ALG1-D,2026-10-07,Present,0,
ATT-STU2026156-2026-10-08,STU2026156,ALG1-D,2026-10-08,Present,0,
ATT-STU2026156-2026-10-09,STU2026156,ALG1-D,2026-10-09,Present,0,
ATT-STU2026156-2026-10-12,STU2026156,ALG1-D,2026-10-12,Present,0,
ATT-STU2026156-2026-10-13,STU2026156,ALG1-D,2026-10-13,Present,0,
ATT-STU2026156-2026-10-14,STU2026156,ALG1-D,2026-10-14,Present,0,
ATT-STU2026156-2026-10-15,STU2026156,ALG1-D,2026-10-15,Present,0,
ATT-STU2026156-2026-10-16,STU2026156,ALG1-D,2026-10-16,Present,0,
ATT-STU2026156-2026-10-19,STU2026156,ALG1-D,2026-10-19,Present,0,
ATT-STU2026156-2026-10-20,STU2026156,ALG1-D,2026-10-20,Present,0,
ATT-STU2026156-2026-10-21,STU2026156,ALG1-D,2026-10-21,Present,0,
ATT-STU2026156-2026-10-22,STU2026156,ALG1-D,2026-10-22,Tardy,5,
ATT-STU2026156-2026-10-23,STU2026156,ALG1-D,2026-10-23,Present,0,
ATT-STU2026156-2026-10-26,STU2026156,ALG1-D,2026-10-26,Present,0,
ATT-STU2026156-2026-10-27,STU2026156,ALG1-D,2026-10-27,Present,0,
ATT-STU2026156-2026-10-28,STU2026156,ALG1-D,2026-10-28,Present,0,
ATT-STU2026156-2026-10-29,STU2026156,ALG1-D,2026-10-29,Present,0,
ATT-STU2026156-2026-10-30,STU2026156,ALG1-D,2026-10-30,Present,0,
ATT-STU2026156-2026-11-02,STU2026156,ALG1-D,2026-11-02,Present,0,
ATT-STU2026156-2026-11-03,STU2026156,ALG1-D,2026-11-03,Present,0,
ATT-STU2026156-2026-11-04,STU2026156,ALG1-D,2026-11-04,Present,0,
ATT-STU2026156-2026-11-05,STU2026156,ALG1-D,2026-11-05,Tardy,3,
ATT-STU2026156-2026-11-06,STU2026156,ALG1-D,2026-11-06,Present,0,
ATT-STU2026156-2026-11-09,STU2026156,ALG1-D,2026-11-09,Present,0,
ATT-STU2026157-2026-09-08,STU2026157,ALG1-D,2026-09-08,Present,0,
ATT-STU2026157-2026-09-09,STU2026157,ALG1-D,2026-09-09,Present,0,
ATT-STU2026157-2026-09-10,STU2026157,ALG1-D,2026-09-10,Present,0,
ATT-STU2026157-2026-09-11,STU2026157,ALG1-D,2026-09-11,Present,0,
ATT-STU2026157-2026-09-14,STU2026157,ALG1-D,2026-09-14,Present,0,
ATT-STU2026157-2026-09-15,STU2026157,ALG1-D,2026-09-15,Present,0,
ATT-STU2026157-2026-09-16,STU2026157,ALG1-D,2026-09-16,Present,0,
ATT-STU2026157-2026-09-17,STU2026157,ALG1-D,2026-09-17,Present,0,
ATT-STU2026157-2026-09-18,STU2026157,ALG1-D,2026-09-18,Present,0,
ATT-STU2026157-2026-09-21,STU2026157,ALG1-D,2026-09-21,Present,0,
ATT-STU2026157-2026-09-22,STU2026157,ALG1-D,2026-09-22,Present,0,
ATT-STU2026157-2026-09-23,STU2026157,ALG1-D,2026-09-23,Present,0,
ATT-STU2026157-2026-09-24,STU2026157,ALG1-D,2026-09-24,Present,0,
ATT-STU2026157-2026-09-25,STU2026157,ALG1-D,2026-09-25,Present,0,
ATT-STU2026157-2026-09-28,STU2026157,ALG1-D,2026-09-28,Tardy,7,
ATT-STU2026157-2026-09-29,STU2026157,ALG1-D,2026-09-29,Present,0,
ATT-STU2026157-2026-09-30,STU2026157,ALG1-D,2026-09-30,Present,0,
ATT-STU2026157-2026-10-01,STU2026157,ALG1-D,2026-10-01,Present,0,
ATT-STU2026157-2026-10-02,STU2026157,ALG1-D,2026-10-02,Tardy,10,
ATT-STU2026157-2026-10-05,STU2026157,ALG1-D,2026-10-05,Present,0,
ATT-STU2026157-2026-10-06,STU2026157,ALG1-D,2026-10-06,Present,0,
ATT-STU2026157-2026-10-07,STU2026157,ALG1-D,2026-10-07,Present,0,
ATT-STU2026157-2026-10-08,STU2026157,ALG1-D,2026-10-08,Present,0,
ATT-STU2026157-2026-10-09,STU2026157,ALG1-D,2026-10-09,Present,0,
ATT-STU2026157-2026-10-12,STU2026157,ALG1-D,2026-10-12,Present,0,
ATT-STU2026157-2026-10-13,STU2026157,ALG1-D,2026-10-13,Present,0,
ATT-STU2026157-2026-10-14,STU2026157,ALG1-D,2026-10-14,Present,0,
ATT-STU2026157-2026-10-15,STU2026157,ALG1-D,2026-10-15,Present,0,
ATT-STU2026157-2026-10-16,STU2026157,ALG1-D,2026-10-16,Present,0,
ATT-STU2026157-2026-10-19,STU2026157,ALG1-D,2026-10-19,Present,0,
ATT-STU2026157-2026-10-20,STU2026157,ALG1-D,2026-10-20,Present,0,
ATT-STU2026157-2026-10-21,STU2026157,ALG1-D,2026-10-21,Present,0,
ATT-STU2026157-2026-10-22,STU2026157,ALG1-D,2026-10-22,Present,0,
ATT-STU2026157-2026-10-23,STU2026157,ALG1-D,2026-10-23,Present,0,
ATT-STU2026157-2026-10-26,STU2026157,ALG1-D,2026-10-26,Absent,0,No
ATT-STU2026157-2026-10-27,STU2026157,ALG1-D,2026-10-27,Present,0,
ATT-STU2026157-2026-10-28,STU2026157,ALG1-D,2026-10-28,Present,0,
ATT-STU2026157-2026-10-29,STU2026157,ALG1-D,2026-10-29,Present,0,
ATT-STU2026157-2026-10-30,STU2026157,ALG1-D,2026-10-30,Present,0,
ATT-STU2026157-2026-11-02,STU2026157,ALG1-D,2026-11-02,Present,0,
ATT-STU2026157-2026-11-03,STU2026157,ALG1-D,2026-11-03,Present,0,
ATT-STU2026157-2026-11-04,STU2026157,ALG1-D,2026-11-04,Present,0,
ATT-STU2026157-2026-11-05,STU2026157,ALG1-D,2026-11-05,Present,0,
ATT-STU2026157-2026-11-06,STU2026157,ALG1-D,2026-11-06,Present,0,
ATT-STU2026157-2026-11-09,STU2026157,ALG1-D,2026-11-09,Tardy,10,
ATT-STU2026158-2026-09-08,STU2026158,ALG1-D,2026-09-08,Present,0,
ATT-STU2026158-2026-09-09,STU2026158,ALG1-D,2026-09-09,Present,0,
ATT-STU2026158-2026-09-10,STU2026158,ALG1-D,2026-09-10,Absent,0,No
ATT-STU2026158-2026-09-11,STU2026158,ALG1-D,2026-09-11,Present,0,
ATT-STU2026158-2026-09-14,STU2026158,ALG1-D,2026-09-14,Present,0,
ATT-STU2026158-2026-09-15,STU2026158,ALG1-D,2026-09-15,Present,0,
ATT-STU2026158-2026-09-16,STU2026158,ALG1-D,2026-09-16,Present,0,
ATT-STU2026158-2026-09-17,STU2026158,ALG1-D,2026-09-17,Present,0,
ATT-STU2026158-2026-09-18,STU2026158,ALG1-D,2026-09-18,Present,0,
ATT-STU2026158-2026-09-21,STU2026158,ALG1-D,2026-09-21,Absent,0,Yes
ATT-STU2026158-2026-09-22,STU2026158,ALG1-D,2026-09-22,Present,0,
ATT-STU2026158-2026-09-23,STU2026158,ALG1-D,2026-09-23,Tardy,15,
ATT-STU2026158-2026-09-24,STU2026158,ALG1-D,2026-09-24,Present,0,
ATT-STU2026158-2026-09-25,STU2026158,ALG1-D,2026-09-25,Present,0,
ATT-STU2026158-2026-09-28,STU2026158,ALG1-D,2026-09-28,Absent,0,No
ATT-STU2026158-2026-09-29,STU2026158,ALG1-D,2026-09-29,Present,0,
ATT-STU2026158-2026-09-30,STU2026158,ALG1-D,2026-09-30,Present,0,
ATT-STU2026158-2026-10-01,STU2026158,ALG1-D,2026-10-01,Present,0,
ATT-STU2026158-2026-10-02,STU2026158,ALG1-D,2026-10-02,Present,0,
ATT-STU2026158-2026-10-05,STU2026158,ALG1-D,2026-10-05,Present,0,
ATT-STU2026158-2026-10-06,STU2026158,ALG1-D,2026-10-06,Present,0,
ATT-STU2026158-2026-10-07,STU2026158,ALG1-D,2026-10-07,Absent,0,No
ATT-STU2026158-2026-10-08,STU2026158,ALG1-D,2026-10-08,Absent,0,No
ATT-STU2026158-2026-10-09,STU2026158,ALG1-D,2026-10-09,Absent,0,No
ATT-STU2026158-2026-10-12,STU2026158,ALG1-D,2026-10-12,Present,0,
ATT-STU2026158-2026-10-13,STU2026158,ALG1-D,2026-10-13,Present,0,
ATT-STU2026158-2026-10-14,STU2026158,ALG1-D,2026-10-14,Present,0,
ATT-STU2026158-2026-10-15,STU2026158,ALG1-D,2026-10-15,Present,0,
ATT-STU2026158-2026-10-16,STU2026158,ALG1-D,2026-10-16,Present,0,
ATT-STU2026158-2026-10-19,STU2026158,ALG1-D,2026-10-19,Present,0,
ATT-STU2026158-2026-10-20,STU2026158,ALG1-D,2026-10-20,Present,0,
ATT-STU2026158-2026-10-21,STU2026158,ALG1-D,2026-10-21,Present,0,
ATT-STU2026158-2026-10-22,STU2026158,ALG1-D,2026-10-22,Present,0,
ATT-STU2026158-2026-10-23,STU2026158,ALG1-D,2026-10-23,Present,0,
ATT-STU2026158-2026-10-26,STU2026158,ALG1-D,2026-10-26,Present,0,
ATT-STU2026158-2026-10-27,STU2026158,ALG1-D,2026-10-27,Present,0,
ATT-STU2026158-2026-10-28,STU2026158,ALG1-D,2026-10-28,Present,0,
ATT-STU2026158-2026-10-29,STU2026158,ALG1-D,2026-10-29,Present,0,
ATT-STU2026158-2026-10-30,STU2026158,ALG1-D,2026-10-30,Present,0,
ATT-STU2026158-2026-11-02,STU2026158,ALG1-D,2026-11-02,Present,0,
ATT-STU2026158-2026-11-03,STU2026158,ALG1-D,2026-11-03,Present,0,
ATT-STU2026158-2026-11-04,STU2026158,ALG1-D,2026-11-04,Present,0,
ATT-STU2026158-2026-11-05,STU2026158,ALG1-D,2026-11-05,Present,0,
ATT-STU2026158-2026-11-06,STU2026158,ALG1-D,2026-11-06,Present,0,
ATT-STU2026158-2026-11-09,STU2026158,ALG1-D,2026-11-09,Present,0,
ATT-STU2026159-2026-09-08,STU2026159,ALG1-D,2026-09-08,Present,0,
ATT-STU2026159-2026-09-09,STU2026159,ALG1-D,2026-09-09,Present,0,
ATT-STU2026159-2026-09-10,STU2026159,ALG1-D,2026-09-10,Present,0,
ATT-STU2026159-2026-09-11,STU2026159,ALG1-D,2026-09-11,Present,0,
ATT-STU2026159-2026-09-14,STU2026159,ALG1-D,2026-09-14,Present,0,
ATT-STU2026159-2026-09-15,STU2026159,ALG1-D,2026-09-15,Present,0,
ATT-STU2026159-2026-09-16,STU2026159,ALG1-D,2026-09-16,Present,0,
ATT-STU2026159-2026-09-17,STU2026159,ALG1-D,2026-09-17,Present,0,
ATT-STU2026159-2026-09-18,STU2026159,ALG1-D,2026-09-18,Present,0,
ATT-STU2026159-2026-09-21,STU2026159,ALG1-D,2026-09-21,Absent,0,No
ATT-STU2026159-2026-09-22,STU2026159,ALG1-D,2026-09-22,Present,0,
ATT-STU2026159-2026-09-23,STU2026159,ALG1-D,2026-09-23,Tardy,5,
ATT-STU2026159-2026-09-24,STU2026159,ALG1-D,2026-09-24,Present,0,
ATT-STU2026159-2026-09-25,STU2026159,ALG1-D,2026-09-25,Present,0,
ATT-STU2026159-2026-09-28,STU2026159,ALG1-D,2026-09-28,Present,0,
ATT-STU2026159-2026-09-29,STU2026159,ALG1-D,2026-09-29,Present,0,
ATT-STU2026159-2026-09-30,STU2026159,ALG1-D,2026-09-30,Present,0,
ATT-STU2026159-2026-10-01,STU2026159,ALG1-D,2026-10-01,Present,0,
ATT-STU2026159-2026-10-02,STU2026159,ALG1-D,2026-10-02,Present,0,
ATT-STU2026159-2026-10-05,STU2026159,ALG1-D,2026-10-05,Present,0,
ATT-STU2026159-2026-10-06,STU2026159,ALG1-D,2026-10-06,Present,0,
ATT-STU2026159-2026-10-07,STU2026159,ALG1-D,2026-10-07,Absent,0,No
ATT-STU2026159-2026-10-08,STU2026159,ALG1-D,2026-10-08,Present,0,
ATT-STU2026159-2026-10-09,STU2026159,ALG1-D,2026-10-09,Present,0,
ATT-STU2026159-2026-10-12,STU2026159,ALG1-D,2026-10-12,Present,0,
ATT-STU2026159-2026-10-13,STU2026159,ALG1-D,2026-10-13,Present,0,
ATT-STU2026159-2026-10-14,STU2026159,ALG1-D,2026-10-14,Present,0,
ATT-STU2026159-2026-10-15,STU2026159,ALG1-D,2026-10-15,Present,0,
ATT-STU2026159-2026-10-16,STU2026159,ALG1-D,2026-10-16,Present,0,
ATT-STU2026159-2026-10-19,STU2026159,ALG1-D,2026-10-19,Present,0,
ATT-STU2026159-2026-10-20,STU2026159,ALG1-D,2026-10-20,Present,0,
ATT-STU2026159-2026-10-21,STU2026159,ALG1-D,2026-10-21,Absent,0,No
ATT-STU2026159-2026-10-22,STU2026159,ALG1-D,2026-10-22,Present,0,
ATT-STU2026159-2026-10-23,STU2026159,ALG1-D,2026-10-23,Present,0,
ATT-STU2026159-2026-10-26,STU2026159,ALG1-D,2026-10-26,Present,0,
ATT-STU2026159-2026-10-27,STU2026159,ALG1-D,2026-10-27,Present,0,
ATT-STU2026159-2026-10-28,STU2026159,ALG1-D,2026-10-28,Present,0,
ATT-STU2026159-2026-10-29,STU2026159,ALG1-D,2026-10-29,Present,0,
ATT-STU2026159-2026-10-30,STU2026159,ALG1-D,2026-10-30,Present,0,
ATT-STU2026159-2026-11-02,STU2026159,ALG1-D,2026-11-02,Absent,0,Yes
ATT-STU2026159-2026-11-03,STU2026159,ALG1-D,2026-11-03,Present,0,
ATT-STU2026159-2026-11-04,STU2026159,ALG1-D,2026-11-04,Present,0,
ATT-STU2026159-2026-11-05,STU2026159,ALG1-D,2026-11-05,Present,0,
ATT-STU2026159-2026-11-06,STU2026159,ALG1-D,2026-11-06,Present,0,
ATT-STU2026159-2026-11-09,STU2026159,ALG1-D,2026-11-09,Present,0,
ATT-STU2026160-2026-09-08,STU2026160,ALG1-D,2026-09-08,Present,0,
ATT-STU2026160-2026-09-09,STU2026160,ALG1-D,2026-09-09,Present,0,
ATT-STU2026160-2026-09-10,STU2026160,ALG1-D,2026-09-10,Absent,0,No
ATT-STU2026160-2026-09-11,STU2026160,ALG1-D,2026-09-11,Present,0,
ATT-STU2026160-2026-09-14,STU2026160,ALG1-D,2026-09-14,Absent,0,Yes
ATT-STU2026160-2026-09-15,STU2026160,ALG1-D,2026-09-15,Present,0,
ATT-STU2026160-2026-09-16,STU2026160,ALG1-D,2026-09-16,Present,0,
ATT-STU2026160-2026-09-17,STU2026160,ALG1-D,2026-09-17,Present,0,
ATT-STU2026160-2026-09-18,STU2026160,ALG1-D,2026-09-18,Present,0,
ATT-STU2026160-2026-09-21,STU2026160,ALG1-D,2026-09-21,Present,0,
ATT-STU2026160-2026-09-22,STU2026160,ALG1-D,2026-09-22,Present,0,
ATT-STU2026160-2026-09-23,STU2026160,ALG1-D,2026-09-23,Tardy,10,
ATT-STU2026160-2026-09-24,STU2026160,ALG1-D,2026-09-24,Present,0,
ATT-STU2026160-2026-09-25,STU2026160,ALG1-D,2026-09-25,Present,0,
ATT-STU2026160-2026-09-28,STU2026160,ALG1-D,2026-09-28,Present,0,
ATT-STU2026160-2026-09-29,STU2026160,ALG1-D,2026-09-29,Tardy,5,
ATT-STU2026160-2026-09-30,STU2026160,ALG1-D,2026-09-30,Tardy,10,
ATT-STU2026160-2026-10-01,STU2026160,ALG1-D,2026-10-01,Present,0,
ATT-STU2026160-2026-10-02,STU2026160,ALG1-D,2026-10-02,Present,0,
ATT-STU2026160-2026-10-05,STU2026160,ALG1-D,2026-10-05,Present,0,
ATT-STU2026160-2026-10-06,STU2026160,ALG1-D,2026-10-06,Present,0,
ATT-STU2026160-2026-10-07,STU2026160,ALG1-D,2026-10-07,Present,0,
ATT-STU2026160-2026-10-08,STU2026160,ALG1-D,2026-10-08,Present,0,
ATT-STU2026160-2026-10-09,STU2026160,ALG1-D,2026-10-09,Present,0,
ATT-STU2026160-2026-10-12,STU2026160,ALG1-D,2026-10-12,Present,0,
ATT-STU2026160-2026-10-13,STU2026160,ALG1-D,2026-10-13,Present,0,
ATT-STU2026160-2026-10-14,STU2026160,ALG1-D,2026-10-14,Present,0,
ATT-STU2026160-2026-10-15,STU2026160,ALG1-D,2026-10-15,Present,0,
ATT-STU2026160-2026-10-16,STU2026160,ALG1-D,2026-10-16,Present,0,
ATT-STU2026160-2026-10-19,STU2026160,ALG1-D,2026-10-19,Tardy,5,
ATT-STU2026160-2026-10-20,STU2026160,ALG1-D,2026-10-20,Present,0,
ATT-STU2026160-2026-10-21,STU2026160,ALG1-D,2026-10-21,Present,0,
ATT-STU2026160-2026-10-22,STU2026160,ALG1-D,2026-10-22,Present,0,
ATT-STU2026160-2026-10-23,STU2026160,ALG1-D,2026-10-23,Present,0,
ATT-STU2026160-2026-10-26,STU2026160,ALG1-D,2026-10-26,Present,0,
ATT-STU2026160-2026-10-27,STU2026160,ALG1-D,2026-10-27,Present,0,
ATT-STU2026160-2026-10-28,STU2026160,ALG1-D,2026-10-28,Present,0,
ATT-STU2026160-2026-10-29,STU2026160,ALG1-D,2026-10-29,Absent,0,No
ATT-STU2026160-2026-10-30,STU2026160,ALG1-D,2026-10-30,Present,0,
ATT-STU2026160-2026-11-02,STU2026160,ALG1-D,2026-11-02,Present,0,
ATT-STU2026160-2026-11-03,STU2026160,ALG1-D,2026-11-03,Present,0,
ATT-STU2026160-2026-11-04,STU2026160,ALG1-D,2026-11-04,Present,0,
ATT-STU2026160-2026-11-05,STU2026160,ALG1-D,2026-11-05,Present,0,
ATT-STU2026160-2026-11-06,STU2026160,ALG1-D,2026-11-06,Present,0,
ATT-STU2026160-2026-11-09,STU2026160,ALG1-D,2026-11-09,Present,0,
